ISO-10303-21;
HEADER;
FILE_DESCRIPTION((''),'2;1');
FILE_NAME('T-BEAM_V7_BACK-18650_SERIAL_CON','2026-07-31T11:05:22',('555ja'),
(''),'CREO PARAMETRIC BY PTC INC, 2023073',
'CREO PARAMETRIC BY PTC INC, 2023073','');
FILE_SCHEMA(('CONFIG_CONTROL_DESIGN'));
ENDSEC;
DATA;
#1=CARTESIAN_POINT('',(1.846957646805E2,-5.612702888721E1,4.751177229423E-11));
#2=DIRECTION('',(0.E0,0.E0,1.E0));
#3=DIRECTION('',(0.E0,-1.E0,0.E0));
#4=AXIS2_PLACEMENT_3D('',#1,#2,#3);
#6=CARTESIAN_POINT('',(1.846957646805E2,-5.612702888721E1,4.751177229423E-11));
#7=DIRECTION('',(0.E0,0.E0,1.E0));
#8=DIRECTION('',(0.E0,1.E0,0.E0));
#9=AXIS2_PLACEMENT_3D('',#6,#7,#8);
#11=CARTESIAN_POINT('',(1.846957646805E2,5.401888669046E1,4.751177229423E-11));
#12=DIRECTION('',(0.E0,0.E0,-1.E0));
#13=DIRECTION('',(0.E0,1.E0,0.E0));
#14=AXIS2_PLACEMENT_3D('',#11,#12,#13);
#16=CARTESIAN_POINT('',(1.846957646805E2,5.401888669046E1,4.751177229423E-11));
#17=DIRECTION('',(0.E0,0.E0,-1.E0));
#18=DIRECTION('',(0.E0,-1.E0,0.E0));
#19=AXIS2_PLACEMENT_3D('',#16,#17,#18);
#21=CARTESIAN_POINT('',(2.249651288822E2,-5.612702888721E1,4.751177229423E-11));
#22=DIRECTION('',(0.E0,0.E0,-1.E0));
#23=DIRECTION('',(0.E0,-1.E0,0.E0));
#24=AXIS2_PLACEMENT_3D('',#21,#22,#23);
#26=CARTESIAN_POINT('',(2.249651288822E2,-5.612702888721E1,4.751177229423E-11));
#27=DIRECTION('',(0.E0,0.E0,-1.E0));
#28=DIRECTION('',(0.E0,1.E0,0.E0));
#29=AXIS2_PLACEMENT_3D('',#26,#27,#28);
#31=CARTESIAN_POINT('',(2.249651288822E2,5.401888669046E1,4.751177229423E-11));
#32=DIRECTION('',(0.E0,0.E0,1.E0));
#33=DIRECTION('',(0.E0,1.E0,0.E0));
#34=AXIS2_PLACEMENT_3D('',#31,#32,#33);
#36=CARTESIAN_POINT('',(2.249651288822E2,5.401888669046E1,4.751177229423E-11));
#37=DIRECTION('',(0.E0,0.E0,1.E0));
#38=DIRECTION('',(0.E0,-1.E0,0.E0));
#39=AXIS2_PLACEMENT_3D('',#36,#37,#38);
#41=CARTESIAN_POINT('',(2.208273994327E2,5.426522689873E1,4.751399274028E-11));
#42=DIRECTION('',(0.E0,0.E0,-1.E0));
#43=DIRECTION('',(-2.682814425554E-1,-9.633405771483E-1,0.E0));
#44=AXIS2_PLACEMENT_3D('',#41,#42,#43);
#46=CARTESIAN_POINT('',(2.197274455183E2,5.031553053242E1,4.751166127193E-11));
#47=DIRECTION('',(0.E0,0.E0,-1.E0));
#48=DIRECTION('',(2.682814425545E-1,9.633405771485E-1,0.E0));
#49=AXIS2_PLACEMENT_3D('',#46,#47,#48);
#51=DIRECTION('',(0.E0,-1.E0,0.E0));
#52=VECTOR('',#51,1.506960163080E1);
#53=CARTESIAN_POINT('',(2.217274455183E2,5.031553053242E1,4.751166127193E-11));
#54=LINE('',#53,#52);
#55=CARTESIAN_POINT('',(2.202201282155E2,3.297785837872E1,5.697081991348E-9));
#56=CARTESIAN_POINT('',(2.202201281730E2,3.307334724546E1,5.697081991348E-9));
#57=CARTESIAN_POINT('',(2.202491632617E2,3.326122620062E1,-2.575173169901E-9));
#58=CARTESIAN_POINT('',(2.203804610140E2,3.354091308914E1,7.525530752643E-10));
#59=CARTESIAN_POINT('',(2.206089764788E2,3.379699098570E1,-1.499691635243E-10));
#60=CARTESIAN_POINT('',(2.208060745724E2,3.392442457155E1,3.827264313490E-11));
#61=CARTESIAN_POINT('',(2.209187361296E2,3.397692116294E1,3.827264313490E-11));
#63=DIRECTION('',(-3.784518789695E-10,-1.E0,-6.362066909883E-11));
#64=VECTOR('',#63,8.880086024029E1);
#65=CARTESIAN_POINT('',(2.202201282155E2,3.297785837872E1,5.697081991348E-9));
#66=LINE('',#65,#64);
#67=DIRECTION('',(0.E0,-1.E0,0.E0));
#68=VECTOR('',#67,9.996893076320E1);
#69=CARTESIAN_POINT('',(1.894407653809E2,4.414592890162E1,4.751184630910E-11));
#70=LINE('',#69,#68);
#71=DIRECTION('',(1.E0,0.E0,0.E0));
#72=VECTOR('',#71,7.897676305447E0);
#73=CARTESIAN_POINT('',(1.894407653809E2,4.414592890162E1,4.751184630910E-11));
#74=LINE('',#73,#72);
#75=DIRECTION('',(0.E0,1.E0,0.E0));
#76=VECTOR('',#75,1.008419086514E0);
#77=CARTESIAN_POINT('',(1.973384416863E2,4.414592890162E1,4.751166127193E-11));
#78=LINE('',#77,#76);
#79=DIRECTION('',(-1.E0,0.E0,0.E0));
#80=VECTOR('',#79,1.988107712354E0);
#81=CARTESIAN_POINT('',(1.973384416863E2,4.515434798814E1,4.751166127193E-11));
#82=LINE('',#81,#80);
#83=DIRECTION('',(0.E0,1.E0,0.E0));
#84=VECTOR('',#83,7.161182544283E0);
#85=CARTESIAN_POINT('',(1.953503339740E2,4.515434798814E1,4.751166127193E-11));
#86=LINE('',#85,#84);
#87=DIRECTION('',(0.E0,1.E0,0.E0));
#88=VECTOR('',#87,3.303983692031E-1);
#89=CARTESIAN_POINT('',(2.083380918580E2,5.231553053242E1,4.751166127193E-11));
#90=LINE('',#89,#88);
#91=DIRECTION('',(1.E0,0.E0,0.E0));
#92=VECTOR('',#91,8.845848856178E0);
#93=CARTESIAN_POINT('',(2.093380918580E2,5.364592890162E1,4.751125419015E-11));
#94=LINE('',#93,#92);
#95=CARTESIAN_POINT('',(1.831575386557E2,4.548783797961E1,4.751177229423E-11));
#96=DIRECTION('',(0.E0,0.E0,-1.E0));
#97=DIRECTION('',(-3.850708509887E-1,-9.228870135173E-1,0.E0));
#98=AXIS2_PLACEMENT_3D('',#95,#96,#97);
#100=CARTESIAN_POINT('',(1.831575386557E2,4.297728042859E1,4.751177229423E-11));
#101=DIRECTION('',(0.E0,0.E0,-1.E0));
#102=DIRECTION('',(-9.756843503100E-1,2.191804018615E-1,0.E0));
#103=AXIS2_PLACEMENT_3D('',#100,#101,#102);
#105=DIRECTION('',(0.E0,-1.E0,0.E0));
#106=VECTOR('',#105,4.065922872975E0);
#107=CARTESIAN_POINT('',(1.818304467814E2,4.327540197807E1,4.751167977564E-11));
#108=LINE('',#107,#106);
#109=CARTESIAN_POINT('',(1.831575386557E2,3.950760065458E1,4.751177229423E-11));
#110=DIRECTION('',(0.E0,0.E0,-1.E0));
#111=DIRECTION('',(-3.850708509887E-1,-9.228870135173E-1,0.E0));
#112=AXIS2_PLACEMENT_3D('',#109,#110,#111);
#114=CARTESIAN_POINT('',(1.831575386557E2,3.699704310356E1,4.751177229423E-11));
#115=DIRECTION('',(0.E0,0.E0,-1.E0));
#116=DIRECTION('',(-9.756843503100E-1,2.191804018615E-1,0.E0));
#117=AXIS2_PLACEMENT_3D('',#114,#115,#116);
#119=DIRECTION('',(0.E0,-1.E0,0.E0));
#120=VECTOR('',#119,4.065922872975E0);
#121=CARTESIAN_POINT('',(1.818304467814E2,3.729516465304E1,4.751167977564E-11));
#122=LINE('',#121,#120);
#123=CARTESIAN_POINT('',(1.831575386557E2,3.352736332954E1,4.751177229423E-11));
#124=DIRECTION('',(0.E0,0.E0,-1.E0));
#125=DIRECTION('',(-3.850708509887E-1,-9.228870135173E-1,0.E0));
#126=AXIS2_PLACEMENT_3D('',#123,#124,#125);
#128=CARTESIAN_POINT('',(1.831575386557E2,3.101680577853E1,4.751177229423E-11));
#129=DIRECTION('',(0.E0,0.E0,-1.E0));
#130=DIRECTION('',(-9.756843503100E-1,2.191804018615E-1,0.E0));
#131=AXIS2_PLACEMENT_3D('',#128,#129,#130);
#133=DIRECTION('',(0.E0,-1.E0,0.E0));
#134=VECTOR('',#133,4.065922872975E0);
#135=CARTESIAN_POINT('',(1.818304467814E2,3.131492732801E1,4.751167977564E-11));
#136=LINE('',#135,#134);
#137=CARTESIAN_POINT('',(1.831575386557E2,2.754712600451E1,4.751177229423E-11));
#138=DIRECTION('',(0.E0,0.E0,-1.E0));
#139=DIRECTION('',(-3.850708509887E-1,-9.228870135173E-1,0.E0));
#140=AXIS2_PLACEMENT_3D('',#137,#138,#139);
#142=CARTESIAN_POINT('',(1.831575386557E2,2.503656845350E1,4.751177229423E-11));
#143=DIRECTION('',(0.E0,0.E0,-1.E0));
#144=DIRECTION('',(-9.756843503100E-1,2.191804018615E-1,0.E0));
#145=AXIS2_PLACEMENT_3D('',#142,#143,#144);
#147=DIRECTION('',(0.E0,-1.E0,0.E0));
#148=VECTOR('',#147,4.065922872975E0);
#149=CARTESIAN_POINT('',(1.818304467814E2,2.533469000298E1,4.751167977564E-11));
#150=LINE('',#149,#148);
#151=CARTESIAN_POINT('',(1.831575386557E2,2.156688867948E1,4.751177229423E-11));
#152=DIRECTION('',(0.E0,0.E0,-1.E0));
#153=DIRECTION('',(-3.850708509887E-1,-9.228870135173E-1,0.E0));
#154=AXIS2_PLACEMENT_3D('',#151,#152,#153);
#156=CARTESIAN_POINT('',(1.831575386557E2,1.905633112846E1,4.751177229423E-11));
#157=DIRECTION('',(0.E0,0.E0,-1.E0));
#158=DIRECTION('',(-9.756843503100E-1,2.191804018615E-1,0.E0));
#159=AXIS2_PLACEMENT_3D('',#156,#157,#158);
#161=DIRECTION('',(0.E0,-1.E0,0.E0));
#162=VECTOR('',#161,4.065922872975E0);
#163=CARTESIAN_POINT('',(1.818304467814E2,1.935445267794E1,4.751167977564E-11));
#164=LINE('',#163,#162);
#165=CARTESIAN_POINT('',(1.831575386557E2,1.558665135445E1,4.751177229423E-11));
#166=DIRECTION('',(0.E0,0.E0,-1.E0));
#167=DIRECTION('',(-3.850708509887E-1,-9.228870135173E-1,0.E0));
#168=AXIS2_PLACEMENT_3D('',#165,#166,#167);
#170=CARTESIAN_POINT('',(1.831575386557E2,1.307609380343E1,4.751177229423E-11));
#171=DIRECTION('',(0.E0,0.E0,-1.E0));
#172=DIRECTION('',(-9.756843503100E-1,2.191804018615E-1,0.E0));
#173=AXIS2_PLACEMENT_3D('',#170,#171,#172);
#175=DIRECTION('',(0.E0,-1.E0,0.E0));
#176=VECTOR('',#175,4.065922872975E0);
#177=CARTESIAN_POINT('',(1.818304467814E2,1.337421535291E1,4.751167977564E-11));
#178=LINE('',#177,#176);
#179=CARTESIAN_POINT('',(1.831575386557E2,9.606414029414E0,4.751177229423E-11));
#180=DIRECTION('',(0.E0,0.E0,-1.E0));
#181=DIRECTION('',(-3.850708509887E-1,-9.228870135173E-1,0.E0));
#182=AXIS2_PLACEMENT_3D('',#179,#180,#181);
#184=CARTESIAN_POINT('',(1.831575386557E2,7.095856478398E0,4.751177229423E-11));
#185=DIRECTION('',(0.E0,0.E0,-1.E0));
#186=DIRECTION('',(-9.756843503100E-1,2.191804018615E-1,0.E0));
#187=AXIS2_PLACEMENT_3D('',#184,#185,#186);
#189=DIRECTION('',(0.E0,-1.E0,0.E0));
#190=VECTOR('',#189,4.065922872975E0);
#191=CARTESIAN_POINT('',(1.818304467814E2,7.393978027877E0,4.751167977564E-11));
#192=LINE('',#191,#190);
#193=CARTESIAN_POINT('',(1.831575386557E2,3.626176704382E0,4.751177229423E-11));
#194=DIRECTION('',(0.E0,0.E0,-1.E0));
#195=DIRECTION('',(-3.850708509887E-1,-9.228870135173E-1,0.E0));
#196=AXIS2_PLACEMENT_3D('',#193,#194,#195);
#198=CARTESIAN_POINT('',(1.831575386557E2,1.115619153366E0,4.751177229423E-11));
#199=DIRECTION('',(0.E0,0.E0,-1.E0));
#200=DIRECTION('',(-9.756843503100E-1,2.191804018615E-1,0.E0));
#201=AXIS2_PLACEMENT_3D('',#198,#199,#200);
#203=DIRECTION('',(0.E0,-1.E0,0.E0));
#204=VECTOR('',#203,4.065922872975E0);
#205=CARTESIAN_POINT('',(1.818304467814E2,1.413740702845E0,4.751167977564E-11));
#206=LINE('',#205,#204);
#207=CARTESIAN_POINT('',(1.831575386557E2,-2.354060620651E0,
4.751177229423E-11));
#208=DIRECTION('',(0.E0,0.E0,-1.E0));
#209=DIRECTION('',(-3.850708509887E-1,-9.228870135173E-1,0.E0));
#210=AXIS2_PLACEMENT_3D('',#207,#208,#209);
#212=CARTESIAN_POINT('',(1.831575386557E2,-4.864618171667E0,
4.751177229423E-11));
#213=DIRECTION('',(0.E0,0.E0,-1.E0));
#214=DIRECTION('',(-9.756843503100E-1,2.191804018615E-1,0.E0));
#215=AXIS2_PLACEMENT_3D('',#212,#213,#214);
#217=DIRECTION('',(0.E0,-1.E0,0.E0));
#218=VECTOR('',#217,4.065922872975E0);
#219=CARTESIAN_POINT('',(1.818304467814E2,-4.566496622188E0,
4.751167977564E-11));
#220=LINE('',#219,#218);
#221=CARTESIAN_POINT('',(1.831575386557E2,-8.334297945683E0,
4.751177229423E-11));
#222=DIRECTION('',(0.E0,0.E0,-1.E0));
#223=DIRECTION('',(-3.850708509887E-1,-9.228870135173E-1,0.E0));
#224=AXIS2_PLACEMENT_3D('',#221,#222,#223);
#226=CARTESIAN_POINT('',(1.831575386557E2,-1.084485549670E1,
4.751177229423E-11));
#227=DIRECTION('',(0.E0,0.E0,-1.E0));
#228=DIRECTION('',(-9.756843503100E-1,2.191804018615E-1,0.E0));
#229=AXIS2_PLACEMENT_3D('',#226,#227,#228);
#231=DIRECTION('',(0.E0,-1.E0,0.E0));
#232=VECTOR('',#231,4.065922872975E0);
#233=CARTESIAN_POINT('',(1.818304467814E2,-1.054673394722E1,
4.751167977564E-11));
#234=LINE('',#233,#232);
#235=CARTESIAN_POINT('',(1.831575386557E2,-1.431453527072E1,
4.751177229423E-11));
#236=DIRECTION('',(0.E0,0.E0,-1.E0));
#237=DIRECTION('',(-3.850708509887E-1,-9.228870135173E-1,0.E0));
#238=AXIS2_PLACEMENT_3D('',#235,#236,#237);
#240=CARTESIAN_POINT('',(1.831575386557E2,-1.682509282173E1,
4.751177229423E-11));
#241=DIRECTION('',(0.E0,0.E0,-1.E0));
#242=DIRECTION('',(-9.756843503100E-1,2.191804018615E-1,0.E0));
#243=AXIS2_PLACEMENT_3D('',#240,#241,#242);
#245=DIRECTION('',(0.E0,-1.E0,0.E0));
#246=VECTOR('',#245,4.065922872975E0);
#247=CARTESIAN_POINT('',(1.818304467814E2,-1.652697127225E1,
4.751167977564E-11));
#248=LINE('',#247,#246);
#249=CARTESIAN_POINT('',(1.831575386557E2,-2.029477259575E1,
4.751177229423E-11));
#250=DIRECTION('',(0.E0,0.E0,-1.E0));
#251=DIRECTION('',(-3.850708509887E-1,-9.228870135173E-1,0.E0));
#252=AXIS2_PLACEMENT_3D('',#249,#250,#251);
#254=CARTESIAN_POINT('',(1.831575386557E2,-2.280533014676E1,
4.751177229423E-11));
#255=DIRECTION('',(0.E0,0.E0,-1.E0));
#256=DIRECTION('',(-9.756843503100E-1,2.191804018615E-1,0.E0));
#257=AXIS2_PLACEMENT_3D('',#254,#255,#256);
#259=DIRECTION('',(0.E0,-1.E0,0.E0));
#260=VECTOR('',#259,4.065922872975E0);
#261=CARTESIAN_POINT('',(1.818304467814E2,-2.250720859729E1,
4.751167977564E-11));
#262=LINE('',#261,#260);
#263=CARTESIAN_POINT('',(1.831575386557E2,-2.627500992078E1,
4.751177229423E-11));
#264=DIRECTION('',(0.E0,0.E0,-1.E0));
#265=DIRECTION('',(-3.850708509887E-1,-9.228870135173E-1,0.E0));
#266=AXIS2_PLACEMENT_3D('',#263,#264,#265);
#268=CARTESIAN_POINT('',(1.831575386557E2,-2.878556747180E1,
4.751177229423E-11));
#269=DIRECTION('',(0.E0,0.E0,-1.E0));
#270=DIRECTION('',(-9.756843503100E-1,2.191804018615E-1,0.E0));
#271=AXIS2_PLACEMENT_3D('',#268,#269,#270);
#273=DIRECTION('',(0.E0,-1.E0,0.E0));
#274=VECTOR('',#273,4.065922872975E0);
#275=CARTESIAN_POINT('',(1.818304467814E2,-2.848744592232E1,
4.751167977564E-11));
#276=LINE('',#275,#274);
#277=CARTESIAN_POINT('',(1.831575386557E2,-3.225524724581E1,
4.751177229423E-11));
#278=DIRECTION('',(0.E0,0.E0,-1.E0));
#279=DIRECTION('',(-3.850708509887E-1,-9.228870135173E-1,0.E0));
#280=AXIS2_PLACEMENT_3D('',#277,#278,#279);
#282=CARTESIAN_POINT('',(1.831575386557E2,-3.476580479683E1,
4.751177229423E-11));
#283=DIRECTION('',(0.E0,0.E0,-1.E0));
#284=DIRECTION('',(-9.756843503100E-1,2.191804018615E-1,0.E0));
#285=AXIS2_PLACEMENT_3D('',#282,#283,#284);
#287=DIRECTION('',(0.E0,-1.E0,0.E0));
#288=VECTOR('',#287,4.065922872975E0);
#289=CARTESIAN_POINT('',(1.818304467814E2,-3.446768324735E1,
4.751167977564E-11));
#290=LINE('',#289,#288);
#291=CARTESIAN_POINT('',(1.831575386557E2,-3.823548457085E1,
4.751177229423E-11));
#292=DIRECTION('',(0.E0,0.E0,-1.E0));
#293=DIRECTION('',(-3.850708509887E-1,-9.228870135173E-1,0.E0));
#294=AXIS2_PLACEMENT_3D('',#291,#292,#293);
#296=CARTESIAN_POINT('',(1.831575386557E2,-4.074604212186E1,
4.751177229423E-11));
#297=DIRECTION('',(0.E0,0.E0,-1.E0));
#298=DIRECTION('',(-9.756843503100E-1,2.191804018615E-1,0.E0));
#299=AXIS2_PLACEMENT_3D('',#296,#297,#298);
#301=DIRECTION('',(0.E0,-1.E0,0.E0));
#302=VECTOR('',#301,4.065922872975E0);
#303=CARTESIAN_POINT('',(1.818304467814E2,-4.044792057238E1,
4.751167977564E-11));
#304=LINE('',#303,#302);
#305=CARTESIAN_POINT('',(1.831575386557E2,-4.421572189588E1,
4.751177229423E-11));
#306=DIRECTION('',(0.E0,0.E0,-1.E0));
#307=DIRECTION('',(-3.850708509887E-1,-9.228870135173E-1,0.E0));
#308=AXIS2_PLACEMENT_3D('',#305,#306,#307);
#310=CARTESIAN_POINT('',(1.831575386557E2,-4.672627944689E1,
4.751177229423E-11));
#311=DIRECTION('',(0.E0,0.E0,-1.E0));
#312=DIRECTION('',(-9.756843503100E-1,2.191804018615E-1,0.E0));
#313=AXIS2_PLACEMENT_3D('',#310,#311,#312);
#315=DIRECTION('',(0.E0,-1.E0,0.E0));
#316=VECTOR('',#315,1.127591320096E1);
#317=CARTESIAN_POINT('',(1.818304467814E2,-4.642815789742E1,
4.751167977564E-11));
#318=LINE('',#317,#316);
#319=CARTESIAN_POINT('',(1.830804467814E2,-5.770407109838E1,
4.751399274028E-11));
#320=DIRECTION('',(0.E0,0.E0,-1.E0));
#321=DIRECTION('',(0.E0,-1.E0,0.E0));
#322=AXIS2_PLACEMENT_3D('',#319,#320,#321);
#324=DIRECTION('',(1.E0,0.E0,0.E0));
#325=VECTOR('',#324,4.35E1);
#326=CARTESIAN_POINT('',(1.830804467814E2,-5.895407109838E1,
4.751243842804E-11));
#327=LINE('',#326,#325);
#328=CARTESIAN_POINT('',(2.265804467814E2,-5.770407109838E1,
4.751399274028E-11));
#329=DIRECTION('',(0.E0,0.E0,-1.E0));
#330=DIRECTION('',(1.E0,0.E0,0.E0));
#331=AXIS2_PLACEMENT_3D('',#328,#329,#330);
#333=DIRECTION('',(0.E0,1.E0,0.E0));
#334=VECTOR('',#333,1.127591320096E1);
#335=CARTESIAN_POINT('',(2.278304467814E2,-5.770407109838E1,
4.751243842804E-11));
#336=LINE('',#335,#334);
#337=CARTESIAN_POINT('',(2.265033549070E2,-4.672627944689E1,
4.751177229423E-11));
#338=DIRECTION('',(0.E0,0.E0,1.E0));
#339=DIRECTION('',(9.756843503100E-1,2.191804018615E-1,0.E0));
#340=AXIS2_PLACEMENT_3D('',#337,#338,#339);
#342=CARTESIAN_POINT('',(2.265033549070E2,-4.421572189588E1,
4.751177229423E-11));
#343=DIRECTION('',(0.E0,0.E0,1.E0));
#344=DIRECTION('',(3.850708509887E-1,-9.228870135173E-1,0.E0));
#345=AXIS2_PLACEMENT_3D('',#342,#343,#344);
#347=DIRECTION('',(0.E0,1.E0,0.E0));
#348=VECTOR('',#347,4.065922872975E0);
#349=CARTESIAN_POINT('',(2.278304467814E2,-4.451384344536E1,
4.751167052378E-11));
#350=LINE('',#349,#348);
#351=CARTESIAN_POINT('',(2.265033549070E2,-4.074604212186E1,
4.751177229423E-11));
#352=DIRECTION('',(0.E0,0.E0,1.E0));
#353=DIRECTION('',(9.756843503100E-1,2.191804018615E-1,0.E0));
#354=AXIS2_PLACEMENT_3D('',#351,#352,#353);
#356=CARTESIAN_POINT('',(2.265033549070E2,-3.823548457085E1,
4.751177229423E-11));
#357=DIRECTION('',(0.E0,0.E0,1.E0));
#358=DIRECTION('',(3.850708509887E-1,-9.228870135173E-1,0.E0));
#359=AXIS2_PLACEMENT_3D('',#356,#357,#358);
#361=DIRECTION('',(0.E0,1.E0,0.E0));
#362=VECTOR('',#361,4.065922872975E0);
#363=CARTESIAN_POINT('',(2.278304467814E2,-3.853360612033E1,
4.751167052378E-11));
#364=LINE('',#363,#362);
#365=CARTESIAN_POINT('',(2.265033549070E2,-3.476580479683E1,
4.751177229423E-11));
#366=DIRECTION('',(0.E0,0.E0,1.E0));
#367=DIRECTION('',(9.756843503100E-1,2.191804018615E-1,0.E0));
#368=AXIS2_PLACEMENT_3D('',#365,#366,#367);
#370=CARTESIAN_POINT('',(2.265033549070E2,-3.225524724581E1,
4.751177229423E-11));
#371=DIRECTION('',(0.E0,0.E0,1.E0));
#372=DIRECTION('',(3.850708509887E-1,-9.228870135173E-1,0.E0));
#373=AXIS2_PLACEMENT_3D('',#370,#371,#372);
#375=DIRECTION('',(0.E0,1.E0,0.E0));
#376=VECTOR('',#375,4.065922872975E0);
#377=CARTESIAN_POINT('',(2.278304467814E2,-3.255336879529E1,
4.751167052378E-11));
#378=LINE('',#377,#376);
#379=CARTESIAN_POINT('',(2.265033549070E2,-2.878556747180E1,
4.751177229423E-11));
#380=DIRECTION('',(0.E0,0.E0,1.E0));
#381=DIRECTION('',(9.756843503100E-1,2.191804018615E-1,0.E0));
#382=AXIS2_PLACEMENT_3D('',#379,#380,#381);
#384=CARTESIAN_POINT('',(2.265033549070E2,-2.627500992078E1,
4.751177229423E-11));
#385=DIRECTION('',(0.E0,0.E0,1.E0));
#386=DIRECTION('',(3.850708509887E-1,-9.228870135173E-1,0.E0));
#387=AXIS2_PLACEMENT_3D('',#384,#385,#386);
#389=DIRECTION('',(0.E0,1.E0,0.E0));
#390=VECTOR('',#389,4.065922872975E0);
#391=CARTESIAN_POINT('',(2.278304467814E2,-2.657313147026E1,
4.751167052378E-11));
#392=LINE('',#391,#390);
#393=CARTESIAN_POINT('',(2.265033549070E2,-2.280533014676E1,
4.751177229423E-11));
#394=DIRECTION('',(0.E0,0.E0,1.E0));
#395=DIRECTION('',(9.756843503100E-1,2.191804018615E-1,0.E0));
#396=AXIS2_PLACEMENT_3D('',#393,#394,#395);
#398=CARTESIAN_POINT('',(2.265033549070E2,-2.029477259575E1,
4.751177229423E-11));
#399=DIRECTION('',(0.E0,0.E0,1.E0));
#400=DIRECTION('',(3.850708509887E-1,-9.228870135173E-1,0.E0));
#401=AXIS2_PLACEMENT_3D('',#398,#399,#400);
#403=DIRECTION('',(0.E0,1.E0,0.E0));
#404=VECTOR('',#403,4.065922872975E0);
#405=CARTESIAN_POINT('',(2.278304467814E2,-2.059289414523E1,
4.751169827936E-11));
#406=LINE('',#405,#404);
#407=CARTESIAN_POINT('',(2.265033549070E2,-1.682509282173E1,
4.751177229423E-11));
#408=DIRECTION('',(0.E0,0.E0,1.E0));
#409=DIRECTION('',(9.756843503100E-1,2.191804018615E-1,0.E0));
#410=AXIS2_PLACEMENT_3D('',#407,#408,#409);
#412=CARTESIAN_POINT('',(2.265033549070E2,-1.431453527072E1,
4.751177229423E-11));
#413=DIRECTION('',(0.E0,0.E0,1.E0));
#414=DIRECTION('',(3.850708509887E-1,-9.228870135173E-1,0.E0));
#415=AXIS2_PLACEMENT_3D('',#412,#413,#414);
#417=DIRECTION('',(0.E0,1.E0,0.E0));
#418=VECTOR('',#417,4.065922872975E0);
#419=CARTESIAN_POINT('',(2.278304467814E2,-1.461265682020E1,
4.751167052378E-11));
#420=LINE('',#419,#418);
#421=CARTESIAN_POINT('',(2.265033549070E2,-1.084485549670E1,
4.751177229423E-11));
#422=DIRECTION('',(0.E0,0.E0,1.E0));
#423=DIRECTION('',(9.756843503100E-1,2.191804018615E-1,0.E0));
#424=AXIS2_PLACEMENT_3D('',#421,#422,#423);
#426=CARTESIAN_POINT('',(2.265033549070E2,-8.334297945683E0,
4.751177229423E-11));
#427=DIRECTION('',(0.E0,0.E0,1.E0));
#428=DIRECTION('',(3.850708509887E-1,-9.228870135173E-1,0.E0));
#429=AXIS2_PLACEMENT_3D('',#426,#427,#428);
#431=DIRECTION('',(0.E0,1.E0,0.E0));
#432=VECTOR('',#431,4.065922872975E0);
#433=CARTESIAN_POINT('',(2.278304467814E2,-8.632419495163E0,
4.751169827936E-11));
#434=LINE('',#433,#432);
#435=CARTESIAN_POINT('',(2.265033549070E2,-4.864618171667E0,
4.751177229423E-11));
#436=DIRECTION('',(0.E0,0.E0,1.E0));
#437=DIRECTION('',(9.756843503100E-1,2.191804018615E-1,0.E0));
#438=AXIS2_PLACEMENT_3D('',#435,#436,#437);
#440=CARTESIAN_POINT('',(2.265033549070E2,-2.354060620651E0,
4.751177229423E-11));
#441=DIRECTION('',(0.E0,0.E0,1.E0));
#442=DIRECTION('',(3.850708509887E-1,-9.228870135173E-1,0.E0));
#443=AXIS2_PLACEMENT_3D('',#440,#441,#442);
#445=DIRECTION('',(0.E0,1.E0,0.E0));
#446=VECTOR('',#445,4.065922872975E0);
#447=CARTESIAN_POINT('',(2.278304467814E2,-2.652182170130E0,
4.751167052378E-11));
#448=LINE('',#447,#446);
#449=CARTESIAN_POINT('',(2.265033549070E2,1.115619153366E0,4.751177229423E-11));
#450=DIRECTION('',(0.E0,0.E0,1.E0));
#451=DIRECTION('',(9.756843503100E-1,2.191804018615E-1,0.E0));
#452=AXIS2_PLACEMENT_3D('',#449,#450,#451);
#454=CARTESIAN_POINT('',(2.265033549070E2,3.626176704382E0,4.751177229423E-11));
#455=DIRECTION('',(0.E0,0.E0,1.E0));
#456=DIRECTION('',(3.850708509887E-1,-9.228870135173E-1,0.E0));
#457=AXIS2_PLACEMENT_3D('',#454,#455,#456);
#459=DIRECTION('',(0.E0,1.E0,0.E0));
#460=VECTOR('',#459,4.065922872975E0);
#461=CARTESIAN_POINT('',(2.278304467814E2,3.328055154903E0,4.751169827936E-11));
#462=LINE('',#461,#460);
#463=CARTESIAN_POINT('',(2.265033549070E2,7.095856478398E0,4.751177229423E-11));
#464=DIRECTION('',(0.E0,0.E0,1.E0));
#465=DIRECTION('',(9.756843503100E-1,2.191804018615E-1,0.E0));
#466=AXIS2_PLACEMENT_3D('',#463,#464,#465);
#468=CARTESIAN_POINT('',(2.265033549070E2,9.606414029414E0,4.751177229423E-11));
#469=DIRECTION('',(0.E0,0.E0,1.E0));
#470=DIRECTION('',(3.850708509887E-1,-9.228870135173E-1,0.E0));
#471=AXIS2_PLACEMENT_3D('',#468,#469,#470);
#473=DIRECTION('',(0.E0,1.E0,0.E0));
#474=VECTOR('',#473,4.065922872975E0);
#475=CARTESIAN_POINT('',(2.278304467814E2,9.308292479935E0,4.751167052378E-11));
#476=LINE('',#475,#474);
#477=CARTESIAN_POINT('',(2.265033549070E2,1.307609380343E1,4.751177229423E-11));
#478=DIRECTION('',(0.E0,0.E0,1.E0));
#479=DIRECTION('',(9.756843503100E-1,2.191804018615E-1,0.E0));
#480=AXIS2_PLACEMENT_3D('',#477,#478,#479);
#482=CARTESIAN_POINT('',(2.265033549070E2,1.558665135445E1,4.751177229423E-11));
#483=DIRECTION('',(0.E0,0.E0,1.E0));
#484=DIRECTION('',(3.850708509887E-1,-9.228870135173E-1,0.E0));
#485=AXIS2_PLACEMENT_3D('',#482,#483,#484);
#487=DIRECTION('',(0.E0,1.E0,0.E0));
#488=VECTOR('',#487,4.065922872975E0);
#489=CARTESIAN_POINT('',(2.278304467814E2,1.528852980497E1,4.751169827936E-11));
#490=LINE('',#489,#488);
#491=CARTESIAN_POINT('',(2.265033549070E2,1.905633112846E1,4.751177229423E-11));
#492=DIRECTION('',(0.E0,0.E0,1.E0));
#493=DIRECTION('',(9.756843503100E-1,2.191804018615E-1,0.E0));
#494=AXIS2_PLACEMENT_3D('',#491,#492,#493);
#496=CARTESIAN_POINT('',(2.265033549070E2,2.156688867948E1,4.751177229423E-11));
#497=DIRECTION('',(0.E0,0.E0,1.E0));
#498=DIRECTION('',(3.850708509887E-1,-9.228870135173E-1,0.E0));
#499=AXIS2_PLACEMENT_3D('',#496,#497,#498);
#501=DIRECTION('',(0.E0,1.E0,0.E0));
#502=VECTOR('',#501,4.065922872975E0);
#503=CARTESIAN_POINT('',(2.278304467814E2,2.126876713E1,4.751167052378E-11));
#504=LINE('',#503,#502);
#505=CARTESIAN_POINT('',(2.265033549070E2,2.503656845350E1,4.751177229423E-11));
#506=DIRECTION('',(0.E0,0.E0,1.E0));
#507=DIRECTION('',(9.756843503100E-1,2.191804018615E-1,0.E0));
#508=AXIS2_PLACEMENT_3D('',#505,#506,#507);
#510=CARTESIAN_POINT('',(2.265033549070E2,2.754712600451E1,4.751177229423E-11));
#511=DIRECTION('',(0.E0,0.E0,1.E0));
#512=DIRECTION('',(3.850708509887E-1,-9.228870135173E-1,0.E0));
#513=AXIS2_PLACEMENT_3D('',#510,#511,#512);
#515=DIRECTION('',(0.E0,1.E0,0.E0));
#516=VECTOR('',#515,4.065922872975E0);
#517=CARTESIAN_POINT('',(2.278304467814E2,2.724900445503E1,4.751169827936E-11));
#518=LINE('',#517,#516);
#519=CARTESIAN_POINT('',(2.265033549070E2,3.101680577853E1,4.751177229423E-11));
#520=DIRECTION('',(0.E0,0.E0,1.E0));
#521=DIRECTION('',(9.756843503100E-1,2.191804018615E-1,0.E0));
#522=AXIS2_PLACEMENT_3D('',#519,#520,#521);
#524=CARTESIAN_POINT('',(2.265033549070E2,3.352736332954E1,4.751177229423E-11));
#525=DIRECTION('',(0.E0,0.E0,1.E0));
#526=DIRECTION('',(3.850708509887E-1,-9.228870135173E-1,0.E0));
#527=AXIS2_PLACEMENT_3D('',#524,#525,#526);
#529=DIRECTION('',(0.E0,1.E0,0.E0));
#530=VECTOR('',#529,4.065922872975E0);
#531=CARTESIAN_POINT('',(2.278304467814E2,3.322924178007E1,4.751169827936E-11));
#532=LINE('',#531,#530);
#533=CARTESIAN_POINT('',(2.265033549070E2,3.699704310356E1,4.751177229423E-11));
#534=DIRECTION('',(0.E0,0.E0,1.E0));
#535=DIRECTION('',(9.756843503100E-1,2.191804018615E-1,0.E0));
#536=AXIS2_PLACEMENT_3D('',#533,#534,#535);
#538=CARTESIAN_POINT('',(2.265033549070E2,3.950760065458E1,4.751177229423E-11));
#539=DIRECTION('',(0.E0,0.E0,1.E0));
#540=DIRECTION('',(3.850708509887E-1,-9.228870135173E-1,0.E0));
#541=AXIS2_PLACEMENT_3D('',#538,#539,#540);
#543=DIRECTION('',(0.E0,1.E0,0.E0));
#544=VECTOR('',#543,4.065922872975E0);
#545=CARTESIAN_POINT('',(2.278304467814E2,3.920947910510E1,4.751169827936E-11));
#546=LINE('',#545,#544);
#547=CARTESIAN_POINT('',(2.265033549070E2,4.297728042859E1,4.751177229423E-11));
#548=DIRECTION('',(0.E0,0.E0,1.E0));
#549=DIRECTION('',(9.756843503100E-1,2.191804018615E-1,0.E0));
#550=AXIS2_PLACEMENT_3D('',#547,#548,#549);
#552=CARTESIAN_POINT('',(2.265033549070E2,4.548783797961E1,4.751177229423E-11));
#553=DIRECTION('',(0.E0,0.E0,1.E0));
#554=DIRECTION('',(3.850708509887E-1,-9.228870135173E-1,0.E0));
#555=AXIS2_PLACEMENT_3D('',#552,#553,#554);
#557=DIRECTION('',(0.E0,1.E0,0.E0));
#558=VECTOR('',#557,1.040621247149E1);
#559=CARTESIAN_POINT('',(2.278304467814E2,4.518971643013E1,4.751169827936E-11));
#560=LINE('',#559,#558);
#561=CARTESIAN_POINT('',(2.265804467814E2,5.559592890162E1,4.751399274028E-11));
#562=DIRECTION('',(0.E0,0.E0,-1.E0));
#563=DIRECTION('',(0.E0,1.E0,0.E0));
#564=AXIS2_PLACEMENT_3D('',#561,#562,#563);
#566=DIRECTION('',(-1.E0,0.E0,0.E0));
#567=VECTOR('',#566,4.35E1);
#568=CARTESIAN_POINT('',(2.265804467814E2,5.684592890162E1,4.751243842804E-11));
#569=LINE('',#568,#567);
#570=CARTESIAN_POINT('',(1.830804467814E2,5.559592890162E1,4.751399274028E-11));
#571=DIRECTION('',(0.E0,0.E0,-1.E0));
#572=DIRECTION('',(-1.E0,0.E0,0.E0));
#573=AXIS2_PLACEMENT_3D('',#570,#571,#572);
#575=DIRECTION('',(0.E0,-1.E0,0.E0));
#576=VECTOR('',#575,1.040621247149E1);
#577=CARTESIAN_POINT('',(1.818304467814E2,5.559592890162E1,4.751243842804E-11));
#578=LINE('',#577,#576);
#579=DIRECTION('',(0.E0,0.E0,-1.E0));
#580=VECTOR('',#579,1.998856175240E0);
#581=CARTESIAN_POINT('',(1.846957646805E2,-5.781616258249E1,1.998856175288E0));
#582=LINE('',#581,#580);
#583=DIRECTION('',(0.E0,0.E0,-1.E0));
#584=VECTOR('',#583,1.998856175240E0);
#585=CARTESIAN_POINT('',(1.846957646805E2,-5.443789519194E1,1.998856175288E0));
#586=LINE('',#585,#584);
#587=DIRECTION('',(0.E0,1.E0,0.E0));
#588=VECTOR('',#587,1.75E0);
#589=CARTESIAN_POINT('',(1.883304467814E2,-5.770407109838E1,1.998856175288E0));
#590=LINE('',#589,#588);
#591=DIRECTION('',(-1.E0,0.E0,0.E0));
#592=VECTOR('',#591,6.5E0);
#593=CARTESIAN_POINT('',(1.895804467814E2,-5.895407109838E1,1.998856175288E0));
#594=LINE('',#593,#592);
#595=CARTESIAN_POINT('',(1.830804467814E2,-5.770407109838E1,1.998856175288E0));
#596=DIRECTION('',(0.E0,0.E0,1.E0));
#597=DIRECTION('',(-1.E0,0.E0,0.E0));
#598=AXIS2_PLACEMENT_3D('',#595,#596,#597);
#600=DIRECTION('',(0.E0,1.E0,0.E0));
#601=VECTOR('',#600,6.5E0);
#602=CARTESIAN_POINT('',(1.818304467814E2,-5.770407109838E1,1.998856175288E0));
#603=LINE('',#602,#601);
#604=DIRECTION('',(-1.E0,0.E0,0.E0));
#605=VECTOR('',#604,1.75E0);
#606=CARTESIAN_POINT('',(1.848304467814E2,-5.245407109838E1,1.998856175288E0));
#607=LINE('',#606,#605);
#608=CARTESIAN_POINT('',(1.848304467814E2,-5.595407109838E1,1.998856175288E0));
#609=DIRECTION('',(0.E0,0.E0,1.E0));
#610=DIRECTION('',(1.E0,0.E0,0.E0));
#611=AXIS2_PLACEMENT_3D('',#608,#609,#610);
#613=CARTESIAN_POINT('',(1.846957646805E2,-5.612702888721E1,1.998856175288E0));
#614=DIRECTION('',(0.E0,0.E0,1.E0));
#615=DIRECTION('',(0.E0,-1.E0,0.E0));
#616=AXIS2_PLACEMENT_3D('',#613,#614,#615);
#618=CARTESIAN_POINT('',(1.846957646805E2,-5.612702888721E1,1.998856175288E0));
#619=DIRECTION('',(0.E0,0.E0,1.E0));
#620=DIRECTION('',(0.E0,1.E0,0.E0));
#621=AXIS2_PLACEMENT_3D('',#618,#619,#620);
#623=DIRECTION('',(1.023181535278E-12,-1.E0,-9.085481535988E-11));
#624=VECTOR('',#623,1.750000007211E0);
#625=CARTESIAN_POINT('',(1.883304467814E2,-5.595407094198E1,2.809445463442E0));
#626=LINE('',#625,#624);
#627=DIRECTION('',(-1.577835956272E-12,-1.840440979873E-7,-1.E0));
#628=VECTOR('',#627,8.105892879955E-1);
#629=CARTESIAN_POINT('',(1.883304467814E2,-5.770407094919E1,2.809445463283E0));
#630=LINE('',#629,#628);
#631=CARTESIAN_POINT('',(1.893304467814E2,-5.595407109838E1,2.809445463442E0));
#632=DIRECTION('',(0.E0,-1.E0,0.E0));
#633=DIRECTION('',(-9.690485461684E-2,0.E0,9.952936497093E-1));
#634=AXIS2_PLACEMENT_3D('',#631,#632,#633);
#636=CARTESIAN_POINT('',(1.891124108585E2,-5.795407109838E1,5.048856175288E0));
#637=DIRECTION('',(0.E0,-1.E0,0.E0));
#638=DIRECTION('',(2.080159657279E-1,0.E0,-9.781254306081E-1));
#639=AXIS2_PLACEMENT_3D('',#636,#637,#638);
#641=CARTESIAN_POINT('',(1.892335419267E2,-5.770407113839E1,3.804739113151E0));
#642=CARTESIAN_POINT('',(1.892335430078E2,-5.772513262954E1,3.804739225414E0));
#643=CARTESIAN_POINT('',(1.892364197905E2,-5.776567952821E1,3.805015033717E0));
#644=CARTESIAN_POINT('',(1.892486894746E2,-5.782309520749E1,3.806271912090E0));
#645=CARTESIAN_POINT('',(1.892683775625E2,-5.787314046506E1,3.808557437903E0));
#646=CARTESIAN_POINT('',(1.892917054488E2,-5.790967494153E1,3.811704502423E0));
#647=CARTESIAN_POINT('',(1.893152977871E2,-5.793354308460E1,3.815352618611E0));
#648=CARTESIAN_POINT('',(1.893407378447E2,-5.794928637824E1,3.819777062733E0));
#649=CARTESIAN_POINT('',(1.893613869215E2,-5.795407000048E1,3.823850721684E0));
#650=CARTESIAN_POINT('',(1.893724310398E2,-5.795407109840E1,3.826199434702E0));
#652=DIRECTION('',(4.045303043542E-9,-1.E0,3.944786609593E-10));
#653=VECTOR('',#652,1.749999767317E0);
#654=CARTESIAN_POINT('',(1.892335419197E2,-5.595407137108E1,3.804739112461E0));
#655=LINE('',#654,#653);
#656=CARTESIAN_POINT('',(1.891124108406E2,-5.457031393421E1,3.798856175288E0));
#657=CARTESIAN_POINT('',(1.891364216936E2,-5.470409102465E1,3.798856136776E0));
#658=CARTESIAN_POINT('',(1.891790834035E2,-5.498464742581E1,3.800248654286E0));
#659=CARTESIAN_POINT('',(1.892221705256E2,-5.544269738490E1,3.803571314592E0));
#660=CARTESIAN_POINT('',(1.892335416187E2,-5.577881572131E1,3.804739421602E0));
#661=CARTESIAN_POINT('',(1.892335419197E2,-5.595407137108E1,3.804739112461E0));
#663=CARTESIAN_POINT('',(1.892335419271E2,5.384592888136E1,3.804739113184E0));
#664=CARTESIAN_POINT('',(1.892335417428E2,5.373650975452E1,3.804739089889E0));
#665=CARTESIAN_POINT('',(1.892290177796E2,5.351636038445E1,3.804287982746E0));
#666=CARTESIAN_POINT('',(1.892093251614E2,5.319179341580E1,3.802526971810E0));
#667=CARTESIAN_POINT('',(1.891737156097E2,5.284411175935E1,3.800096128158E0));
#668=CARTESIAN_POINT('',(1.891357880564E2,5.259241540602E1,3.798856145572E0));
#669=CARTESIAN_POINT('',(1.891124108498E2,5.246217178368E1,3.798856175288E0));
#671=DIRECTION('',(1.947617872838E-10,-1.E0,1.890195871156E-11));
#672=VECTOR('',#671,1.750000060293E0);
#673=CARTESIAN_POINT('',(1.892335419267E2,5.559592894165E1,3.804739113151E0));
#674=LINE('',#673,#672);
#675=CARTESIAN_POINT('',(1.893724310398E2,5.584592890167E1,3.826199434698E0));
#676=CARTESIAN_POINT('',(1.893601241145E2,5.584592615945E1,3.823582202010E0));
#677=CARTESIAN_POINT('',(1.893365542327E2,5.584017454682E1,3.818954101117E0));
#678=CARTESIAN_POINT('',(1.893039117598E2,5.581646245276E1,3.813481043081E0));
#679=CARTESIAN_POINT('',(1.892755009623E2,5.577859705097E1,3.809452868680E0));
#680=CARTESIAN_POINT('',(1.892531631538E2,5.572956759268E1,3.806756367998E0));
#681=CARTESIAN_POINT('',(1.892374102817E2,5.566687914123E1,3.805106457433E0));
#682=CARTESIAN_POINT('',(1.892335439825E2,5.562058640963E1,3.804739343043E0));
#683=CARTESIAN_POINT('',(1.892335419267E2,5.559592894165E1,3.804739113151E0));
#685=CARTESIAN_POINT('',(1.891124108585E2,5.584592890162E1,5.048856175288E0));
#686=DIRECTION('',(0.E0,1.E0,0.E0));
#687=DIRECTION('',(8.799568606961E-1,0.E0,-4.750536004641E-1));
#688=AXIS2_PLACEMENT_3D('',#685,#686,#687);
#690=CARTESIAN_POINT('',(1.895804467813E2,-5.795407109838E1,2.848073956408E0));
#691=DIRECTION('',(9.781254306132E-1,0.E0,2.080159657039E-1));
#692=DIRECTION('',(-2.080159657039E-1,0.E0,9.781254306132E-1));
#693=AXIS2_PLACEMENT_3D('',#690,#691,#692);
#695=CARTESIAN_POINT('',(1.910923137950E2,-5.795407109838E1,3.979985574243E0));
#696=DIRECTION('',(4.750536004641E-1,0.E0,8.799568606961E-1));
#697=DIRECTION('',(-8.799568606960E-1,0.E0,4.750536004642E-1));
#698=AXIS2_PLACEMENT_3D('',#695,#696,#697);
#700=DIRECTION('',(4.750536004641E-1,0.E0,8.799568606961E-1));
#701=VECTOR('',#700,8.543472809868E0);
#702=CARTESIAN_POINT('',(1.902123569342E2,-5.795407109838E1,4.455039174462E0));
#703=LINE('',#702,#701);
#704=DIRECTION('',(0.E0,1.E0,0.E0));
#705=VECTOR('',#704,1.138E2);
#706=CARTESIAN_POINT('',(1.902123569342E2,-5.795407109838E1,4.455039174462E0));
#707=LINE('',#706,#705);
#708=DIRECTION('',(-4.750536004641E-1,0.E0,-8.799568606961E-1));
#709=VECTOR('',#708,8.543472809867E0);
#710=CARTESIAN_POINT('',(1.942709644530E2,5.584592890162E1,1.197292668767E1));
#711=LINE('',#710,#709);
#712=CARTESIAN_POINT('',(1.951509213137E2,5.584592890162E1,1.149787308722E1));
#713=DIRECTION('',(-4.750536004641E-1,0.E0,-8.799568606961E-1));
#714=DIRECTION('',(-8.799568606961E-1,0.E0,4.750536004642E-1));
#715=AXIS2_PLACEMENT_3D('',#712,#713,#714);
#717=CARTESIAN_POINT('',(1.910923137950E2,5.584592890162E1,3.979985574243E0));
#718=DIRECTION('',(-4.750536004641E-1,0.E0,-8.799568606961E-1));
#719=DIRECTION('',(-8.799568606961E-1,0.E0,4.750536004641E-1));
#720=AXIS2_PLACEMENT_3D('',#717,#718,#719);
#722=CARTESIAN_POINT('',(1.895804467813E2,5.584592890162E1,2.848073956417E0));
#723=DIRECTION('',(-9.781254306093E-1,-4.979779868773E-11,-2.080159657223E-1));
#724=DIRECTION('',(-2.080159657223E-1,0.E0,9.781254306093E-1));
#725=AXIS2_PLACEMENT_3D('',#722,#723,#724);
#727=CARTESIAN_POINT('',(1.893304467814E2,5.559592890162E1,2.809445463442E0));
#728=DIRECTION('',(0.E0,-1.E0,0.E0));
#729=DIRECTION('',(-9.690485461684E-2,0.E0,9.952936497093E-1));
#730=AXIS2_PLACEMENT_3D('',#727,#728,#729);
#732=CARTESIAN_POINT('',(1.893304467814E2,5.384592890162E1,2.809445463442E0));
#733=DIRECTION('',(0.E0,-1.E0,1.413461827229E-14));
#734=DIRECTION('',(-9.690485461684E-2,1.421085471520E-14,9.952936497093E-1));
#735=AXIS2_PLACEMENT_3D('',#732,#733,#734);
#737=CARTESIAN_POINT('',(1.891124108577E2,5.246217182446E1,2.798856175288E0));
#738=DIRECTION('',(-3.075015727036E-1,-9.515475725285E-1,0.E0));
#739=DIRECTION('',(-6.903633220645E-10,2.231033136013E-10,1.E0));
#740=AXIS2_PLACEMENT_3D('',#737,#738,#739);
#742=CARTESIAN_POINT('',(1.848304467814E2,-5.595407109838E1,3.798856175288E0));
#743=DIRECTION('',(0.E0,0.E0,-1.E0));
#744=DIRECTION('',(0.E0,1.E0,0.E0));
#745=AXIS2_PLACEMENT_3D('',#742,#743,#744);
#747=DIRECTION('',(1.E0,-9.270349568623E-11,0.E0));
#748=VECTOR('',#747,1.749999999761E0);
#749=CARTESIAN_POINT('',(1.830804467814E2,-5.145407109838E1,3.798856175288E0));
#750=LINE('',#749,#748);
#751=CARTESIAN_POINT('',(1.830804467814E2,-5.120407109838E1,3.798856175288E0));
#752=DIRECTION('',(0.E0,0.E0,1.E0));
#753=DIRECTION('',(-1.E0,1.705302565824E-13,0.E0));
#754=AXIS2_PLACEMENT_3D('',#751,#752,#753);
#756=DIRECTION('',(0.E0,-1.E0,0.E0));
#757=VECTOR('',#756,1.003E2);
#758=CARTESIAN_POINT('',(1.828304467814E2,4.909592890162E1,3.798856175288E0));
#759=LINE('',#758,#757);
#760=CARTESIAN_POINT('',(1.830804467814E2,4.909592890162E1,3.798856175288E0));
#761=DIRECTION('',(0.E0,0.E0,1.E0));
#762=DIRECTION('',(0.E0,1.E0,0.E0));
#763=AXIS2_PLACEMENT_3D('',#760,#761,#762);
#765=DIRECTION('',(-1.E0,-9.302831522262E-11,0.E0));
#766=VECTOR('',#765,1.749999999761E0);
#767=CARTESIAN_POINT('',(1.848304467811E2,4.934592890179E1,3.798856175288E0));
#768=LINE('',#767,#766);
#769=CARTESIAN_POINT('',(1.848304467814E2,5.384592890162E1,3.798856175288E0));
#770=DIRECTION('',(0.E0,0.E0,-1.E0));
#771=DIRECTION('',(9.515475726916E-1,-3.075015721988E-1,0.E0));
#772=AXIS2_PLACEMENT_3D('',#769,#770,#771);
#774=DIRECTION('',(8.616758698510E-11,1.E0,0.E0));
#775=VECTOR('',#774,1.070324857179E2);
#776=CARTESIAN_POINT('',(1.891124108406E2,-5.457031393421E1,3.798856175288E0));
#777=LINE('',#776,#775);
#778=CARTESIAN_POINT('',(1.848304467814E2,-5.145407109838E1,2.798856175288E0));
#779=DIRECTION('',(1.E0,0.E0,0.E0));
#780=DIRECTION('',(0.E0,0.E0,1.E0));
#781=AXIS2_PLACEMENT_3D('',#778,#779,#780);
#783=CARTESIAN_POINT('',(1.891124108577E2,-5.457031402114E1,2.798856175288E0));
#784=DIRECTION('',(3.075015727199E-1,-9.515475725232E-1,-1.035567534877E-10));
#785=DIRECTION('',(-6.585310075025E-10,-3.216413801965E-10,1.E0));
#786=AXIS2_PLACEMENT_3D('',#783,#784,#785);
#788=CARTESIAN_POINT('',(1.881608633155E2,-5.487781568772E1,2.798856175288E0));
#789=CARTESIAN_POINT('',(1.881944055019E2,-5.498161002987E1,2.798856195949E0));
#790=CARTESIAN_POINT('',(1.882542389208E2,-5.520025036669E1,2.801362566559E0));
#791=CARTESIAN_POINT('',(1.883145169976E2,-5.555610340133E1,2.807343539299E0));
#792=CARTESIAN_POINT('',(1.883304465540E2,-5.581818709058E1,2.809445801655E0));
#793=CARTESIAN_POINT('',(1.883304467814E2,-5.595407094198E1,2.809445463442E0));
#795=DIRECTION('',(5.960713611414E-13,-1.929406032683E-7,-1.E0));
#796=VECTOR('',#795,8.105892881545E-1);
#797=CARTESIAN_POINT('',(1.883304467814E2,-5.595407094198E1,2.809445463442E0));
#798=LINE('',#797,#796);
#799=CARTESIAN_POINT('',(1.848304467814E2,-5.595407109838E1,2.798856175288E0));
#800=DIRECTION('',(0.E0,0.E0,-1.E0));
#801=DIRECTION('',(0.E0,1.E0,0.E0));
#802=AXIS2_PLACEMENT_3D('',#799,#800,#801);
#804=DIRECTION('',(1.E0,0.E0,0.E0));
#805=VECTOR('',#804,1.749999951291E0);
#806=CARTESIAN_POINT('',(1.830804468292E2,-5.245407109838E1,2.798856175288E0));
#807=LINE('',#806,#805);
#808=DIRECTION('',(1.104041302824E-9,0.E0,-1.E0));
#809=VECTOR('',#808,8.E-1);
#810=CARTESIAN_POINT('',(1.848304467805E2,-5.245407109838E1,2.798856175288E0));
#811=LINE('',#810,#809);
#812=DIRECTION('',(5.978161965459E-8,1.776356839400E-14,1.E0));
#813=VECTOR('',#812,8.E-1);
#814=CARTESIAN_POINT('',(1.830804467814E2,-5.245407109838E1,1.998856175288E0));
#815=LINE('',#814,#813);
#816=CARTESIAN_POINT('',(1.830804467814E2,-5.145407109838E1,2.798856175288E0));
#817=DIRECTION('',(1.E0,0.E0,0.E0));
#818=DIRECTION('',(0.E0,0.E0,1.E0));
#819=AXIS2_PLACEMENT_3D('',#816,#817,#818);
#821=CARTESIAN_POINT('',(1.828304467814E2,-5.120407109838E1,2.798856175288E0));
#822=DIRECTION('',(0.E0,-1.E0,0.E0));
#823=DIRECTION('',(-2.842170943040E-14,0.E0,1.E0));
#824=AXIS2_PLACEMENT_3D('',#821,#822,#823);
#826=CARTESIAN_POINT('',(1.830804467814E2,-5.120407109838E1,2.798856175288E0));
#827=DIRECTION('',(0.E0,0.E0,1.E0));
#828=DIRECTION('',(-1.E0,0.E0,0.E0));
#829=AXIS2_PLACEMENT_3D('',#826,#827,#828);
#831=CARTESIAN_POINT('',(1.830804467814E2,-5.120407109838E1,1.998856175288E0));
#832=DIRECTION('',(0.E0,0.E0,-1.E0));
#833=DIRECTION('',(0.E0,-1.E0,0.E0));
#834=AXIS2_PLACEMENT_3D('',#831,#832,#833);
#836=DIRECTION('',(0.E0,-1.015475881963E-14,-1.E0));
#837=VECTOR('',#836,2.798856175240E0);
#838=CARTESIAN_POINT('',(1.818304467814E2,-4.642815789742E1,2.798856175287E0));
#839=LINE('',#838,#837);
#840=DIRECTION('',(0.E0,-1.E0,1.190210468183E-14));
#841=VECTOR('',#840,4.775913200257E0);
#842=CARTESIAN_POINT('',(1.818304467814E2,-4.642815789742E1,2.798856175287E0));
#843=LINE('',#842,#841);
#844=DIRECTION('',(3.552713678800E-14,8.792344630137E-10,1.E0));
#845=VECTOR('',#844,8.E-1);
#846=CARTESIAN_POINT('',(1.818304467814E2,-5.120407109838E1,1.998856175288E0));
#847=LINE('',#846,#845);
#848=DIRECTION('',(0.E0,0.E0,-1.E0));
#849=VECTOR('',#848,1.998856175240E0);
#850=CARTESIAN_POINT('',(1.818304467814E2,-5.770407109838E1,1.998856175288E0));
#851=LINE('',#850,#849);
#852=DIRECTION('',(0.E0,0.E0,-1.E0));
#853=VECTOR('',#852,2.798856175240E0);
#854=CARTESIAN_POINT('',(1.818304467814E2,-4.044792057238E1,2.798856175287E0));
#855=LINE('',#854,#853);
#856=DIRECTION('',(0.E0,-1.E0,-1.256055776960E-14));
#857=VECTOR('',#856,4.065922872975E0);
#858=CARTESIAN_POINT('',(1.818304467814E2,-4.044792057238E1,2.798856175287E0));
#859=LINE('',#858,#857);
#860=DIRECTION('',(0.E0,0.E0,-1.E0));
#861=VECTOR('',#860,2.798856175240E0);
#862=CARTESIAN_POINT('',(1.818304467814E2,-4.451384344536E1,2.798856175287E0));
#863=LINE('',#862,#861);
#864=DIRECTION('',(0.E0,0.E0,-1.E0));
#865=VECTOR('',#864,2.798856175240E0);
#866=CARTESIAN_POINT('',(1.818304467814E2,-3.446768324735E1,2.798856175288E0));
#867=LINE('',#866,#865);
#868=DIRECTION('',(0.E0,-1.E0,1.572800277237E-14));
#869=VECTOR('',#868,4.065922872975E0);
#870=CARTESIAN_POINT('',(1.818304467814E2,-3.446768324735E1,2.798856175288E0));
#871=LINE('',#870,#869);
#872=DIRECTION('',(0.E0,0.E0,-1.E0));
#873=VECTOR('',#872,2.798856175240E0);
#874=CARTESIAN_POINT('',(1.818304467814E2,-3.853360612033E1,2.798856175288E0));
#875=LINE('',#874,#873);
#876=DIRECTION('',(0.E0,0.E0,-1.E0));
#877=VECTOR('',#876,2.798856175240E0);
#878=CARTESIAN_POINT('',(1.818304467814E2,-2.848744592232E1,2.798856175288E0));
#879=LINE('',#878,#877);
#880=DIRECTION('',(0.E0,-1.E0,1.212366880370E-14));
#881=VECTOR('',#880,4.065922872975E0);
#882=CARTESIAN_POINT('',(1.818304467814E2,-2.848744592232E1,2.798856175288E0));
#883=LINE('',#882,#881);
#884=DIRECTION('',(0.E0,0.E0,-1.E0));
#885=VECTOR('',#884,2.798856175240E0);
#886=CARTESIAN_POINT('',(1.818304467814E2,-3.255336879529E1,2.798856175288E0));
#887=LINE('',#886,#885);
#888=DIRECTION('',(0.E0,0.E0,-1.E0));
#889=VECTOR('',#888,2.798856175240E0);
#890=CARTESIAN_POINT('',(1.818304467814E2,-2.250720859729E1,2.798856175288E0));
#891=LINE('',#890,#889);
#892=DIRECTION('',(0.E0,-1.E0,1.059455742306E-14));
#893=VECTOR('',#892,4.065922872975E0);
#894=CARTESIAN_POINT('',(1.818304467814E2,-2.250720859729E1,2.798856175288E0));
#895=LINE('',#894,#893);
#896=DIRECTION('',(0.E0,0.E0,-1.E0));
#897=VECTOR('',#896,2.798856175240E0);
#898=CARTESIAN_POINT('',(1.818304467814E2,-2.657313147026E1,2.798856175288E0));
#899=LINE('',#898,#897);
#900=DIRECTION('',(0.E0,0.E0,-1.E0));
#901=VECTOR('',#900,2.798856175240E0);
#902=CARTESIAN_POINT('',(1.818304467814E2,-1.652697127225E1,2.798856175287E0));
#903=LINE('',#902,#901);
#904=DIRECTION('',(0.E0,-1.E0,2.839778278345E-14));
#905=VECTOR('',#904,4.065922872975E0);
#906=CARTESIAN_POINT('',(1.818304467814E2,-1.652697127225E1,2.798856175287E0));
#907=LINE('',#906,#905);
#908=DIRECTION('',(0.E0,0.E0,-1.E0));
#909=VECTOR('',#908,2.798856175240E0);
#910=CARTESIAN_POINT('',(1.818304467814E2,-2.059289414523E1,2.798856175288E0));
#911=LINE('',#910,#909);
#912=DIRECTION('',(0.E0,0.E0,-1.E0));
#913=VECTOR('',#912,2.798856175240E0);
#914=CARTESIAN_POINT('',(1.818304467814E2,-1.054673394722E1,2.798856175288E0));
#915=LINE('',#914,#913);
#916=DIRECTION('',(0.E0,-1.E0,1.092222414748E-14));
#917=VECTOR('',#916,4.065922872975E0);
#918=CARTESIAN_POINT('',(1.818304467814E2,-1.054673394722E1,2.798856175288E0));
#919=LINE('',#918,#917);
#920=DIRECTION('',(0.E0,0.E0,-1.E0));
#921=VECTOR('',#920,2.798856175240E0);
#922=CARTESIAN_POINT('',(1.818304467814E2,-1.461265682020E1,2.798856175288E0));
#923=LINE('',#922,#921);
#924=DIRECTION('',(0.E0,0.E0,-1.E0));
#925=VECTOR('',#924,2.798856175240E0);
#926=CARTESIAN_POINT('',(1.818304467814E2,-4.566496622188E0,2.798856175288E0));
#927=LINE('',#926,#925);
#928=DIRECTION('',(0.E0,-1.E0,0.E0));
#929=VECTOR('',#928,4.065922872975E0);
#930=CARTESIAN_POINT('',(1.818304467814E2,-4.566496622188E0,2.798856175288E0));
#931=LINE('',#930,#929);
#932=DIRECTION('',(0.E0,0.E0,-1.E0));
#933=VECTOR('',#932,2.798856175240E0);
#934=CARTESIAN_POINT('',(1.818304467814E2,-8.632419495163E0,2.798856175288E0));
#935=LINE('',#934,#933);
#936=DIRECTION('',(0.E0,0.E0,-1.E0));
#937=VECTOR('',#936,2.798856175240E0);
#938=CARTESIAN_POINT('',(1.818304467814E2,1.413740702845E0,2.798856175288E0));
#939=LINE('',#938,#937);
#940=DIRECTION('',(0.E0,-1.E0,0.E0));
#941=VECTOR('',#940,4.065922872975E0);
#942=CARTESIAN_POINT('',(1.818304467814E2,1.413740702845E0,2.798856175288E0));
#943=LINE('',#942,#941);
#944=DIRECTION('',(0.E0,0.E0,-1.E0));
#945=VECTOR('',#944,2.798856175240E0);
#946=CARTESIAN_POINT('',(1.818304467814E2,-2.652182170130E0,2.798856175288E0));
#947=LINE('',#946,#945);
#948=DIRECTION('',(0.E0,0.E0,-1.E0));
#949=VECTOR('',#948,2.798856175240E0);
#950=CARTESIAN_POINT('',(1.818304467814E2,7.393978027877E0,2.798856175288E0));
#951=LINE('',#950,#949);
#952=DIRECTION('',(0.E0,-1.E0,1.376200242583E-14));
#953=VECTOR('',#952,4.065922872975E0);
#954=CARTESIAN_POINT('',(1.818304467814E2,7.393978027877E0,2.798856175288E0));
#955=LINE('',#954,#953);
#956=DIRECTION('',(0.E0,0.E0,-1.E0));
#957=VECTOR('',#956,2.798856175240E0);
#958=CARTESIAN_POINT('',(1.818304467814E2,3.328055154902E0,2.798856175288E0));
#959=LINE('',#958,#957);
#960=DIRECTION('',(0.E0,0.E0,-1.E0));
#961=VECTOR('',#960,2.798856175240E0);
#962=CARTESIAN_POINT('',(1.818304467814E2,1.337421535291E1,2.798856175287E0));
#963=LINE('',#962,#961);
#964=DIRECTION('',(0.E0,-1.E0,3.538800623784E-14));
#965=VECTOR('',#964,4.065922872975E0);
#966=CARTESIAN_POINT('',(1.818304467814E2,1.337421535291E1,2.798856175287E0));
#967=LINE('',#966,#965);
#968=DIRECTION('',(0.E0,0.E0,-1.E0));
#969=VECTOR('',#968,2.798856175240E0);
#970=CARTESIAN_POINT('',(1.818304467814E2,9.308292479935E0,2.798856175288E0));
#971=LINE('',#970,#969);
#972=DIRECTION('',(0.E0,0.E0,-1.E0));
#973=VECTOR('',#972,2.798856175240E0);
#974=CARTESIAN_POINT('',(1.818304467814E2,1.935445267794E1,2.798856175288E0));
#975=LINE('',#974,#973);
#976=DIRECTION('',(0.E0,-1.E0,2.020611467284E-14));
#977=VECTOR('',#976,4.065922872975E0);
#978=CARTESIAN_POINT('',(1.818304467814E2,1.935445267794E1,2.798856175288E0));
#979=LINE('',#978,#977);
#980=DIRECTION('',(0.E0,0.E0,-1.E0));
#981=VECTOR('',#980,2.798856175240E0);
#982=CARTESIAN_POINT('',(1.818304467814E2,1.528852980497E1,2.798856175288E0));
#983=LINE('',#982,#981);
#984=DIRECTION('',(0.E0,0.E0,-1.E0));
#985=VECTOR('',#984,2.798856175240E0);
#986=CARTESIAN_POINT('',(1.818304467814E2,2.533469000298E1,2.798856175288E0));
#987=LINE('',#986,#985);
#988=DIRECTION('',(0.E0,-1.E0,0.E0));
#989=VECTOR('',#988,4.065922872975E0);
#990=CARTESIAN_POINT('',(1.818304467814E2,2.533469000298E1,2.798856175288E0));
#991=LINE('',#990,#989);
#992=DIRECTION('',(0.E0,1.015475881963E-14,-1.E0));
#993=VECTOR('',#992,2.798856175240E0);
#994=CARTESIAN_POINT('',(1.818304467814E2,2.126876713E1,2.798856175288E0));
#995=LINE('',#994,#993);
#996=DIRECTION('',(0.E0,0.E0,-1.E0));
#997=VECTOR('',#996,2.798856175240E0);
#998=CARTESIAN_POINT('',(1.818304467814E2,3.131492732801E1,2.798856175288E0));
#999=LINE('',#998,#997);
#1000=DIRECTION('',(0.E0,-1.E0,0.E0));
#1001=VECTOR('',#1000,4.065922872975E0);
#1002=CARTESIAN_POINT('',(1.818304467814E2,3.131492732801E1,2.798856175288E0));
#1003=LINE('',#1002,#1001);
#1004=DIRECTION('',(0.E0,0.E0,-1.E0));
#1005=VECTOR('',#1004,2.798856175240E0);
#1006=CARTESIAN_POINT('',(1.818304467814E2,2.724900445503E1,2.798856175288E0));
#1007=LINE('',#1006,#1005);
#1008=DIRECTION('',(0.E0,0.E0,-1.E0));
#1009=VECTOR('',#1008,2.798856175240E0);
#1010=CARTESIAN_POINT('',(1.818304467814E2,3.729516465304E1,2.798856175288E0));
#1011=LINE('',#1010,#1009);
#1012=DIRECTION('',(0.E0,-1.E0,0.E0));
#1013=VECTOR('',#1012,4.065922872975E0);
#1014=CARTESIAN_POINT('',(1.818304467814E2,3.729516465304E1,2.798856175288E0));
#1015=LINE('',#1014,#1013);
#1016=DIRECTION('',(0.E0,0.E0,-1.E0));
#1017=VECTOR('',#1016,2.798856175240E0);
#1018=CARTESIAN_POINT('',(1.818304467814E2,3.322924178007E1,2.798856175288E0));
#1019=LINE('',#1018,#1017);
#1020=DIRECTION('',(0.E0,0.E0,-1.E0));
#1021=VECTOR('',#1020,2.798856175240E0);
#1022=CARTESIAN_POINT('',(1.818304467814E2,4.518971643013E1,2.798856175288E0));
#1023=LINE('',#1022,#1021);
#1024=DIRECTION('',(0.E0,0.E0,-1.E0));
#1025=VECTOR('',#1024,1.998856175240E0);
#1026=CARTESIAN_POINT('',(1.818304467814E2,5.559592890162E1,1.998856175288E0));
#1027=LINE('',#1026,#1025);
#1028=DIRECTION('',(-3.552713678800E-14,2.775849772263E-8,-1.E0));
#1029=VECTOR('',#1028,8.E-1);
#1030=CARTESIAN_POINT('',(1.818304467814E2,4.909592887942E1,2.798856175288E0));
#1031=LINE('',#1030,#1029);
#1032=DIRECTION('',(0.E0,-1.E0,0.E0));
#1033=VECTOR('',#1032,3.906212449287E0);
#1034=CARTESIAN_POINT('',(1.818304467814E2,4.909592887942E1,2.798856175288E0));
#1035=LINE('',#1034,#1033);
#1036=DIRECTION('',(0.E0,-1.015475881963E-14,-1.E0));
#1037=VECTOR('',#1036,2.798856175240E0);
#1038=CARTESIAN_POINT('',(1.818304467814E2,4.327540197807E1,2.798856175288E0));
#1039=LINE('',#1038,#1037);
#1040=DIRECTION('',(0.E0,-1.E0,-1.845855880924E-14));
#1041=VECTOR('',#1040,4.065922872975E0);
#1042=CARTESIAN_POINT('',(1.818304467814E2,4.327540197807E1,2.798856175288E0));
#1043=LINE('',#1042,#1041);
#1044=DIRECTION('',(0.E0,0.E0,-1.E0));
#1045=VECTOR('',#1044,2.798856175240E0);
#1046=CARTESIAN_POINT('',(1.818304467814E2,3.920947910510E1,2.798856175288E0));
#1047=LINE('',#1046,#1045);
#1048=DIRECTION('',(1.504062215414E-14,0.E0,-1.E0));
#1049=VECTOR('',#1048,3.779326299023E0);
#1050=CARTESIAN_POINT('',(1.826337786945E2,-4.547100067139E1,3.779326299070E0));
#1051=LINE('',#1050,#1049);
#1052=CARTESIAN_POINT('',(1.818304467814E2,4.518971643013E1,2.798856175288E0));
#1053=CARTESIAN_POINT('',(1.818304467814E2,4.518971643013E1,2.832262670262E0));
#1054=CARTESIAN_POINT('',(1.818337892950E2,4.517435279531E1,2.897247818191E0));
#1055=CARTESIAN_POINT('',(1.818472593173E2,4.512099226845E1,2.988604326499E0));
#1056=CARTESIAN_POINT('',(1.818677675143E2,4.505365770143E1,3.074307037819E0));
#1057=CARTESIAN_POINT('',(1.818968010892E2,4.497466903105E1,3.161198286100E0));
#1058=CARTESIAN_POINT('',(1.819367921954E2,4.488488855356E1,3.251570183202E0));
#1059=CARTESIAN_POINT('',(1.819909935392E2,4.478489215438E1,3.346304998791E0));
#1060=CARTESIAN_POINT('',(1.820627392263E2,4.467678415980E1,3.443881089136E0));
#1061=CARTESIAN_POINT('',(1.821576320244E2,4.456096093098E1,3.543672698689E0));
#1062=CARTESIAN_POINT('',(1.822865441324E2,4.443724086835E1,3.644133146275E0));
#1063=CARTESIAN_POINT('',(1.824496387089E2,4.432050544191E1,3.729813364845E0));
#1064=CARTESIAN_POINT('',(1.825702075917E2,4.425908398809E1,3.766574857822E0));
#1065=CARTESIAN_POINT('',(1.826337786945E2,4.423255920410E1,3.779326299070E0));
#1067=CARTESIAN_POINT('',(1.828304467814E2,4.909592890162E1,2.798856175288E0));
#1068=DIRECTION('',(0.E0,-1.E0,0.E0));
#1069=DIRECTION('',(0.E0,0.E0,1.E0));
#1070=AXIS2_PLACEMENT_3D('',#1067,#1068,#1069);
#1072=CARTESIAN_POINT('',(1.826337786945E2,-4.547100067139E1,3.779326299070E0));
#1073=CARTESIAN_POINT('',(1.825641927381E2,-4.550003512856E1,3.765368365430E0));
#1074=CARTESIAN_POINT('',(1.824361754966E2,-4.556681275714E1,3.724604444335E0));
#1075=CARTESIAN_POINT('',(1.822738574658E2,-4.568656658085E1,3.635584398010E0));
#1076=CARTESIAN_POINT('',(1.821503709143E2,-4.580761798741E1,3.536718977047E0));
#1077=CARTESIAN_POINT('',(1.820584906094E2,-4.592114157462E1,3.438635884099E0));
#1078=CARTESIAN_POINT('',(1.819887586022E2,-4.602723331566E1,3.342667646731E0));
#1079=CARTESIAN_POINT('',(1.819361241287E2,-4.612479369883E1,3.250111876401E0));
#1080=CARTESIAN_POINT('',(1.818962624891E2,-4.621435017060E1,3.159937952621E0));
#1081=CARTESIAN_POINT('',(1.818666374634E2,-4.629535698495E1,3.070631044231E0));
#1082=CARTESIAN_POINT('',(1.818462227628E2,-4.636323863318E1,2.983162804793E0));
#1083=CARTESIAN_POINT('',(1.818334914850E2,-4.641417879657E1,2.893303202408E0));
#1084=CARTESIAN_POINT('',(1.818304467814E2,-4.642815789742E1,2.830658707446E0));
#1085=CARTESIAN_POINT('',(1.818304467814E2,-4.642815789742E1,2.798856175287E0));
#1087=CARTESIAN_POINT('',(1.818304467814E2,-4.451384344536E1,2.798856175287E0));
#1088=CARTESIAN_POINT('',(1.818304467814E2,-4.451384344536E1,2.832262670262E0));
#1089=CARTESIAN_POINT('',(1.818337892950E2,-4.452920708018E1,2.897247818191E0));
#1090=CARTESIAN_POINT('',(1.818472593173E2,-4.458256760704E1,2.988604326499E0));
#1091=CARTESIAN_POINT('',(1.818677675143E2,-4.464990217406E1,3.074307037819E0));
#1092=CARTESIAN_POINT('',(1.818968010892E2,-4.472889084444E1,3.161198286100E0));
#1093=CARTESIAN_POINT('',(1.819367921954E2,-4.481867132193E1,3.251570183202E0));
#1094=CARTESIAN_POINT('',(1.819909935392E2,-4.491866772111E1,3.346304998791E0));
#1095=CARTESIAN_POINT('',(1.820627392263E2,-4.502677571569E1,3.443881089136E0));
#1096=CARTESIAN_POINT('',(1.821576320244E2,-4.514259894451E1,3.543672698689E0));
#1097=CARTESIAN_POINT('',(1.822865441324E2,-4.526631900714E1,3.644133146275E0));
#1098=CARTESIAN_POINT('',(1.824496387089E2,-4.538305443358E1,3.729813364845E0));
#1099=CARTESIAN_POINT('',(1.825702075917E2,-4.544447588739E1,3.766574857822E0));
#1100=CARTESIAN_POINT('',(1.826337786945E2,-4.547100067139E1,3.779326299070E0));
#1102=CARTESIAN_POINT('',(1.826337786945E2,-3.949076334635E1,3.779326299070E0));
#1103=CARTESIAN_POINT('',(1.825641927381E2,-3.951979780352E1,3.765368365430E0));
#1104=CARTESIAN_POINT('',(1.824361754966E2,-3.958657543211E1,3.724604444335E0));
#1105=CARTESIAN_POINT('',(1.822738574658E2,-3.970632925582E1,3.635584398010E0));
#1106=CARTESIAN_POINT('',(1.821503709143E2,-3.982738066238E1,3.536718977047E0));
#1107=CARTESIAN_POINT('',(1.820584906094E2,-3.994090424959E1,3.438635884099E0));
#1108=CARTESIAN_POINT('',(1.819887586022E2,-4.004699599063E1,3.342667646731E0));
#1109=CARTESIAN_POINT('',(1.819361241287E2,-4.014455637379E1,3.250111876401E0));
#1110=CARTESIAN_POINT('',(1.818962624891E2,-4.023411284556E1,3.159937952621E0));
#1111=CARTESIAN_POINT('',(1.818666374634E2,-4.031511965992E1,3.070631044231E0));
#1112=CARTESIAN_POINT('',(1.818462227628E2,-4.038300130815E1,2.983162804793E0));
#1113=CARTESIAN_POINT('',(1.818334914850E2,-4.043394147154E1,2.893303202408E0));
#1114=CARTESIAN_POINT('',(1.818304467814E2,-4.044792057238E1,2.830658707446E0));
#1115=CARTESIAN_POINT('',(1.818304467814E2,-4.044792057238E1,2.798856175287E0));
#1117=CARTESIAN_POINT('',(1.818304467814E2,-3.853360612033E1,2.798856175288E0));
#1118=CARTESIAN_POINT('',(1.818304467814E2,-3.853360612033E1,2.832262670262E0));
#1119=CARTESIAN_POINT('',(1.818337892950E2,-3.854896975515E1,2.897247818191E0));
#1120=CARTESIAN_POINT('',(1.818472593173E2,-3.860233028200E1,2.988604326499E0));
#1121=CARTESIAN_POINT('',(1.818677675143E2,-3.866966484902E1,3.074307037819E0));
#1122=CARTESIAN_POINT('',(1.818968010892E2,-3.874865351940E1,3.161198286100E0));
#1123=CARTESIAN_POINT('',(1.819367921954E2,-3.883843399690E1,3.251570183202E0));
#1124=CARTESIAN_POINT('',(1.819909935392E2,-3.893843039607E1,3.346304998791E0));
#1125=CARTESIAN_POINT('',(1.820627392263E2,-3.904653839066E1,3.443881089136E0));
#1126=CARTESIAN_POINT('',(1.821576320244E2,-3.916236161948E1,3.543672698689E0));
#1127=CARTESIAN_POINT('',(1.822865441324E2,-3.928608168211E1,3.644133146275E0));
#1128=CARTESIAN_POINT('',(1.824496387089E2,-3.940281710855E1,3.729813364845E0));
#1129=CARTESIAN_POINT('',(1.825702075917E2,-3.946423856236E1,3.766574857822E0));
#1130=CARTESIAN_POINT('',(1.826337786945E2,-3.949076334635E1,3.779326299070E0));
#1132=CARTESIAN_POINT('',(1.826337786945E2,-3.351052602132E1,3.779326299070E0));
#1133=CARTESIAN_POINT('',(1.825641927381E2,-3.353956047849E1,3.765368365430E0));
#1134=CARTESIAN_POINT('',(1.824361754966E2,-3.360633810708E1,3.724604444335E0));
#1135=CARTESIAN_POINT('',(1.822738574658E2,-3.372609193079E1,3.635584398010E0));
#1136=CARTESIAN_POINT('',(1.821503709143E2,-3.384714333734E1,3.536718977047E0));
#1137=CARTESIAN_POINT('',(1.820584906094E2,-3.396066692456E1,3.438635884099E0));
#1138=CARTESIAN_POINT('',(1.819887586022E2,-3.406675866559E1,3.342667646731E0));
#1139=CARTESIAN_POINT('',(1.819361241287E2,-3.416431904876E1,3.250111876401E0));
#1140=CARTESIAN_POINT('',(1.818962624891E2,-3.425387552053E1,3.159937952621E0));
#1141=CARTESIAN_POINT('',(1.818666374634E2,-3.433488233489E1,3.070631044231E0));
#1142=CARTESIAN_POINT('',(1.818462227628E2,-3.440276398312E1,2.983162804793E0));
#1143=CARTESIAN_POINT('',(1.818334914850E2,-3.445370414651E1,2.893303202408E0));
#1144=CARTESIAN_POINT('',(1.818304467814E2,-3.446768324735E1,2.830658707446E0));
#1145=CARTESIAN_POINT('',(1.818304467814E2,-3.446768324735E1,2.798856175288E0));
#1147=CARTESIAN_POINT('',(1.818304467814E2,-3.255336879529E1,2.798856175288E0));
#1148=CARTESIAN_POINT('',(1.818304467814E2,-3.255336879529E1,2.832262670262E0));
#1149=CARTESIAN_POINT('',(1.818337892950E2,-3.256873243011E1,2.897247818191E0));
#1150=CARTESIAN_POINT('',(1.818472593173E2,-3.262209295697E1,2.988604326499E0));
#1151=CARTESIAN_POINT('',(1.818677675143E2,-3.268942752399E1,3.074307037819E0));
#1152=CARTESIAN_POINT('',(1.818968010892E2,-3.276841619437E1,3.161198286100E0));
#1153=CARTESIAN_POINT('',(1.819367921954E2,-3.285819667186E1,3.251570183202E0));
#1154=CARTESIAN_POINT('',(1.819909935392E2,-3.295819307104E1,3.346304998791E0));
#1155=CARTESIAN_POINT('',(1.820627392263E2,-3.306630106562E1,3.443881089136E0));
#1156=CARTESIAN_POINT('',(1.821576320244E2,-3.318212429444E1,3.543672698689E0));
#1157=CARTESIAN_POINT('',(1.822865441324E2,-3.330584435708E1,3.644133146275E0));
#1158=CARTESIAN_POINT('',(1.824496387089E2,-3.342257978352E1,3.729813364845E0));
#1159=CARTESIAN_POINT('',(1.825702075917E2,-3.348400123733E1,3.766574857822E0));
#1160=CARTESIAN_POINT('',(1.826337786945E2,-3.351052602132E1,3.779326299070E0));
#1162=CARTESIAN_POINT('',(1.826337786945E2,-2.753028869629E1,3.779326299070E0));
#1163=CARTESIAN_POINT('',(1.825641927381E2,-2.755932315346E1,3.765368365430E0));
#1164=CARTESIAN_POINT('',(1.824361754966E2,-2.762610078205E1,3.724604444335E0));
#1165=CARTESIAN_POINT('',(1.822738574658E2,-2.774585460575E1,3.635584398010E0));
#1166=CARTESIAN_POINT('',(1.821503709143E2,-2.786690601231E1,3.536718977047E0));
#1167=CARTESIAN_POINT('',(1.820584906094E2,-2.798042959953E1,3.438635884099E0));
#1168=CARTESIAN_POINT('',(1.819887586022E2,-2.808652134056E1,3.342667646731E0));
#1169=CARTESIAN_POINT('',(1.819361241287E2,-2.818408172373E1,3.250111876401E0));
#1170=CARTESIAN_POINT('',(1.818962624891E2,-2.827363819550E1,3.159937952621E0));
#1171=CARTESIAN_POINT('',(1.818666374634E2,-2.835464500986E1,3.070631044231E0));
#1172=CARTESIAN_POINT('',(1.818462227628E2,-2.842252665809E1,2.983162804793E0));
#1173=CARTESIAN_POINT('',(1.818334914850E2,-2.847346682148E1,2.893303202408E0));
#1174=CARTESIAN_POINT('',(1.818304467814E2,-2.848744592232E1,2.830658707446E0));
#1175=CARTESIAN_POINT('',(1.818304467814E2,-2.848744592232E1,2.798856175288E0));
#1177=CARTESIAN_POINT('',(1.818304467814E2,-2.657313147026E1,2.798856175288E0));
#1178=CARTESIAN_POINT('',(1.818304467814E2,-2.657313147026E1,2.832262670262E0));
#1179=CARTESIAN_POINT('',(1.818337892950E2,-2.658849510508E1,2.897247818191E0));
#1180=CARTESIAN_POINT('',(1.818472593173E2,-2.664185563194E1,2.988604326499E0));
#1181=CARTESIAN_POINT('',(1.818677675143E2,-2.670919019896E1,3.074307037819E0));
#1182=CARTESIAN_POINT('',(1.818968010892E2,-2.678817886934E1,3.161198286100E0));
#1183=CARTESIAN_POINT('',(1.819367921954E2,-2.687795934683E1,3.251570183202E0));
#1184=CARTESIAN_POINT('',(1.819909935392E2,-2.697795574601E1,3.346304998791E0));
#1185=CARTESIAN_POINT('',(1.820627392263E2,-2.708606374059E1,3.443881089136E0));
#1186=CARTESIAN_POINT('',(1.821576320244E2,-2.720188696941E1,3.543672698689E0));
#1187=CARTESIAN_POINT('',(1.822865441324E2,-2.732560703205E1,3.644133146275E0));
#1188=CARTESIAN_POINT('',(1.824496387089E2,-2.744234245848E1,3.729813364845E0));
#1189=CARTESIAN_POINT('',(1.825702075917E2,-2.750376391230E1,3.766574857822E0));
#1190=CARTESIAN_POINT('',(1.826337786945E2,-2.753028869629E1,3.779326299070E0));
#1192=CARTESIAN_POINT('',(1.826337786945E2,-2.155005137126E1,3.779326299070E0));
#1193=CARTESIAN_POINT('',(1.825641927381E2,-2.157908582843E1,3.765368365430E0));
#1194=CARTESIAN_POINT('',(1.824361754966E2,-2.164586345701E1,3.724604444335E0));
#1195=CARTESIAN_POINT('',(1.822738574658E2,-2.176561728072E1,3.635584398010E0));
#1196=CARTESIAN_POINT('',(1.821503709143E2,-2.188666868728E1,3.536718977047E0));
#1197=CARTESIAN_POINT('',(1.820584906094E2,-2.200019227449E1,3.438635884099E0));
#1198=CARTESIAN_POINT('',(1.819887586022E2,-2.210628401553E1,3.342667646731E0));
#1199=CARTESIAN_POINT('',(1.819361241287E2,-2.220384439870E1,3.250111876401E0));
#1200=CARTESIAN_POINT('',(1.818962624891E2,-2.229340087047E1,3.159937952621E0));
#1201=CARTESIAN_POINT('',(1.818666374634E2,-2.237440768482E1,3.070631044231E0));
#1202=CARTESIAN_POINT('',(1.818462227628E2,-2.244228933305E1,2.983162804793E0));
#1203=CARTESIAN_POINT('',(1.818334914850E2,-2.249322949644E1,2.893303202408E0));
#1204=CARTESIAN_POINT('',(1.818304467814E2,-2.250720859729E1,2.830658707446E0));
#1205=CARTESIAN_POINT('',(1.818304467814E2,-2.250720859729E1,2.798856175288E0));
#1207=CARTESIAN_POINT('',(1.818304467814E2,-2.059289414523E1,2.798856175288E0));
#1208=CARTESIAN_POINT('',(1.818304467814E2,-2.059289414523E1,2.832262670262E0));
#1209=CARTESIAN_POINT('',(1.818337892950E2,-2.060825778005E1,2.897247818191E0));
#1210=CARTESIAN_POINT('',(1.818472593173E2,-2.066161830691E1,2.988604326499E0));
#1211=CARTESIAN_POINT('',(1.818677675143E2,-2.072895287393E1,3.074307037819E0));
#1212=CARTESIAN_POINT('',(1.818968010892E2,-2.080794154431E1,3.161198286100E0));
#1213=CARTESIAN_POINT('',(1.819367921954E2,-2.089772202180E1,3.251570183202E0));
#1214=CARTESIAN_POINT('',(1.819909935392E2,-2.099771842098E1,3.346304998791E0));
#1215=CARTESIAN_POINT('',(1.820627392263E2,-2.110582641556E1,3.443881089136E0));
#1216=CARTESIAN_POINT('',(1.821576320244E2,-2.122164964438E1,3.543672698689E0));
#1217=CARTESIAN_POINT('',(1.822865441324E2,-2.134536970701E1,3.644133146275E0));
#1218=CARTESIAN_POINT('',(1.824496387089E2,-2.146210513345E1,3.729813364845E0));
#1219=CARTESIAN_POINT('',(1.825702075917E2,-2.152352658726E1,3.766574857822E0));
#1220=CARTESIAN_POINT('',(1.826337786945E2,-2.155005137126E1,3.779326299070E0));
#1222=CARTESIAN_POINT('',(1.826337786945E2,-1.556981404622E1,3.779326299070E0));
#1223=CARTESIAN_POINT('',(1.825641927381E2,-1.559884850339E1,3.765368365430E0));
#1224=CARTESIAN_POINT('',(1.824361754966E2,-1.566562613198E1,3.724604444335E0));
#1225=CARTESIAN_POINT('',(1.822738574658E2,-1.578537995569E1,3.635584398010E0));
#1226=CARTESIAN_POINT('',(1.821503709143E2,-1.590643136225E1,3.536718977047E0));
#1227=CARTESIAN_POINT('',(1.820584906094E2,-1.601995494946E1,3.438635884099E0));
#1228=CARTESIAN_POINT('',(1.819887586022E2,-1.612604669050E1,3.342667646731E0));
#1229=CARTESIAN_POINT('',(1.819361241287E2,-1.622360707366E1,3.250111876401E0));
#1230=CARTESIAN_POINT('',(1.818962624891E2,-1.631316354543E1,3.159937952621E0));
#1231=CARTESIAN_POINT('',(1.818666374634E2,-1.639417035979E1,3.070631044231E0));
#1232=CARTESIAN_POINT('',(1.818462227628E2,-1.646205200802E1,2.983162804793E0));
#1233=CARTESIAN_POINT('',(1.818334914850E2,-1.651299217141E1,2.893303202408E0));
#1234=CARTESIAN_POINT('',(1.818304467814E2,-1.652697127225E1,2.830658707446E0));
#1235=CARTESIAN_POINT('',(1.818304467814E2,-1.652697127225E1,2.798856175287E0));
#1237=CARTESIAN_POINT('',(1.818304467814E2,-1.461265682020E1,2.798856175288E0));
#1238=CARTESIAN_POINT('',(1.818304467814E2,-1.461265682020E1,2.832262670262E0));
#1239=CARTESIAN_POINT('',(1.818337892950E2,-1.462802045501E1,2.897247818191E0));
#1240=CARTESIAN_POINT('',(1.818472593173E2,-1.468138098187E1,2.988604326499E0));
#1241=CARTESIAN_POINT('',(1.818677675143E2,-1.474871554889E1,3.074307037819E0));
#1242=CARTESIAN_POINT('',(1.818968010892E2,-1.482770421927E1,3.161198286100E0));
#1243=CARTESIAN_POINT('',(1.819367921954E2,-1.491748469677E1,3.251570183202E0));
#1244=CARTESIAN_POINT('',(1.819909935392E2,-1.501748109594E1,3.346304998791E0));
#1245=CARTESIAN_POINT('',(1.820627392263E2,-1.512558909053E1,3.443881089136E0));
#1246=CARTESIAN_POINT('',(1.821576320244E2,-1.524141231935E1,3.543672698689E0));
#1247=CARTESIAN_POINT('',(1.822865441324E2,-1.536513238198E1,3.644133146275E0));
#1248=CARTESIAN_POINT('',(1.824496387089E2,-1.548186780842E1,3.729813364845E0));
#1249=CARTESIAN_POINT('',(1.825702075917E2,-1.554328926223E1,3.766574857822E0));
#1250=CARTESIAN_POINT('',(1.826337786945E2,-1.556981404622E1,3.779326299070E0));
#1252=CARTESIAN_POINT('',(1.826337786945E2,-9.589576721191E0,3.779326299070E0));
#1253=CARTESIAN_POINT('',(1.825641927381E2,-9.618611178361E0,3.765368365430E0));
#1254=CARTESIAN_POINT('',(1.824361754966E2,-9.685388806949E0,3.724604444335E0));
#1255=CARTESIAN_POINT('',(1.822738574658E2,-9.805142630655E0,3.635584398010E0));
#1256=CARTESIAN_POINT('',(1.821503709143E2,-9.926194037212E0,3.536718977047E0));
#1257=CARTESIAN_POINT('',(1.820584906094E2,-1.003971762443E1,3.438635884099E0));
#1258=CARTESIAN_POINT('',(1.819887586022E2,-1.014580936546E1,3.342667646731E0));
#1259=CARTESIAN_POINT('',(1.819361241287E2,-1.024336974863E1,3.250111876401E0));
#1260=CARTESIAN_POINT('',(1.818962624891E2,-1.033292622040E1,3.159937952621E0));
#1261=CARTESIAN_POINT('',(1.818666374634E2,-1.041393303476E1,3.070631044231E0));
#1262=CARTESIAN_POINT('',(1.818462227628E2,-1.048181468299E1,2.983162804793E0));
#1263=CARTESIAN_POINT('',(1.818334914850E2,-1.053275484638E1,2.893303202408E0));
#1264=CARTESIAN_POINT('',(1.818304467814E2,-1.054673394722E1,2.830658707446E0));
#1265=CARTESIAN_POINT('',(1.818304467814E2,-1.054673394722E1,2.798856175288E0));
#1267=CARTESIAN_POINT('',(1.818304467814E2,-8.632419495163E0,2.798856175288E0));
#1268=CARTESIAN_POINT('',(1.818304467814E2,-8.632419495163E0,2.832262670262E0));
#1269=CARTESIAN_POINT('',(1.818337892950E2,-8.647783129982E0,2.897247818191E0));
#1270=CARTESIAN_POINT('',(1.818472593173E2,-8.701143656842E0,2.988604326499E0));
#1271=CARTESIAN_POINT('',(1.818677675143E2,-8.768478223860E0,3.074307037819E0));
#1272=CARTESIAN_POINT('',(1.818968010892E2,-8.847466894240E0,3.161198286100E0));
#1273=CARTESIAN_POINT('',(1.819367921954E2,-8.937247371734E0,3.251570183202E0));
#1274=CARTESIAN_POINT('',(1.819909935392E2,-9.037243770911E0,3.346304998791E0));
#1275=CARTESIAN_POINT('',(1.820627392263E2,-9.145351765493E0,3.443881089136E0));
#1276=CARTESIAN_POINT('',(1.821576320244E2,-9.261174994314E0,3.543672698689E0));
#1277=CARTESIAN_POINT('',(1.822865441324E2,-9.384895056948E0,3.644133146275E0));
#1278=CARTESIAN_POINT('',(1.824496387089E2,-9.501630483387E0,3.729813364845E0));
#1279=CARTESIAN_POINT('',(1.825702075917E2,-9.563051937199E0,3.766574857822E0));
#1280=CARTESIAN_POINT('',(1.826337786945E2,-9.589576721191E0,3.779326299070E0));
#1282=CARTESIAN_POINT('',(1.826337786945E2,-3.609339396159E0,3.779326299070E0));
#1283=CARTESIAN_POINT('',(1.825641927381E2,-3.638373853329E0,3.765368365430E0));
#1284=CARTESIAN_POINT('',(1.824361754966E2,-3.705151481917E0,3.724604444335E0));
#1285=CARTESIAN_POINT('',(1.822738574658E2,-3.824905305622E0,3.635584398010E0));
#1286=CARTESIAN_POINT('',(1.821503709143E2,-3.945956712180E0,3.536718977047E0));
#1287=CARTESIAN_POINT('',(1.820584906094E2,-4.059480299396E0,3.438635884099E0));
#1288=CARTESIAN_POINT('',(1.819887586022E2,-4.165572040431E0,3.342667646731E0));
#1289=CARTESIAN_POINT('',(1.819361241287E2,-4.263132423599E0,3.250111876401E0));
#1290=CARTESIAN_POINT('',(1.818962624891E2,-4.352688895367E0,3.159937952621E0));
#1291=CARTESIAN_POINT('',(1.818666374634E2,-4.433695709725E0,3.070631044231E0));
#1292=CARTESIAN_POINT('',(1.818462227628E2,-4.501577357955E0,2.983162804793E0));
#1293=CARTESIAN_POINT('',(1.818334914850E2,-4.552517521346E0,2.893303202408E0));
#1294=CARTESIAN_POINT('',(1.818304467814E2,-4.566496622188E0,2.830658707446E0));
#1295=CARTESIAN_POINT('',(1.818304467814E2,-4.566496622188E0,2.798856175288E0));
#1297=CARTESIAN_POINT('',(1.818304467814E2,-2.652182170130E0,2.798856175288E0));
#1298=CARTESIAN_POINT('',(1.818304467814E2,-2.652182170130E0,2.832262670262E0));
#1299=CARTESIAN_POINT('',(1.818337892950E2,-2.667545804950E0,2.897247818191E0));
#1300=CARTESIAN_POINT('',(1.818472593173E2,-2.720906331809E0,2.988604326499E0));
#1301=CARTESIAN_POINT('',(1.818677675143E2,-2.788240898828E0,3.074307037819E0));
#1302=CARTESIAN_POINT('',(1.818968010892E2,-2.867229569208E0,3.161198286100E0));
#1303=CARTESIAN_POINT('',(1.819367921954E2,-2.957010046702E0,3.251570183203E0));
#1304=CARTESIAN_POINT('',(1.819909935392E2,-3.057006445879E0,3.346304998791E0));
#1305=CARTESIAN_POINT('',(1.820627392263E2,-3.165114440461E0,3.443881089136E0));
#1306=CARTESIAN_POINT('',(1.821576320244E2,-3.280937669282E0,3.543672698689E0));
#1307=CARTESIAN_POINT('',(1.822865441324E2,-3.404657731915E0,3.644133146275E0));
#1308=CARTESIAN_POINT('',(1.824496387089E2,-3.521393158355E0,3.729813364845E0));
#1309=CARTESIAN_POINT('',(1.825702075917E2,-3.582814612166E0,3.766574857822E0));
#1310=CARTESIAN_POINT('',(1.826337786945E2,-3.609339396159E0,3.779326299070E0));
#1312=CARTESIAN_POINT('',(1.826337786945E2,2.370897928874E0,3.779326299070E0));
#1313=CARTESIAN_POINT('',(1.825641927381E2,2.341863471704E0,3.765368365430E0));
#1314=CARTESIAN_POINT('',(1.824361754966E2,2.275085843116E0,3.724604444335E0));
#1315=CARTESIAN_POINT('',(1.822738574658E2,2.155332019410E0,3.635584398010E0));
#1316=CARTESIAN_POINT('',(1.821503709143E2,2.034280612853E0,3.536718977047E0));
#1317=CARTESIAN_POINT('',(1.820584906094E2,1.920757025637E0,3.438635884099E0));
#1318=CARTESIAN_POINT('',(1.819887586022E2,1.814665284602E0,3.342667646731E0));
#1319=CARTESIAN_POINT('',(1.819361241287E2,1.717104901433E0,3.250111876401E0));
#1320=CARTESIAN_POINT('',(1.818962624891E2,1.627548429665E0,3.159937952621E0));
#1321=CARTESIAN_POINT('',(1.818666374634E2,1.546541615308E0,3.070631044231E0));
#1322=CARTESIAN_POINT('',(1.818462227628E2,1.478659967077E0,2.983162804793E0));
#1323=CARTESIAN_POINT('',(1.818334914850E2,1.427719803686E0,2.893303202408E0));
#1324=CARTESIAN_POINT('',(1.818304467814E2,1.413740702845E0,2.830658707446E0));
#1325=CARTESIAN_POINT('',(1.818304467814E2,1.413740702845E0,2.798856175288E0));
#1327=CARTESIAN_POINT('',(1.818304467814E2,3.328055154902E0,2.798856175288E0));
#1328=CARTESIAN_POINT('',(1.818304467814E2,3.328055154902E0,2.832262670262E0));
#1329=CARTESIAN_POINT('',(1.818337892950E2,3.312691520083E0,2.897247818191E0));
#1330=CARTESIAN_POINT('',(1.818472593173E2,3.259330993223E0,2.988604326499E0));
#1331=CARTESIAN_POINT('',(1.818677675143E2,3.191996426205E0,3.074307037819E0));
#1332=CARTESIAN_POINT('',(1.818968010892E2,3.113007755825E0,3.161198286100E0));
#1333=CARTESIAN_POINT('',(1.819367921954E2,3.023227278331E0,3.251570183203E0));
#1334=CARTESIAN_POINT('',(1.819909935392E2,2.923230879154E0,3.346304998791E0));
#1335=CARTESIAN_POINT('',(1.820627392263E2,2.815122884572E0,3.443881089136E0));
#1336=CARTESIAN_POINT('',(1.821576320244E2,2.699299655751E0,3.543672698689E0));
#1337=CARTESIAN_POINT('',(1.822865441324E2,2.575579593118E0,3.644133146275E0));
#1338=CARTESIAN_POINT('',(1.824496387089E2,2.458844166678E0,3.729813364845E0));
#1339=CARTESIAN_POINT('',(1.825702075917E2,2.397422712866E0,3.766574857822E0));
#1340=CARTESIAN_POINT('',(1.826337786945E2,2.370897928874E0,3.779326299070E0));
#1342=CARTESIAN_POINT('',(1.826337786945E2,8.351135253906E0,3.779326299070E0));
#1343=CARTESIAN_POINT('',(1.825641927381E2,8.322100796737E0,3.765368365430E0));
#1344=CARTESIAN_POINT('',(1.824361754966E2,8.255323168148E0,3.724604444335E0));
#1345=CARTESIAN_POINT('',(1.822738574658E2,8.135569344443E0,3.635584398010E0));
#1346=CARTESIAN_POINT('',(1.821503709143E2,8.014517937885E0,3.536718977047E0));
#1347=CARTESIAN_POINT('',(1.820584906094E2,7.900994350669E0,3.438635884099E0));
#1348=CARTESIAN_POINT('',(1.819887586022E2,7.794902609634E0,3.342667646731E0));
#1349=CARTESIAN_POINT('',(1.819361241287E2,7.697342226466E0,3.250111876401E0));
#1350=CARTESIAN_POINT('',(1.818962624891E2,7.607785754698E0,3.159937952621E0));
#1351=CARTESIAN_POINT('',(1.818666374634E2,7.526778940340E0,3.070631044231E0));
#1352=CARTESIAN_POINT('',(1.818462227628E2,7.458897292110E0,2.983162804793E0));
#1353=CARTESIAN_POINT('',(1.818334914850E2,7.407957128719E0,2.893303202408E0));
#1354=CARTESIAN_POINT('',(1.818304467814E2,7.393978027877E0,2.830658707446E0));
#1355=CARTESIAN_POINT('',(1.818304467814E2,7.393978027877E0,2.798856175288E0));
#1357=CARTESIAN_POINT('',(1.818304467814E2,9.308292479935E0,2.798856175288E0));
#1358=CARTESIAN_POINT('',(1.818304467814E2,9.308292479935E0,2.832262670262E0));
#1359=CARTESIAN_POINT('',(1.818337892950E2,9.292928845115E0,2.897247818191E0));
#1360=CARTESIAN_POINT('',(1.818472593173E2,9.239568318256E0,2.988604326499E0));
#1361=CARTESIAN_POINT('',(1.818677675143E2,9.172233751237E0,3.074307037819E0));
#1362=CARTESIAN_POINT('',(1.818968010892E2,9.093245080857E0,3.161198286100E0));
#1363=CARTESIAN_POINT('',(1.819367921954E2,9.003464603363E0,3.251570183202E0));
#1364=CARTESIAN_POINT('',(1.819909935392E2,8.903468204186E0,3.346304998791E0));
#1365=CARTESIAN_POINT('',(1.820627392263E2,8.795360209604E0,3.443881089136E0));
#1366=CARTESIAN_POINT('',(1.821576320244E2,8.679536980783E0,3.543672698689E0));
#1367=CARTESIAN_POINT('',(1.822865441324E2,8.555816918150E0,3.644133146275E0));
#1368=CARTESIAN_POINT('',(1.824496387089E2,8.439081491711E0,3.729813364845E0));
#1369=CARTESIAN_POINT('',(1.825702075917E2,8.377660037899E0,3.766574857822E0));
#1370=CARTESIAN_POINT('',(1.826337786945E2,8.351135253906E0,3.779326299070E0));
#1372=CARTESIAN_POINT('',(1.826337786945E2,1.433137257894E1,3.779326299070E0));
#1373=CARTESIAN_POINT('',(1.825641927381E2,1.430233812177E1,3.765368365430E0));
#1374=CARTESIAN_POINT('',(1.824361754966E2,1.423556049318E1,3.724604444335E0));
#1375=CARTESIAN_POINT('',(1.822738574658E2,1.411580666948E1,3.635584398010E0));
#1376=CARTESIAN_POINT('',(1.821503709143E2,1.399475526292E1,3.536718977047E0));
#1377=CARTESIAN_POINT('',(1.820584906094E2,1.388123167570E1,3.438635884099E0));
#1378=CARTESIAN_POINT('',(1.819887586022E2,1.377513993467E1,3.342667646731E0));
#1379=CARTESIAN_POINT('',(1.819361241287E2,1.367757955150E1,3.250111876401E0));
#1380=CARTESIAN_POINT('',(1.818962624891E2,1.358802307973E1,3.159937952621E0));
#1381=CARTESIAN_POINT('',(1.818666374634E2,1.350701626537E1,3.070631044231E0));
#1382=CARTESIAN_POINT('',(1.818462227628E2,1.343913461714E1,2.983162804793E0));
#1383=CARTESIAN_POINT('',(1.818334914850E2,1.338819445375E1,2.893303202408E0));
#1384=CARTESIAN_POINT('',(1.818304467814E2,1.337421535291E1,2.830658707446E0));
#1385=CARTESIAN_POINT('',(1.818304467814E2,1.337421535291E1,2.798856175287E0));
#1387=CARTESIAN_POINT('',(1.818304467814E2,1.528852980497E1,2.798856175288E0));
#1388=CARTESIAN_POINT('',(1.818304467814E2,1.528852980497E1,2.832262670262E0));
#1389=CARTESIAN_POINT('',(1.818337892950E2,1.527316617015E1,2.897247818191E0));
#1390=CARTESIAN_POINT('',(1.818472593173E2,1.521980564329E1,2.988604326499E0));
#1391=CARTESIAN_POINT('',(1.818677675143E2,1.515247107627E1,3.074307037819E0));
#1392=CARTESIAN_POINT('',(1.818968010892E2,1.507348240589E1,3.161198286100E0));
#1393=CARTESIAN_POINT('',(1.819367921954E2,1.498370192840E1,3.251570183202E0));
#1394=CARTESIAN_POINT('',(1.819909935392E2,1.488370552922E1,3.346304998791E0));
#1395=CARTESIAN_POINT('',(1.820627392263E2,1.477559753464E1,3.443881089136E0));
#1396=CARTESIAN_POINT('',(1.821576320244E2,1.465977430582E1,3.543672698689E0));
#1397=CARTESIAN_POINT('',(1.822865441324E2,1.453605424318E1,3.644133146275E0));
#1398=CARTESIAN_POINT('',(1.824496387089E2,1.441931881674E1,3.729813364845E0));
#1399=CARTESIAN_POINT('',(1.825702075917E2,1.435789736293E1,3.766574857822E0));
#1400=CARTESIAN_POINT('',(1.826337786945E2,1.433137257894E1,3.779326299070E0));
#1402=CARTESIAN_POINT('',(1.826337786945E2,2.031160990397E1,3.779326299070E0));
#1403=CARTESIAN_POINT('',(1.825641927381E2,2.028257544680E1,3.765368365430E0));
#1404=CARTESIAN_POINT('',(1.824361754966E2,2.021579781821E1,3.724604444335E0));
#1405=CARTESIAN_POINT('',(1.822738574658E2,2.009604399451E1,3.635584398010E0));
#1406=CARTESIAN_POINT('',(1.821503709143E2,1.997499258795E1,3.536718977047E0));
#1407=CARTESIAN_POINT('',(1.820584906094E2,1.986146900073E1,3.438635884099E0));
#1408=CARTESIAN_POINT('',(1.819887586022E2,1.975537725970E1,3.342667646731E0));
#1409=CARTESIAN_POINT('',(1.819361241287E2,1.965781687653E1,3.250111876401E0));
#1410=CARTESIAN_POINT('',(1.818962624891E2,1.956826040476E1,3.159937952621E0));
#1411=CARTESIAN_POINT('',(1.818666374634E2,1.948725359041E1,3.070631044231E0));
#1412=CARTESIAN_POINT('',(1.818462227628E2,1.941937194218E1,2.983162804793E0));
#1413=CARTESIAN_POINT('',(1.818334914850E2,1.936843177878E1,2.893303202408E0));
#1414=CARTESIAN_POINT('',(1.818304467814E2,1.935445267794E1,2.830658707446E0));
#1415=CARTESIAN_POINT('',(1.818304467814E2,1.935445267794E1,2.798856175288E0));
#1417=CARTESIAN_POINT('',(1.818304467814E2,2.126876713E1,2.798856175288E0));
#1418=CARTESIAN_POINT('',(1.818304467814E2,2.126876713E1,2.832262670262E0));
#1419=CARTESIAN_POINT('',(1.818337892950E2,2.125340349518E1,2.897247818191E0));
#1420=CARTESIAN_POINT('',(1.818472593173E2,2.120004296832E1,2.988604326499E0));
#1421=CARTESIAN_POINT('',(1.818677675143E2,2.113270840130E1,3.074307037819E0));
#1422=CARTESIAN_POINT('',(1.818968010892E2,2.105371973092E1,3.161198286100E0));
#1423=CARTESIAN_POINT('',(1.819367921954E2,2.096393925343E1,3.251570183202E0));
#1424=CARTESIAN_POINT('',(1.819909935392E2,2.086394285425E1,3.346304998791E0));
#1425=CARTESIAN_POINT('',(1.820627392263E2,2.075583485967E1,3.443881089136E0));
#1426=CARTESIAN_POINT('',(1.821576320244E2,2.064001163085E1,3.543672698689E0));
#1427=CARTESIAN_POINT('',(1.822865441324E2,2.051629156822E1,3.644133146275E0));
#1428=CARTESIAN_POINT('',(1.824496387089E2,2.039955614178E1,3.729813364845E0));
#1429=CARTESIAN_POINT('',(1.825702075917E2,2.033813468796E1,3.766574857822E0));
#1430=CARTESIAN_POINT('',(1.826337786945E2,2.031160990397E1,3.779326299070E0));
#1432=CARTESIAN_POINT('',(1.826337786945E2,2.629184722900E1,3.779326299070E0));
#1433=CARTESIAN_POINT('',(1.825641927381E2,2.626281277183E1,3.765368365430E0));
#1434=CARTESIAN_POINT('',(1.824361754966E2,2.619603514325E1,3.724604444335E0));
#1435=CARTESIAN_POINT('',(1.822738574658E2,2.607628131954E1,3.635584398010E0));
#1436=CARTESIAN_POINT('',(1.821503709143E2,2.595522991298E1,3.536718977047E0));
#1437=CARTESIAN_POINT('',(1.820584906094E2,2.584170632577E1,3.438635884099E0));
#1438=CARTESIAN_POINT('',(1.819887586022E2,2.573561458473E1,3.342667646731E0));
#1439=CARTESIAN_POINT('',(1.819361241287E2,2.563805420156E1,3.250111876401E0));
#1440=CARTESIAN_POINT('',(1.818962624891E2,2.554849772980E1,3.159937952621E0));
#1441=CARTESIAN_POINT('',(1.818666374634E2,2.546749091544E1,3.070631044231E0));
#1442=CARTESIAN_POINT('',(1.818462227628E2,2.539960926721E1,2.983162804793E0));
#1443=CARTESIAN_POINT('',(1.818334914850E2,2.534866910382E1,2.893303202408E0));
#1444=CARTESIAN_POINT('',(1.818304467814E2,2.533469000298E1,2.830658707446E0));
#1445=CARTESIAN_POINT('',(1.818304467814E2,2.533469000298E1,2.798856175288E0));
#1447=CARTESIAN_POINT('',(1.818304467814E2,2.724900445503E1,2.798856175288E0));
#1448=CARTESIAN_POINT('',(1.818304467814E2,2.724900445503E1,2.832262670262E0));
#1449=CARTESIAN_POINT('',(1.818337892950E2,2.723364082021E1,2.897247818191E0));
#1450=CARTESIAN_POINT('',(1.818472593173E2,2.718028029335E1,2.988604326499E0));
#1451=CARTESIAN_POINT('',(1.818677675143E2,2.711294572633E1,3.074307037819E0));
#1452=CARTESIAN_POINT('',(1.818968010892E2,2.703395705595E1,3.161198286100E0));
#1453=CARTESIAN_POINT('',(1.819367921954E2,2.694417657846E1,3.251570183202E0));
#1454=CARTESIAN_POINT('',(1.819909935392E2,2.684418017928E1,3.346304998791E0));
#1455=CARTESIAN_POINT('',(1.820627392263E2,2.673607218470E1,3.443881089136E0));
#1456=CARTESIAN_POINT('',(1.821576320244E2,2.662024895588E1,3.543672698689E0));
#1457=CARTESIAN_POINT('',(1.822865441324E2,2.649652889325E1,3.644133146275E0));
#1458=CARTESIAN_POINT('',(1.824496387089E2,2.637979346681E1,3.729813364845E0));
#1459=CARTESIAN_POINT('',(1.825702075917E2,2.631837201300E1,3.766574857822E0));
#1460=CARTESIAN_POINT('',(1.826337786945E2,2.629184722900E1,3.779326299070E0));
#1462=CARTESIAN_POINT('',(1.826337786945E2,3.227208455404E1,3.779326299070E0));
#1463=CARTESIAN_POINT('',(1.825641927381E2,3.224305009687E1,3.765368365430E0));
#1464=CARTESIAN_POINT('',(1.824361754966E2,3.217627246828E1,3.724604444335E0));
#1465=CARTESIAN_POINT('',(1.822738574658E2,3.205651864457E1,3.635584398010E0));
#1466=CARTESIAN_POINT('',(1.821503709143E2,3.193546723802E1,3.536718977047E0));
#1467=CARTESIAN_POINT('',(1.820584906094E2,3.182194365080E1,3.438635884099E0));
#1468=CARTESIAN_POINT('',(1.819887586022E2,3.171585190976E1,3.342667646731E0));
#1469=CARTESIAN_POINT('',(1.819361241287E2,3.161829152660E1,3.250111876401E0));
#1470=CARTESIAN_POINT('',(1.818962624891E2,3.152873505483E1,3.159937952621E0));
#1471=CARTESIAN_POINT('',(1.818666374634E2,3.144772824047E1,3.070631044231E0));
#1472=CARTESIAN_POINT('',(1.818462227628E2,3.137984659224E1,2.983162804793E0));
#1473=CARTESIAN_POINT('',(1.818334914850E2,3.132890642885E1,2.893303202408E0));
#1474=CARTESIAN_POINT('',(1.818304467814E2,3.131492732801E1,2.830658707446E0));
#1475=CARTESIAN_POINT('',(1.818304467814E2,3.131492732801E1,2.798856175288E0));
#1477=CARTESIAN_POINT('',(1.818304467814E2,3.322924178007E1,2.798856175288E0));
#1478=CARTESIAN_POINT('',(1.818304467814E2,3.322924178007E1,2.832262670262E0));
#1479=CARTESIAN_POINT('',(1.818337892950E2,3.321387814525E1,2.897247818191E0));
#1480=CARTESIAN_POINT('',(1.818472593173E2,3.316051761839E1,2.988604326499E0));
#1481=CARTESIAN_POINT('',(1.818677675143E2,3.309318305137E1,3.074307037819E0));
#1482=CARTESIAN_POINT('',(1.818968010892E2,3.301419438099E1,3.161198286100E0));
#1483=CARTESIAN_POINT('',(1.819367921954E2,3.292441390349E1,3.251570183202E0));
#1484=CARTESIAN_POINT('',(1.819909935392E2,3.282441750432E1,3.346304998791E0));
#1485=CARTESIAN_POINT('',(1.820627392263E2,3.271630950973E1,3.443881089136E0));
#1486=CARTESIAN_POINT('',(1.821576320244E2,3.260048628091E1,3.543672698689E0));
#1487=CARTESIAN_POINT('',(1.822865441324E2,3.247676621828E1,3.644133146275E0));
#1488=CARTESIAN_POINT('',(1.824496387089E2,3.236003079184E1,3.729813364845E0));
#1489=CARTESIAN_POINT('',(1.825702075917E2,3.229860933803E1,3.766574857822E0));
#1490=CARTESIAN_POINT('',(1.826337786945E2,3.227208455404E1,3.779326299070E0));
#1492=CARTESIAN_POINT('',(1.826337786945E2,3.825232187907E1,3.779326299070E0));
#1493=CARTESIAN_POINT('',(1.825641927381E2,3.822328742190E1,3.765368365430E0));
#1494=CARTESIAN_POINT('',(1.824361754966E2,3.815650979331E1,3.724604444335E0));
#1495=CARTESIAN_POINT('',(1.822738574658E2,3.803675596961E1,3.635584398010E0));
#1496=CARTESIAN_POINT('',(1.821503709143E2,3.791570456305E1,3.536718977047E0));
#1497=CARTESIAN_POINT('',(1.820584906094E2,3.780218097583E1,3.438635884099E0));
#1498=CARTESIAN_POINT('',(1.819887586022E2,3.769608923480E1,3.342667646731E0));
#1499=CARTESIAN_POINT('',(1.819361241287E2,3.759852885163E1,3.250111876401E0));
#1500=CARTESIAN_POINT('',(1.818962624891E2,3.750897237986E1,3.159937952621E0));
#1501=CARTESIAN_POINT('',(1.818666374634E2,3.742796556550E1,3.070631044231E0));
#1502=CARTESIAN_POINT('',(1.818462227628E2,3.736008391727E1,2.983162804793E0));
#1503=CARTESIAN_POINT('',(1.818334914850E2,3.730914375388E1,2.893303202408E0));
#1504=CARTESIAN_POINT('',(1.818304467814E2,3.729516465304E1,2.830658707446E0));
#1505=CARTESIAN_POINT('',(1.818304467814E2,3.729516465304E1,2.798856175288E0));
#1507=CARTESIAN_POINT('',(1.818304467814E2,3.920947910510E1,2.798856175288E0));
#1508=CARTESIAN_POINT('',(1.818304467814E2,3.920947910510E1,2.832262670262E0));
#1509=CARTESIAN_POINT('',(1.818337892950E2,3.919411547028E1,2.897247818191E0));
#1510=CARTESIAN_POINT('',(1.818472593173E2,3.914075494342E1,2.988604326499E0));
#1511=CARTESIAN_POINT('',(1.818677675143E2,3.907342037640E1,3.074307037819E0));
#1512=CARTESIAN_POINT('',(1.818968010892E2,3.899443170602E1,3.161198286100E0));
#1513=CARTESIAN_POINT('',(1.819367921954E2,3.890465122853E1,3.251570183202E0));
#1514=CARTESIAN_POINT('',(1.819909935392E2,3.880465482935E1,3.346304998791E0));
#1515=CARTESIAN_POINT('',(1.820627392263E2,3.869654683477E1,3.443881089136E0));
#1516=CARTESIAN_POINT('',(1.821576320244E2,3.858072360595E1,3.543672698689E0));
#1517=CARTESIAN_POINT('',(1.822865441324E2,3.845700354331E1,3.644133146275E0));
#1518=CARTESIAN_POINT('',(1.824496387089E2,3.834026811687E1,3.729813364845E0));
#1519=CARTESIAN_POINT('',(1.825702075917E2,3.827884666306E1,3.766574857822E0));
#1520=CARTESIAN_POINT('',(1.826337786945E2,3.825232187907E1,3.779326299070E0));
#1522=CARTESIAN_POINT('',(1.826337786945E2,4.423255920410E1,3.779326299070E0));
#1523=CARTESIAN_POINT('',(1.825641927381E2,4.420352474693E1,3.765368365430E0));
#1524=CARTESIAN_POINT('',(1.824361754966E2,4.413674711834E1,3.724604444335E0));
#1525=CARTESIAN_POINT('',(1.822738574658E2,4.401699329464E1,3.635584398010E0));
#1526=CARTESIAN_POINT('',(1.821503709143E2,4.389594188808E1,3.536718977047E0));
#1527=CARTESIAN_POINT('',(1.820584906094E2,4.378241830086E1,3.438635884099E0));
#1528=CARTESIAN_POINT('',(1.819887586022E2,4.367632655983E1,3.342667646731E0));
#1529=CARTESIAN_POINT('',(1.819361241287E2,4.357876617666E1,3.250111876401E0));
#1530=CARTESIAN_POINT('',(1.818962624891E2,4.348920970489E1,3.159937952621E0));
#1531=CARTESIAN_POINT('',(1.818666374634E2,4.340820289054E1,3.070631044231E0));
#1532=CARTESIAN_POINT('',(1.818462227628E2,4.334032124231E1,2.983162804793E0));
#1533=CARTESIAN_POINT('',(1.818334914850E2,4.328938107891E1,2.893303202408E0));
#1534=CARTESIAN_POINT('',(1.818304467814E2,4.327540197807E1,2.830658707446E0));
#1535=CARTESIAN_POINT('',(1.818304467814E2,4.327540197807E1,2.798856175288E0));
#1537=DIRECTION('',(1.504062215414E-14,0.E0,-1.E0));
#1538=VECTOR('',#1537,3.779326299023E0);
#1539=CARTESIAN_POINT('',(1.826337786945E2,4.423255920410E1,3.779326299070E0));
#1540=LINE('',#1539,#1538);
#1541=CARTESIAN_POINT('',(1.830804467814E2,4.934592890162E1,2.798856175288E0));
#1542=DIRECTION('',(-1.E0,0.E0,0.E0));
#1543=DIRECTION('',(0.E0,0.E0,1.E0));
#1544=AXIS2_PLACEMENT_3D('',#1541,#1542,#1543);
#1546=CARTESIAN_POINT('',(1.830804467814E2,4.909592890162E1,2.798856175288E0));
#1547=DIRECTION('',(0.E0,0.E0,1.E0));
#1548=DIRECTION('',(0.E0,1.E0,0.E0));
#1549=AXIS2_PLACEMENT_3D('',#1546,#1547,#1548);
#1551=CARTESIAN_POINT('',(1.830804467814E2,4.909592890162E1,1.998856175288E0));
#1552=DIRECTION('',(0.E0,0.E0,-1.E0));
#1553=DIRECTION('',(-1.E0,0.E0,0.E0));
#1554=AXIS2_PLACEMENT_3D('',#1551,#1552,#1553);
#1556=DIRECTION('',(-1.E0,0.E0,0.E0));
#1557=VECTOR('',#1556,1.75E0);
#1558=CARTESIAN_POINT('',(1.848304467814E2,5.034592890162E1,1.998856175288E0));
#1559=LINE('',#1558,#1557);
#1560=DIRECTION('',(0.E0,1.E0,0.E0));
#1561=VECTOR('',#1560,6.5E0);
#1562=CARTESIAN_POINT('',(1.818304467814E2,4.909592890162E1,1.998856175288E0));
#1563=LINE('',#1562,#1561);
#1564=CARTESIAN_POINT('',(1.830804467814E2,5.559592890162E1,1.998856175288E0));
#1565=DIRECTION('',(0.E0,0.E0,1.E0));
#1566=DIRECTION('',(0.E0,1.E0,0.E0));
#1567=AXIS2_PLACEMENT_3D('',#1564,#1565,#1566);
#1569=DIRECTION('',(1.E0,0.E0,0.E0));
#1570=VECTOR('',#1569,6.5E0);
#1571=CARTESIAN_POINT('',(1.830804467814E2,5.684592890162E1,1.998856175288E0));
#1572=LINE('',#1571,#1570);
#1573=DIRECTION('',(0.E0,-1.E0,0.E0));
#1574=VECTOR('',#1573,1.75E0);
#1575=CARTESIAN_POINT('',(1.883304467814E2,5.559592890162E1,1.998856175288E0));
#1576=LINE('',#1575,#1574);
#1577=CARTESIAN_POINT('',(1.848304467814E2,5.384592890162E1,1.998856175288E0));
#1578=DIRECTION('',(0.E0,0.E0,-1.E0));
#1579=DIRECTION('',(1.E0,0.E0,0.E0));
#1580=AXIS2_PLACEMENT_3D('',#1577,#1578,#1579);
#1582=CARTESIAN_POINT('',(1.846957646805E2,5.401888669046E1,1.998856175288E0));
#1583=DIRECTION('',(0.E0,0.E0,-1.E0));
#1584=DIRECTION('',(0.E0,1.E0,0.E0));
#1585=AXIS2_PLACEMENT_3D('',#1582,#1583,#1584);
#1587=CARTESIAN_POINT('',(1.846957646805E2,5.401888669046E1,1.998856175288E0));
#1588=DIRECTION('',(0.E0,0.E0,-1.E0));
#1589=DIRECTION('',(0.E0,-1.E0,0.E0));
#1590=AXIS2_PLACEMENT_3D('',#1587,#1588,#1589);
#1592=DIRECTION('',(-1.E0,0.E0,0.E0));
#1593=VECTOR('',#1592,1.750000000278E0);
#1594=CARTESIAN_POINT('',(1.848304467805E2,5.034592890162E1,2.798856175288E0));
#1595=LINE('',#1594,#1593);
#1596=DIRECTION('',(1.453592801681E-9,0.E0,-1.E0));
#1597=VECTOR('',#1596,8.E-1);
#1598=CARTESIAN_POINT('',(1.830804467802E2,5.034592890162E1,2.798856175288E0));
#1599=LINE('',#1598,#1597);
#1600=DIRECTION('',(1.106421620989E-9,0.E0,-1.E0));
#1601=VECTOR('',#1600,8.E-1);
#1602=CARTESIAN_POINT('',(1.848304467805E2,5.034592890162E1,2.798856175288E0));
#1603=LINE('',#1602,#1601);
#1604=CARTESIAN_POINT('',(1.848304467814E2,4.934592890162E1,2.798856175288E0));
#1605=DIRECTION('',(-1.E0,0.E0,0.E0));
#1606=DIRECTION('',(0.E0,0.E0,1.E0));
#1607=AXIS2_PLACEMENT_3D('',#1604,#1605,#1606);
#1609=CARTESIAN_POINT('',(1.848304467814E2,5.384592890162E1,2.798856175288E0));
#1610=DIRECTION('',(0.E0,0.E0,-1.E0));
#1611=DIRECTION('',(9.515475726916E-1,-3.075015721988E-1,0.E0));
#1612=AXIS2_PLACEMENT_3D('',#1609,#1610,#1611);
#1614=DIRECTION('',(-7.012604248726E-14,-1.457655697500E-8,-1.E0));
#1615=VECTOR('',#1614,8.105892881540E-1);
#1616=CARTESIAN_POINT('',(1.883304467814E2,5.384592891344E1,2.809445463442E0));
#1617=LINE('',#1616,#1615);
#1618=CARTESIAN_POINT('',(1.883304467814E2,5.384592891344E1,2.809445463442E0));
#1619=CARTESIAN_POINT('',(1.883304466491E2,5.376098020335E1,2.809445455060E0));
#1620=CARTESIAN_POINT('',(1.883241166142E2,5.358953815012E1,2.808633402743E0));
#1621=CARTESIAN_POINT('',(1.882965303860E2,5.333713312195E1,2.805463649691E0));
#1622=CARTESIAN_POINT('',(1.882467379942E2,5.306689241413E1,2.801087953776E0));
#1623=CARTESIAN_POINT('',(1.881934878464E2,5.287062899665E1,2.798856413610E0));
#1624=CARTESIAN_POINT('',(1.881608632999E2,5.276967344267E1,2.798856175288E0));
#1626=DIRECTION('',(-3.085785879227E-13,-1.E0,9.347672703011E-11));
#1627=VECTOR('',#1626,1.749999838981E0);
#1628=CARTESIAN_POINT('',(1.883304467814E2,5.559592875242E1,2.809445463278E0));
#1629=LINE('',#1628,#1627);
#1630=DIRECTION('',(7.012604250141E-13,-1.840679408429E-7,1.E0));
#1631=VECTOR('',#1630,8.105892879905E-1);
#1632=CARTESIAN_POINT('',(1.883304467814E2,5.559592890162E1,1.998856175288E0));
#1633=LINE('',#1632,#1631);
#1634=CARTESIAN_POINT('',(1.895804452763E2,5.684592890162E1,2.848073856714E0));
#1635=CARTESIAN_POINT('',(1.894717846522E2,5.684592860509E1,2.843615397001E0));
#1636=CARTESIAN_POINT('',(1.892565838115E2,5.681715771881E1,2.834915316406E0));
#1637=CARTESIAN_POINT('',(1.889640360381E2,5.669857446661E1,2.825212315708E0));
#1638=CARTESIAN_POINT('',(1.887080087867E2,5.650935782002E1,2.817921835199E0));
#1639=CARTESIAN_POINT('',(1.885070543245E2,5.626379186099E1,2.813078696551E0));
#1640=CARTESIAN_POINT('',(1.883652652930E2,5.595191391167E1,2.810106373805E0));
#1641=CARTESIAN_POINT('',(1.883304465439E2,5.571655787750E1,2.809445149460E0));
#1642=CARTESIAN_POINT('',(1.883304467814E2,5.559592875242E1,2.809445463278E0));
#1644=CARTESIAN_POINT('',(1.895804467814E2,5.559592890162E1,1.998856175288E0));
#1645=DIRECTION('',(0.E0,0.E0,-1.E0));
#1646=DIRECTION('',(-1.E0,0.E0,0.E0));
#1647=AXIS2_PLACEMENT_3D('',#1644,#1645,#1646);
#1649=CARTESIAN_POINT('',(2.157274455183E2,5.684592890162E1,1.042653700036E1));
#1650=DIRECTION('',(0.E0,1.E0,0.E0));
#1651=DIRECTION('',(1.E0,0.E0,0.E0));
#1652=AXIS2_PLACEMENT_3D('',#1649,#1650,#1651);
#1654=CARTESIAN_POINT('',(2.157274455183E2,5.684592890162E1,1.042653700036E1));
#1655=DIRECTION('',(0.E0,1.E0,0.E0));
#1656=DIRECTION('',(-1.E0,0.E0,0.E0));
#1657=AXIS2_PLACEMENT_3D('',#1654,#1655,#1656);
#1659=CARTESIAN_POINT('',(2.200804467814E2,5.684592858889E1,3.926435345454E0));
#1660=CARTESIAN_POINT('',(2.201034460545E2,5.684592803035E1,3.994706824937E0));
#1661=CARTESIAN_POINT('',(2.201476960543E2,5.684592930598E1,4.125728227902E0));
#1662=CARTESIAN_POINT('',(2.202108653288E2,5.684592879328E1,4.302614319174E0));
#1663=CARTESIAN_POINT('',(2.202744419441E2,5.684592893066E1,4.465841076732E0));
#1664=CARTESIAN_POINT('',(2.203445009267E2,5.684592889383E1,4.627947486381E0));
#1665=CARTESIAN_POINT('',(2.204317370905E2,5.684592890378E1,4.805538476748E0));
#1666=CARTESIAN_POINT('',(2.205390349732E2,5.684592890079E1,4.991672906803E0));
#1667=CARTESIAN_POINT('',(2.206583650162E2,5.684592890279E1,5.166691920904E0));
#1668=CARTESIAN_POINT('',(2.207951517103E2,5.684592889779E1,5.336630037201E0));
#1669=CARTESIAN_POINT('',(2.209615064219E2,5.684592891578E1,5.509561930275E0));
#1670=CARTESIAN_POINT('',(2.211050988446E2,5.684592887114E1,5.630079435021E0));
#1671=CARTESIAN_POINT('',(2.211858198042E2,5.684592890494E1,5.688900072811E0));
#1673=CARTESIAN_POINT('',(2.211858198042E2,5.684592890494E1,5.688900072811E0));
#1674=CARTESIAN_POINT('',(2.211920568198E2,5.684592890494E1,5.693445800061E0));
#1675=CARTESIAN_POINT('',(2.212031905260E2,5.684592890009E1,5.703782360901E0));
#1676=CARTESIAN_POINT('',(2.212159828150E2,5.684592890204E1,5.722163660281E0));
#1677=CARTESIAN_POINT('',(2.212251529363E2,5.684592890151E1,5.745139990765E0));
#1678=CARTESIAN_POINT('',(2.212274504020E2,5.684592890162E1,5.762189656687E0));
#1679=CARTESIAN_POINT('',(2.212274510492E2,5.684592890162E1,5.771261143567E0));
#1681=DIRECTION('',(-1.188111036453E-6,1.094369393376E-12,9.999999999993E-1));
#1682=VECTOR('',#1681,4.655275856796E0);
#1683=CARTESIAN_POINT('',(2.212274510492E2,5.684592890162E1,5.771261143567E0));
#1684=LINE('',#1683,#1682);
#1685=CARTESIAN_POINT('',(2.157274455183E2,5.684592890162E1,1.042653700036E1));
#1686=DIRECTION('',(0.E0,-1.E0,0.E0));
#1687=DIRECTION('',(1.E0,0.E0,-1.195003691960E-14));
#1688=AXIS2_PLACEMENT_3D('',#1685,#1686,#1687);
#1690=CARTESIAN_POINT('',(2.124174296518E2,5.684592890162E1,2.081180517039E1));
#1691=DIRECTION('',(0.E0,1.E0,0.E0));
#1692=DIRECTION('',(3.036711804124E-1,0.E0,-9.527768963335E-1));
#1693=AXIS2_PLACEMENT_3D('',#1690,#1691,#1692);
#1695=CARTESIAN_POINT('',(2.048304467814E2,5.684592890162E1,6.272283482110E0));
#1696=DIRECTION('',(0.E0,-1.E0,0.E0));
#1697=DIRECTION('',(4.626209067323E-1,0.E0,8.865562005052E-1));
#1698=AXIS2_PLACEMENT_3D('',#1695,#1696,#1697);
#1700=DIRECTION('',(-4.750536004900E-1,0.E0,-8.799568606821E-1));
#1701=VECTOR('',#1700,8.543472809973E0);
#1702=CARTESIAN_POINT('',(1.951509213137E2,5.684592890162E1,1.149787308722E1));
#1703=LINE('',#1702,#1701);
#1704=CARTESIAN_POINT('',(1.891124108585E2,5.684592890162E1,5.048856175288E0));
#1705=DIRECTION('',(0.E0,1.E0,0.E0));
#1706=DIRECTION('',(8.799568606961E-1,0.E0,-4.750536004641E-1));
#1707=AXIS2_PLACEMENT_3D('',#1704,#1705,#1706);
#1709=DIRECTION('',(1.772332697993E-6,5.363264373586E-12,-9.999999999984E-1));
#1710=VECTOR('',#1709,8.492176814281E-1);
#1711=CARTESIAN_POINT('',(1.895804452763E2,5.684592890162E1,2.848073856714E0));
#1712=LINE('',#1711,#1710);
#1713=DIRECTION('',(0.E0,0.E0,-1.E0));
#1714=VECTOR('',#1713,1.998856175240E0);
#1715=CARTESIAN_POINT('',(1.830804467814E2,5.684592890162E1,1.998856175288E0));
#1716=LINE('',#1715,#1714);
#1717=DIRECTION('',(0.E0,0.E0,-1.E0));
#1718=VECTOR('',#1717,1.998856175240E0);
#1719=CARTESIAN_POINT('',(2.265804467814E2,5.684592890162E1,1.998856175288E0));
#1720=LINE('',#1719,#1718);
#1721=DIRECTION('',(-1.474476891548E-14,1.622422769583E-7,-1.E0));
#1722=VECTOR('',#1721,1.927579170167E0);
#1723=CARTESIAN_POINT('',(2.200804467814E2,5.684592858889E1,3.926435345454E0));
#1724=LINE('',#1723,#1722);
#1725=DIRECTION('',(0.E0,-1.E0,0.E0));
#1726=VECTOR('',#1725,1.5E0);
#1727=CARTESIAN_POINT('',(2.209774455183E2,5.684592890162E1,1.042653700036E1));
#1728=LINE('',#1727,#1726);
#1729=DIRECTION('',(0.E0,-1.E0,0.E0));
#1730=VECTOR('',#1729,1.5E0);
#1731=CARTESIAN_POINT('',(2.104774455183E2,5.684592890162E1,1.042653700036E1));
#1732=LINE('',#1731,#1730);
#1733=CARTESIAN_POINT('',(2.157274455183E2,5.534592890162E1,1.042653700036E1));
#1734=DIRECTION('',(0.E0,1.E0,0.E0));
#1735=DIRECTION('',(1.E0,0.E0,0.E0));
#1736=AXIS2_PLACEMENT_3D('',#1733,#1734,#1735);
#1738=CARTESIAN_POINT('',(2.157274455183E2,5.534592890162E1,1.042653700036E1));
#1739=DIRECTION('',(0.E0,1.E0,0.E0));
#1740=DIRECTION('',(-1.E0,0.E0,0.E0));
#1741=AXIS2_PLACEMENT_3D('',#1738,#1739,#1740);
#1743=CARTESIAN_POINT('',(2.157274455183E2,5.534592890162E1,1.042653700036E1));
#1744=DIRECTION('',(0.E0,1.E0,0.E0));
#1745=DIRECTION('',(1.E0,0.E0,0.E0));
#1746=AXIS2_PLACEMENT_3D('',#1743,#1744,#1745);
#1748=CARTESIAN_POINT('',(2.157274455183E2,5.534592890162E1,1.042653700036E1));
#1749=DIRECTION('',(0.E0,1.E0,0.E0));
#1750=DIRECTION('',(-1.E0,0.E0,0.E0));
#1751=AXIS2_PLACEMENT_3D('',#1748,#1749,#1750);
#1753=CARTESIAN_POINT('',(2.157274455183E2,5.364592890162E1,1.042653700036E1));
#1754=DIRECTION('',(0.E0,1.E0,0.E0));
#1755=DIRECTION('',(1.E0,0.E0,0.E0));
#1756=AXIS2_PLACEMENT_3D('',#1753,#1754,#1755);
#1758=DIRECTION('',(0.E0,-1.E0,0.E0));
#1759=VECTOR('',#1758,1.7E0);
#1760=CARTESIAN_POINT('',(2.187274455183E2,5.534592890162E1,1.042653700036E1));
#1761=LINE('',#1760,#1759);
#1762=DIRECTION('',(-1.237533117473E-11,9.073201281413E-8,1.E0));
#1763=VECTOR('',#1762,3.658551232558E0);
#1764=CARTESIAN_POINT('',(2.181839407142E2,5.364592890162E1,
4.751125419015E-11));
#1765=LINE('',#1764,#1763);
#1766=DIRECTION('',(0.E0,0.E0,1.E0));
#1767=VECTOR('',#1766,1.2E1);
#1768=CARTESIAN_POINT('',(2.093380918580E2,5.364592890162E1,
4.751125419015E-11));
#1769=LINE('',#1768,#1767);
#1770=CARTESIAN_POINT('',(2.157274455183E2,5.364592890162E1,1.042653700036E1));
#1771=DIRECTION('',(0.E0,1.E0,0.E0));
#1772=DIRECTION('',(-1.E0,0.E0,0.E0));
#1773=AXIS2_PLACEMENT_3D('',#1770,#1771,#1772);
#1775=DIRECTION('',(0.E0,-1.E0,0.E0));
#1776=VECTOR('',#1775,1.7E0);
#1777=CARTESIAN_POINT('',(2.127274455183E2,5.534592890162E1,1.042653700036E1));
#1778=LINE('',#1777,#1776);
#1779=CARTESIAN_POINT('',(2.194332049782E2,5.364592890163E1,5.707708602638E0));
#1780=CARTESIAN_POINT('',(2.194621386590E2,5.360932439339E1,5.730431057131E0));
#1781=CARTESIAN_POINT('',(2.195257506092E2,5.354113304312E1,5.781237558717E0));
#1782=CARTESIAN_POINT('',(2.196387899100E2,5.345650894815E1,5.875695948638E0));
#1783=CARTESIAN_POINT('',(2.197282336097E2,5.341426630271E1,5.954639577633E0));
#1784=CARTESIAN_POINT('',(2.197761988363E2,5.339821900474E1,5.998492852202E0));
#1786=CARTESIAN_POINT('',(2.157274455183E2,5.364592890162E1,1.042653700036E1));
#1787=DIRECTION('',(0.E0,-1.E0,0.E0));
#1788=DIRECTION('',(6.176278640071E-1,0.E0,-7.864704836178E-1));
#1789=AXIS2_PLACEMENT_3D('',#1786,#1787,#1788);
#1791=DIRECTION('',(1.057096078386E-10,-1.E0,-7.806470276774E-11));
#1792=VECTOR('',#1791,8.899999203490E0);
#1793=CARTESIAN_POINT('',(2.117989370774E2,4.414592890162E1,1.496160275845E1));
#1794=LINE('',#1793,#1792);
#1795=CARTESIAN_POINT('',(2.157274455183E2,3.524592890162E1,1.042653700036E1));
#1796=DIRECTION('',(0.E0,-1.E0,0.E0));
#1797=DIRECTION('',(1.E0,0.E0,0.E0));
#1798=AXIS2_PLACEMENT_3D('',#1795,#1796,#1797);
#1800=DIRECTION('',(3.880316574700E-11,1.E0,3.045583604930E-12));
#1801=VECTOR('',#1800,1.506960163080E1);
#1802=CARTESIAN_POINT('',(2.217274455177E2,3.524592890162E1,1.042653700031E1));
#1803=LINE('',#1802,#1801);
#1804=CARTESIAN_POINT('',(2.197761988363E2,5.339821900474E1,5.998492852202E0));
#1805=CARTESIAN_POINT('',(2.199519837244E2,5.333949794101E1,6.159220295797E0));
#1806=CARTESIAN_POINT('',(2.202886538831E2,5.317969655178E1,6.506166143642E0));
#1807=CARTESIAN_POINT('',(2.207318697807E2,5.283675991365E1,7.087953126492E0));
#1808=CARTESIAN_POINT('',(2.211281499756E2,5.237399180179E1,7.770789470752E0));
#1809=CARTESIAN_POINT('',(2.214461819054E2,5.180221936176E1,8.544149512744E0));
#1810=CARTESIAN_POINT('',(2.216669267907E2,5.112276713244E1,9.416978893540E0));
#1811=CARTESIAN_POINT('',(2.217274037819E2,5.059424500658E1,1.007825272589E1));
#1812=CARTESIAN_POINT('',(2.217274455183E2,5.031553053242E1,1.042653700036E1));
#1814=CARTESIAN_POINT('',(2.200599520266E2,5.379509948583E1,4.675938049184E0));
#1815=DIRECTION('',(-4.860667461187E-1,7.934932845461E-1,-3.662069438142E-1));
#1816=DIRECTION('',(-8.527291208412E-1,-5.223533731742E-1,-1.705827127739E-6));
#1817=AXIS2_PLACEMENT_3D('',#1814,#1815,#1816);
#1819=CARTESIAN_POINT('',(2.191977413255E2,5.364592784045E1,5.497131578023E0));
#1820=CARTESIAN_POINT('',(2.192363482393E2,5.364592784045E1,5.537665257269E0));
#1821=CARTESIAN_POINT('',(2.193152140373E2,5.364592943221E1,5.612389819998E0));
#1822=CARTESIAN_POINT('',(2.193941976338E2,5.364592890163E1,5.677074709291E0));
#1823=CARTESIAN_POINT('',(2.194332049782E2,5.364592890163E1,5.707708602638E0));
#1825=CARTESIAN_POINT('',(2.205859497625E2,5.339821936880E1,5.112881337087E0));
#1826=DIRECTION('',(7.228972424614E-1,-2.013211141055E-1,6.609760856922E-1));
#1827=DIRECTION('',(-6.747922876164E-1,-2.071882043772E-7,7.380077022453E-1));
#1828=AXIS2_PLACEMENT_3D('',#1825,#1826,#1827);
#1830=CARTESIAN_POINT('',(2.202640057580E2,5.224221386340E1,5.112875592124E0));
#1831=CARTESIAN_POINT('',(2.203956576756E2,5.220554831797E1,5.305545590021E0));
#1832=CARTESIAN_POINT('',(2.206484265466E2,5.210562991417E1,5.722203782963E0));
#1833=CARTESIAN_POINT('',(2.209807493292E2,5.189129526517E1,6.420201362703E0));
#1834=CARTESIAN_POINT('',(2.212779764611E2,5.160207682690E1,7.239658789989E0));
#1835=CARTESIAN_POINT('',(2.215164978794E2,5.124469757139E1,8.167644424442E0));
#1836=CARTESIAN_POINT('',(2.216820606949E2,5.082008310096E1,9.215149344195E0));
#1837=CARTESIAN_POINT('',(2.217274037737E2,5.048967076884E1,1.000842570460E1));
#1838=CARTESIAN_POINT('',(2.217274455183E2,5.031553053242E1,1.042653700036E1));
#1840=DIRECTION('',(5.173864510900E-7,-4.257253863560E-7,-9.999999999998E-1));
#1841=VECTOR('',#1840,5.112875592077E0);
#1842=CARTESIAN_POINT('',(2.202640057580E2,5.224221386340E1,5.112875592124E0));
#1843=LINE('',#1842,#1841);
#1844=DIRECTION('',(0.E0,0.E0,1.E0));
#1845=VECTOR('',#1844,1.042653700031E1);
#1846=CARTESIAN_POINT('',(2.217274455183E2,5.031553053242E1,
4.751166127193E-11));
#1847=LINE('',#1846,#1845);
#1848=DIRECTION('',(-5.608269071564E-11,0.E0,1.E0));
#1849=VECTOR('',#1848,1.042653700027E1);
#1850=CARTESIAN_POINT('',(2.217274455183E2,3.524592890162E1,
4.751125475805E-11));
#1851=LINE('',#1850,#1849);
#1852=CARTESIAN_POINT('',(2.203274455183E2,3.384592937637E1,2.001145689393E0));
#1853=CARTESIAN_POINT('',(2.203855491832E2,3.384592929637E1,1.804504454007E0));
#1854=CARTESIAN_POINT('',(2.204973759470E2,3.385312295509E1,1.426041342809E0));
#1855=CARTESIAN_POINT('',(2.206520720682E2,3.388127191146E1,9.024958587267E-1));
#1856=CARTESIAN_POINT('',(2.207928286971E2,3.392299182676E1,4.261505231404E-1));
#1857=CARTESIAN_POINT('',(2.208782217358E2,3.395804161307E1,1.371128058156E-1));
#1858=CARTESIAN_POINT('',(2.209187361296E2,3.397692116294E1,
3.827264313490E-11));
#1860=CARTESIAN_POINT('',(2.203274455183E2,3.524592890162E1,
4.751044002660E-11));
#1861=DIRECTION('',(0.E0,0.E0,1.E0));
#1862=DIRECTION('',(4.223365965233E-1,-9.064390764067E-1,0.E0));
#1863=AXIS2_PLACEMENT_3D('',#1860,#1861,#1862);
#1865=CARTESIAN_POINT('',(2.203274455183E2,3.284593215705E1,2.001145689384E0));
#1866=DIRECTION('',(4.518732054223E-1,1.147959533759E-6,-8.920821745893E-1));
#1867=DIRECTION('',(-8.920821745835E-1,-3.255425926777E-6,-4.518732054236E-1));
#1868=AXIS2_PLACEMENT_3D('',#1865,#1866,#1867);
#1870=CARTESIAN_POINT('',(2.159842749593E2,3.284592890162E1,1.057537622658E1));
#1871=DIRECTION('',(4.518732054226E-1,0.E0,-8.920821745899E-1));
#1872=DIRECTION('',(-8.920821745899E-1,0.E0,-4.518732054226E-1));
#1873=AXIS2_PLACEMENT_3D('',#1870,#1871,#1872);
#1875=CARTESIAN_POINT('',(2.194353630542E2,3.284592890162E1,1.549272337356E0));
#1876=CARTESIAN_POINT('',(2.195336533022E2,3.284592837975E1,1.355231120543E0));
#1877=CARTESIAN_POINT('',(2.197228324606E2,3.285791220595E1,9.817541182041E-1));
#1878=CARTESIAN_POINT('',(2.199847764634E2,3.290495312298E1,4.646282811110E-1));
#1879=CARTESIAN_POINT('',(2.201441281772E2,3.295156245425E1,1.500386221530E-1));
#1880=CARTESIAN_POINT('',(2.202201282155E2,3.297785837872E1,5.697081991348E-9));
#1882=DIRECTION('',(4.518731753085E-1,-1.094111604582E-13,-8.920821898439E-1));
#1883=VECTOR('',#1882,9.611480625199E0);
#1884=CARTESIAN_POINT('',(2.150921927847E2,3.284592890162E1,1.012350302113E1));
#1885=LINE('',#1884,#1883);
#1886=DIRECTION('',(-1.884759971868E-13,-1.E0,3.719836645157E-13));
#1887=VECTOR('',#1886,8.866893076320E1);
#1888=CARTESIAN_POINT('',(2.150921927847E2,3.284592890162E1,1.012350302113E1));
#1889=LINE('',#1888,#1887);
#1890=CARTESIAN_POINT('',(2.048304467814E2,3.284592890162E1,4.925542349103E0));
#1891=DIRECTION('',(0.E0,1.E0,0.E0));
#1892=DIRECTION('',(6.665397779098E-1,0.E0,7.454694658160E-1));
#1893=AXIS2_PLACEMENT_3D('',#1890,#1891,#1892);
#1895=CARTESIAN_POINT('',(2.106392133872E2,3.524592798478E1,1.485431149210E1));
#1896=CARTESIAN_POINT('',(2.106392227171E2,3.506207329639E1,1.485430687653E1));
#1897=CARTESIAN_POINT('',(2.106740116443E2,3.470606066128E1,1.483405733448E1));
#1898=CARTESIAN_POINT('',(2.108210092134E2,3.419982021888E1,1.474654489095E1));
#1899=CARTESIAN_POINT('',(2.110561808775E2,3.374318382878E1,1.460005077093E1));
#1900=CARTESIAN_POINT('',(2.113505225843E2,3.337296446115E1,1.440499383166E1));
#1901=CARTESIAN_POINT('',(2.116966558420E2,3.308322140465E1,1.415870869979E1));
#1902=CARTESIAN_POINT('',(2.120963429857E2,3.288956287049E1,1.384850440484E1));
#1903=CARTESIAN_POINT('',(2.123625279818E2,3.284594432140E1,1.362168437572E1));
#1904=CARTESIAN_POINT('',(2.124977468720E2,3.284592890306E1,1.350078202534E1));
#1906=DIRECTION('',(-1.662506964439E-9,-1.E0,9.228392379736E-10));
#1907=VECTOR('',#1906,8.900000916841E0);
#1908=CARTESIAN_POINT('',(2.106392134020E2,4.414592890162E1,1.485431148388E1));
#1909=LINE('',#1908,#1907);
#1910=CARTESIAN_POINT('',(2.048304467814E2,4.414592890162E1,4.925542349103E0));
#1911=DIRECTION('',(0.E0,-1.E0,0.E0));
#1912=DIRECTION('',(5.049722685565E-1,0.E0,8.631355675610E-1));
#1913=AXIS2_PLACEMENT_3D('',#1910,#1911,#1912);
#1915=CARTESIAN_POINT('',(2.048304467814E2,-5.582300186157E1,4.925542349103E0));
#1916=DIRECTION('',(0.E0,1.E0,0.E0));
#1917=DIRECTION('',(-8.920821745899E-1,0.E0,4.518732054226E-1));
#1918=AXIS2_PLACEMENT_3D('',#1915,#1916,#1917);
#1920=CARTESIAN_POINT('',(2.131642868337E2,3.284592890162E1,1.424625132687E1));
#1921=DIRECTION('',(7.454694658162E-1,0.E0,-6.665397779096E-1));
#1922=DIRECTION('',(-6.665397779096E-1,0.E0,-7.454694658162E-1));
#1923=AXIS2_PLACEMENT_3D('',#1920,#1921,#1922);
#1925=DIRECTION('',(4.518732054227E-1,4.939401510380E-8,-8.920821745899E-1));
#1926=VECTOR('',#1925,9.611480625233E0);
#1927=CARTESIAN_POINT('',(2.159842749593E2,3.384592890162E1,1.057537622658E1));
#1928=LINE('',#1927,#1926);
#1929=DIRECTION('',(-2.024003993268E-14,-5.634748602770E-8,1.E0));
#1930=VECTOR('',#1929,8.425391310966E0);
#1931=CARTESIAN_POINT('',(2.203274455183E2,3.384592937637E1,2.001145689393E0));
#1932=LINE('',#1931,#1930);
#1933=CARTESIAN_POINT('',(2.157274455183E2,3.384592890162E1,1.042653700036E1));
#1934=DIRECTION('',(0.E0,-1.E0,0.E0));
#1935=DIRECTION('',(1.E0,0.E0,0.E0));
#1936=AXIS2_PLACEMENT_3D('',#1933,#1934,#1935);
#1938=CARTESIAN_POINT('',(2.048304467814E2,3.384592890162E1,4.925542349103E0));
#1939=DIRECTION('',(0.E0,1.E0,0.E0));
#1940=DIRECTION('',(6.665397433519E-1,0.E0,7.454694967149E-1));
#1941=AXIS2_PLACEMENT_3D('',#1938,#1939,#1940);
#1943=CARTESIAN_POINT('',(2.117989370784E2,3.524592969813E1,1.496160275776E1));
#1944=CARTESIAN_POINT('',(2.117989426289E2,3.514036029406E1,1.496160263095E1));
#1945=CARTESIAN_POINT('',(2.118239105136E2,3.493022583749E1,1.495128488541E1));
#1946=CARTESIAN_POINT('',(2.119295788203E2,3.463590782720E1,1.490651017180E1));
#1947=CARTESIAN_POINT('',(2.120992980244E2,3.436927157100E1,1.483088440969E1));
#1948=CARTESIAN_POINT('',(2.123128609265E2,3.415338147338E1,1.472915047710E1));
#1949=CARTESIAN_POINT('',(2.125662666535E2,3.398434491842E1,1.459908325036E1));
#1950=CARTESIAN_POINT('',(2.128609660450E2,3.387138532798E1,1.443415748707E1));
#1951=CARTESIAN_POINT('',(2.130632760157E2,3.384593332148E1,1.431063002981E1));
#1952=CARTESIAN_POINT('',(2.131642868362E2,3.384592890162E1,1.424625136358E1));
#1954=CARTESIAN_POINT('',(2.203274455159E2,3.524592890162E1,1.042653700036E1));
#1955=DIRECTION('',(0.E0,0.E0,1.E0));
#1956=DIRECTION('',(1.670688983982E-9,-1.E0,0.E0));
#1957=AXIS2_PLACEMENT_3D('',#1954,#1955,#1956);
#1959=CARTESIAN_POINT('',(2.111441856717E2,3.524592741854E1,1.571744705076E1));
#1960=DIRECTION('',(5.633253098380E-7,-9.999999999998E-1,-3.295806187156E-7));
#1961=DIRECTION('',(-5.049722687372E-1,9.094947007494E-12,-8.631355674553E-1));
#1962=AXIS2_PLACEMENT_3D('',#1959,#1960,#1961);
#1964=CARTESIAN_POINT('',(2.111441856706E2,4.414592890162E1,1.571744705144E1));
#1965=DIRECTION('',(0.E0,1.E0,0.E0));
#1966=DIRECTION('',(6.547514068111E-1,0.E0,-7.558442930120E-1));
#1967=AXIS2_PLACEMENT_3D('',#1964,#1965,#1966);
#1969=CARTESIAN_POINT('',(2.157274455183E2,4.414592890162E1,1.042653700036E1));
#1970=DIRECTION('',(0.E0,-1.E0,0.E0));
#1971=DIRECTION('',(-6.547514068111E-1,0.E0,7.558442930120E-1));
#1972=AXIS2_PLACEMENT_3D('',#1969,#1970,#1971);
#1974=DIRECTION('',(-1.E0,0.E0,0.E0));
#1975=VECTOR('',#1974,1.259899397111E1);
#1976=CARTESIAN_POINT('',(2.099374356574E2,4.414592890162E1,1.200000000005E1));
#1977=LINE('',#1976,#1975);
#1978=DIRECTION('',(-4.518732054226E-1,0.E0,-8.920821745899E-1));
#1979=VECTOR('',#1978,1.134817319465E1);
#1980=CARTESIAN_POINT('',(1.945687007780E2,4.414592890162E1,1.012350302116E1));
#1981=LINE('',#1980,#1979);
#1982=CARTESIAN_POINT('',(2.093380918580E2,5.264592890162E1,1.200000000005E1));
#1983=DIRECTION('',(0.E0,0.E0,-1.E0));
#1984=DIRECTION('',(-1.E0,0.E0,0.E0));
#1985=AXIS2_PLACEMENT_3D('',#1982,#1983,#1984);
#1987=DIRECTION('',(0.E0,1.E0,0.E0));
#1988=VECTOR('',#1987,3.303983692031E-1);
#1989=CARTESIAN_POINT('',(2.083380918580E2,5.231553053242E1,1.200000000005E1));
#1990=LINE('',#1989,#1988);
#1991=DIRECTION('',(1.E0,0.E0,0.E0));
#1992=VECTOR('',#1991,1.298775788407E1);
#1993=CARTESIAN_POINT('',(1.953503339740E2,5.231553053242E1,1.200000000005E1));
#1994=LINE('',#1993,#1992);
#1995=DIRECTION('',(0.E0,1.E0,0.E0));
#1996=VECTOR('',#1995,7.161182544283E0);
#1997=CARTESIAN_POINT('',(1.953503339740E2,4.515434798814E1,1.200000000005E1));
#1998=LINE('',#1997,#1996);
#1999=DIRECTION('',(-1.E0,0.E0,0.E0));
#2000=VECTOR('',#1999,1.988107712354E0);
#2001=CARTESIAN_POINT('',(1.973384416863E2,4.515434798814E1,1.200000000005E1));
#2002=LINE('',#2001,#2000);
#2003=DIRECTION('',(0.E0,1.E0,0.E0));
#2004=VECTOR('',#2003,1.008419086514E0);
#2005=CARTESIAN_POINT('',(1.973384416863E2,4.414592890162E1,1.200000000005E1));
#2006=LINE('',#2005,#2004);
#2007=DIRECTION('',(0.E0,1.E0,0.E0));
#2008=VECTOR('',#2007,9.5E0);
#2009=CARTESIAN_POINT('',(2.099374356574E2,4.414592890162E1,1.200000000005E1));
#2010=LINE('',#2009,#2008);
#2011=DIRECTION('',(1.E0,0.E0,0.E0));
#2012=VECTOR('',#2011,5.993437993937E-1);
#2013=CARTESIAN_POINT('',(2.093380918580E2,5.364592890162E1,1.200000000005E1));
#2014=LINE('',#2013,#2012);
#2015=CARTESIAN_POINT('',(2.093380918580E2,5.264592890162E1,
4.751044002660E-11));
#2016=DIRECTION('',(0.E0,0.E0,1.E0));
#2017=DIRECTION('',(0.E0,1.E0,0.E0));
#2018=AXIS2_PLACEMENT_3D('',#2015,#2016,#2017);
#2020=DIRECTION('',(0.E0,0.E0,1.E0));
#2021=VECTOR('',#2020,1.2E1);
#2022=CARTESIAN_POINT('',(2.083380918580E2,5.264592890162E1,
4.751125420557E-11));
#2023=LINE('',#2022,#2021);
#2024=DIRECTION('',(0.E0,0.E0,-1.E0));
#2025=VECTOR('',#2024,1.2E1);
#2026=CARTESIAN_POINT('',(2.083380918580E2,5.231553053242E1,1.200000000005E1));
#2027=LINE('',#2026,#2025);
#2028=DIRECTION('',(-1.E0,0.E0,0.E0));
#2029=VECTOR('',#2028,1.298775788407E1);
#2030=CARTESIAN_POINT('',(2.083380918580E2,5.231553053242E1,
4.751166127193E-11));
#2031=LINE('',#2030,#2029);
#2032=DIRECTION('',(0.E0,0.E0,1.E0));
#2033=VECTOR('',#2032,1.2E1);
#2034=CARTESIAN_POINT('',(1.953503339740E2,5.231553053242E1,
4.751166127193E-11));
#2035=LINE('',#2034,#2033);
#2036=DIRECTION('',(0.E0,0.E0,1.E0));
#2037=VECTOR('',#2036,1.2E1);
#2038=CARTESIAN_POINT('',(1.953503339740E2,4.515434798814E1,
4.751166127193E-11));
#2039=LINE('',#2038,#2037);
#2040=DIRECTION('',(0.E0,0.E0,-1.E0));
#2041=VECTOR('',#2040,1.2E1);
#2042=CARTESIAN_POINT('',(1.973384416863E2,4.515434798814E1,1.200000000005E1));
#2043=LINE('',#2042,#2041);
#2044=DIRECTION('',(0.E0,0.E0,-1.E0));
#2045=VECTOR('',#2044,1.2E1);
#2046=CARTESIAN_POINT('',(1.973384416863E2,4.414592890162E1,1.200000000005E1));
#2047=LINE('',#2046,#2045);
#2048=DIRECTION('',(0.E0,1.E0,0.E0));
#2049=VECTOR('',#2048,9.996893076320E1);
#2050=CARTESIAN_POINT('',(1.945687007780E2,-5.582300186157E1,1.012350302116E1));
#2051=LINE('',#2050,#2049);
#2052=DIRECTION('',(1.E0,0.E0,0.E0));
#2053=VECTOR('',#2052,3.077936280099E1);
#2054=CARTESIAN_POINT('',(1.894407653809E2,-5.582300186157E1,
4.751184630910E-11));
#2055=LINE('',#2054,#2053);
#2056=DIRECTION('',(4.518732054226E-1,0.E0,-8.920821745899E-1));
#2057=VECTOR('',#2056,1.134817319465E1);
#2058=CARTESIAN_POINT('',(2.150921927847E2,-5.582300186157E1,1.012350302116E1));
#2059=LINE('',#2058,#2057);
#2060=DIRECTION('',(-4.518732054226E-1,0.E0,-8.920821745899E-1));
#2061=VECTOR('',#2060,1.134817319465E1);
#2062=CARTESIAN_POINT('',(1.945687007780E2,-5.582300186157E1,1.012350302116E1));
#2063=LINE('',#2062,#2061);
#2064=CARTESIAN_POINT('',(2.190366668577E2,5.316828157859E1,4.675931839484E0));
#2065=CARTESIAN_POINT('',(2.191022970715E2,5.306115456385E1,4.697119659184E0));
#2066=CARTESIAN_POINT('',(2.192535249832E2,5.285810262034E1,4.746547915952E0));
#2067=CARTESIAN_POINT('',(2.195274785268E2,5.260147158895E1,4.839923837809E0));
#2068=CARTESIAN_POINT('',(2.198571489703E2,5.238788403089E1,4.957182229694E0));
#2069=CARTESIAN_POINT('',(2.201224616550E2,5.228163330291E1,5.057391068296E0));
#2070=CARTESIAN_POINT('',(2.202640057580E2,5.224221386340E1,5.112875592124E0));
#2072=CARTESIAN_POINT('',(2.181839407142E2,5.364592923357E1,3.658551232605E0));
#2073=CARTESIAN_POINT('',(2.182465523293E2,5.364593474827E1,3.708422498786E0));
#2074=CARTESIAN_POINT('',(2.183733991304E2,5.363415441779E1,3.819511570472E0));
#2075=CARTESIAN_POINT('',(2.185632560298E2,5.357854303094E1,4.017026843025E0));
#2076=CARTESIAN_POINT('',(2.187479536553E2,5.348096394510E1,4.242648779707E0));
#2077=CARTESIAN_POINT('',(2.189136460377E2,5.334069789685E1,4.477455855751E0));
#2078=CARTESIAN_POINT('',(2.189991096475E2,5.322959390209E1,4.613611650375E0));
#2079=CARTESIAN_POINT('',(2.190366668577E2,5.316828157859E1,4.675931839484E0));
#2081=DIRECTION('',(5.293781376611E-7,3.241382136571E-7,-9.999999999998E-1));
#2082=VECTOR('',#2081,4.675931839437E0);
#2083=CARTESIAN_POINT('',(2.190366668577E2,5.316828157859E1,4.675931839484E0));
#2084=LINE('',#2083,#2082);
#2085=CARTESIAN_POINT('',(2.181839407142E2,5.264592890162E1,
4.751044002660E-11));
#2086=DIRECTION('',(0.E0,0.E0,1.E0));
#2087=DIRECTION('',(8.527286188805E-1,5.223541926146E-1,0.E0));
#2088=AXIS2_PLACEMENT_3D('',#2085,#2086,#2087);
#2090=CARTESIAN_POINT('',(2.191977413255E2,5.364592784045E1,5.497131578023E0));
#2091=CARTESIAN_POINT('',(2.191307204118E2,5.364592784045E1,5.426745258983E0));
#2092=CARTESIAN_POINT('',(2.190053661649E2,5.364592937313E1,5.275207130622E0));
#2093=CARTESIAN_POINT('',(2.188424036947E2,5.364592884312E1,5.028440346253E0));
#2094=CARTESIAN_POINT('',(2.186860567454E2,5.364592866415E1,4.743945543946E0));
#2095=CARTESIAN_POINT('',(2.185303889116E2,5.364592991004E1,4.418017791617E0));
#2096=CARTESIAN_POINT('',(2.183693464584E2,5.364592510542E1,4.055606521026E0));
#2097=CARTESIAN_POINT('',(2.182497354717E2,5.364593708715E1,3.793378491E0));
#2098=CARTESIAN_POINT('',(2.181839407142E2,5.364592923357E1,3.658551232605E0));
#2100=CARTESIAN_POINT('',(2.200804467814E2,5.684592858889E1,3.926435345454E0));
#2101=CARTESIAN_POINT('',(2.201034443236E2,5.684592843802E1,3.934873714186E0));
#2102=CARTESIAN_POINT('',(2.201478843610E2,5.684480704252E1,3.951213749559E0));
#2103=CARTESIAN_POINT('',(2.202092060450E2,5.684057995956E1,3.974294272824E0));
#2104=CARTESIAN_POINT('',(2.202665294538E2,5.683431924027E1,3.996012169583E0));
#2105=CARTESIAN_POINT('',(2.203200131294E2,5.682641568734E1,4.016151859013E0));
#2106=CARTESIAN_POINT('',(2.203700090852E2,5.681714759513E1,4.034474513733E0));
#2107=CARTESIAN_POINT('',(2.204167936375E2,5.680676899902E1,4.051472123233E0));
#2108=CARTESIAN_POINT('',(2.204612603581E2,5.679554569256E1,4.069294904361E0));
#2109=CARTESIAN_POINT('',(2.205037138310E2,5.678357297839E1,4.087171625643E0));
#2110=CARTESIAN_POINT('',(2.205448253942E2,5.677077407175E1,4.104932111066E0));
#2111=CARTESIAN_POINT('',(2.205855473868E2,5.675687606135E1,4.122718016379E0));
#2112=CARTESIAN_POINT('',(2.206259648979E2,5.674174055421E1,4.140039213611E0));
#2113=CARTESIAN_POINT('',(2.206656546088E2,5.672557329204E1,4.157162828788E0));
#2114=CARTESIAN_POINT('',(2.207055221079E2,5.670830436530E1,4.175850966763E0));
#2115=CARTESIAN_POINT('',(2.207469287451E2,5.668923429106E1,4.196368412578E0));
#2116=CARTESIAN_POINT('',(2.207915158473E2,5.666735944567E1,4.219412786573E0));
#2117=CARTESIAN_POINT('',(2.208404625312E2,5.664149164431E1,4.245015246479E0));
#2118=CARTESIAN_POINT('',(2.208950677167E2,5.661074570272E1,4.275679257449E0));
#2119=CARTESIAN_POINT('',(2.209548673527E2,5.657529130860E1,4.312635013252E0));
#2120=CARTESIAN_POINT('',(2.210174546967E2,5.653586247751E1,4.353378806219E0));
#2121=CARTESIAN_POINT('',(2.210834392001E2,5.649305526575E1,4.400727402162E0));
#2122=CARTESIAN_POINT('',(2.211510211684E2,5.644927856115E1,4.454057157904E0));
#2123=CARTESIAN_POINT('',(2.212123946670E2,5.641076493202E1,4.506084174634E0));
#2124=CARTESIAN_POINT('',(2.212717935446E2,5.637661763055E1,4.559859457395E0));
#2125=CARTESIAN_POINT('',(2.213277698894E2,5.634816736773E1,4.612479285088E0));
#2126=CARTESIAN_POINT('',(2.213856250369E2,5.632356768697E1,4.667968173697E0));
#2127=CARTESIAN_POINT('',(2.214434213276E2,5.630376031460E1,4.722975823021E0));
#2128=CARTESIAN_POINT('',(2.215057540529E2,5.628871712284E1,4.781478996932E0));
#2129=CARTESIAN_POINT('',(2.215718375224E2,5.627656510765E1,4.839498279017E0));
#2130=CARTESIAN_POINT('',(2.216425208727E2,5.627099968070E1,4.898979035934E0));
#2131=CARTESIAN_POINT('',(2.216938861969E2,5.626656810270E1,4.936583349544E0));
#2132=CARTESIAN_POINT('',(2.217200436247E2,5.626677447398E1,4.955760312048E0));
#2134=CARTESIAN_POINT('',(2.200804467814E2,5.684592858889E1,3.926435345454E0));
#2135=CARTESIAN_POINT('',(2.201033343379E2,5.684592858911E1,3.926133971260E0));
#2136=CARTESIAN_POINT('',(2.201474420562E2,5.684466667791E1,3.924598479522E0));
#2137=CARTESIAN_POINT('',(2.202079304288E2,5.683986967111E1,3.921684516442E0));
#2138=CARTESIAN_POINT('',(2.202643067027E2,5.683274153107E1,3.918521154632E0));
#2139=CARTESIAN_POINT('',(2.203168973398E2,5.682372521692E1,3.915446888126E0));
#2140=CARTESIAN_POINT('',(2.203661522082E2,5.681316926972E1,3.912674274301E0));
#2141=CARTESIAN_POINT('',(2.204123945078E2,5.680134381377E1,3.910403380319E0));
#2142=CARTESIAN_POINT('',(2.204555388841E2,5.678859275695E1,3.908343883347E0));
#2143=CARTESIAN_POINT('',(2.204963434709E2,5.677496437341E1,3.906227073566E0));
#2144=CARTESIAN_POINT('',(2.205355206629E2,5.676039660632E1,3.904008377892E0));
#2145=CARTESIAN_POINT('',(2.205741402872E2,5.674455937971E1,3.901661380931E0));
#2146=CARTESIAN_POINT('',(2.206124405953E2,5.672733068370E1,3.899247338342E0));
#2147=CARTESIAN_POINT('',(2.206499752911E2,5.670890427077E1,3.896915292947E0));
#2148=CARTESIAN_POINT('',(2.206868309469E2,5.668927018099E1,3.894581751803E0));
#2149=CARTESIAN_POINT('',(2.207245098124E2,5.666754129092E1,3.892044512605E0));
#2150=CARTESIAN_POINT('',(2.207642900217E2,5.664267181532E1,3.889162560459E0));
#2151=CARTESIAN_POINT('',(2.208075897191E2,5.661317225245E1,3.885786624188E0));
#2152=CARTESIAN_POINT('',(2.208543115046E2,5.657821237598E1,3.881922102163E0));
#2153=CARTESIAN_POINT('',(2.209030905764E2,5.653781906220E1,3.877374627333E0));
#2154=CARTESIAN_POINT('',(2.209517706651E2,5.649305174419E1,3.872213582920E0));
#2155=CARTESIAN_POINT('',(2.209996259902E2,5.644395157481E1,3.866305725032E0));
#2156=CARTESIAN_POINT('',(2.210424634598E2,5.639486507657E1,3.860096543867E0));
#2157=CARTESIAN_POINT('',(2.210778831740E2,5.634991494089E1,3.853610178204E0));
#2158=CARTESIAN_POINT('',(2.211050202172E2,5.631242935061E1,3.848063087874E0));
#2159=CARTESIAN_POINT('',(2.211278075853E2,5.627854884588E1,3.841870821810E0));
#2160=CARTESIAN_POINT('',(2.211446159305E2,5.625192114080E1,3.837089967294E0));
#2161=CARTESIAN_POINT('',(2.211587744048E2,5.622830137396E1,3.831401469009E0));
#2162=CARTESIAN_POINT('',(2.211683290360E2,5.621164336552E1,3.827699528821E0));
#2163=CARTESIAN_POINT('',(2.211758356493E2,5.619815324309E1,3.823241421464E0));
#2164=CARTESIAN_POINT('',(2.211800035990E2,5.619047590751E1,3.821106009539E0));
#2165=CARTESIAN_POINT('',(2.211816331960E2,5.618744338379E1,3.819853332483E0));
#2166=CARTESIAN_POINT('',(2.211820831195E2,5.618660425618E1,3.819384519730E0));
#2168=CARTESIAN_POINT('',(2.200804467814E2,5.559592890162E1,1.998856175288E0));
#2169=DIRECTION('',(0.E0,0.E0,-1.E0));
#2170=DIRECTION('',(0.E0,1.E0,0.E0));
#2171=AXIS2_PLACEMENT_3D('',#2168,#2169,#2170);
#2173=CARTESIAN_POINT('',(2.213042865366E2,5.585031478225E1,3.758899751519E0));
#2174=CARTESIAN_POINT('',(2.213104464320E2,5.582067995192E1,3.759551145146E0));
#2175=CARTESIAN_POINT('',(2.213203677198E2,5.576214509170E1,3.760613755592E0));
#2176=CARTESIAN_POINT('',(2.213287312198E2,5.567724763078E1,3.761494211566E0));
#2177=CARTESIAN_POINT('',(2.213304469191E2,5.562264672391E1,3.761625682374E0));
#2178=CARTESIAN_POINT('',(2.213304467814E2,5.559592871189E1,3.761626597923E0));
#2180=CARTESIAN_POINT('',(2.211820831195E2,5.618660425618E1,3.819384519730E0));
#2181=CARTESIAN_POINT('',(2.212035478364E2,5.61465713E1,3.802951658847E0));
#2182=CARTESIAN_POINT('',(2.212405701326E2,5.606696614254E1,3.778102536604E0));
#2183=CARTESIAN_POINT('',(2.212798758433E2,5.595395704817E1,3.760295010931E0));
#2184=CARTESIAN_POINT('',(2.212973227484E2,5.588381797001E1,3.758157371881E0));
#2185=CARTESIAN_POINT('',(2.213042865366E2,5.585031478225E1,3.758899751519E0));
#2187=DIRECTION('',(0.E0,-1.E0,0.E0));
#2188=VECTOR('',#2187,1.75E0);
#2189=CARTESIAN_POINT('',(2.213304467814E2,5.559592890162E1,1.998856175288E0));
#2190=LINE('',#2189,#2188);
#2191=DIRECTION('',(1.E0,0.E0,0.E0));
#2192=VECTOR('',#2191,6.5E0);
#2193=CARTESIAN_POINT('',(2.200804467814E2,5.684592890162E1,1.998856175288E0));
#2194=LINE('',#2193,#2192);
#2195=CARTESIAN_POINT('',(2.265804467814E2,5.559592890162E1,1.998856175288E0));
#2196=DIRECTION('',(0.E0,0.E0,1.E0));
#2197=DIRECTION('',(1.E0,0.E0,0.E0));
#2198=AXIS2_PLACEMENT_3D('',#2195,#2196,#2197);
#2200=DIRECTION('',(0.E0,-1.E0,0.E0));
#2201=VECTOR('',#2200,6.5E0);
#2202=CARTESIAN_POINT('',(2.278304467814E2,5.559592890162E1,1.998856175288E0));
#2203=LINE('',#2202,#2201);
#2204=DIRECTION('',(1.E0,0.E0,0.E0));
#2205=VECTOR('',#2204,1.75E0);
#2206=CARTESIAN_POINT('',(2.248304467814E2,5.034592890162E1,1.998856175288E0));
#2207=LINE('',#2206,#2205);
#2208=CARTESIAN_POINT('',(2.248304467814E2,5.384592890162E1,1.998856175288E0));
#2209=DIRECTION('',(0.E0,0.E0,1.E0));
#2210=DIRECTION('',(-1.E0,0.E0,0.E0));
#2211=AXIS2_PLACEMENT_3D('',#2208,#2209,#2210);
#2213=CARTESIAN_POINT('',(2.249651288822E2,5.401888669046E1,1.998856175288E0));
#2214=DIRECTION('',(0.E0,0.E0,1.E0));
#2215=DIRECTION('',(0.E0,1.E0,0.E0));
#2216=AXIS2_PLACEMENT_3D('',#2213,#2214,#2215);
#2218=CARTESIAN_POINT('',(2.249651288822E2,5.401888669046E1,1.998856175288E0));
#2219=DIRECTION('',(0.E0,0.E0,1.E0));
#2220=DIRECTION('',(0.E0,-1.E0,0.E0));
#2221=AXIS2_PLACEMENT_3D('',#2218,#2219,#2220);
#2223=DIRECTION('',(2.257499528457E-12,-1.E0,-2.990313652259E-7));
#2224=VECTOR('',#2223,1.749997092370E0);
#2225=CARTESIAN_POINT('',(2.213304467814E2,5.559592871189E1,3.761626597923E0));
#2226=LINE('',#2225,#2224);
#2227=DIRECTION('',(-5.320695191839E-13,1.076336772403E-7,-1.E0));
#2228=VECTOR('',#2227,1.762770422636E0);
#2229=CARTESIAN_POINT('',(2.213304467814E2,5.559592871189E1,3.761626597923E0));
#2230=LINE('',#2229,#2228);
#2231=CARTESIAN_POINT('',(2.228804467814E2,5.559592890051E1,3.761626103686E0));
#2232=DIRECTION('',(0.E0,-1.E0,0.E0));
#2233=DIRECTION('',(-6.615097997523E-1,0.E0,7.499365205347E-1));
#2234=AXIS2_PLACEMENT_3D('',#2231,#2232,#2233);
#2236=DIRECTION('',(9.094918259384E-9,-1.E0,-2.041926263769E-7));
#2237=VECTOR('',#2236,1.750002408531E0);
#2238=CARTESIAN_POINT('',(2.218551064044E2,5.559592917432E1,4.924027916650E0));
#2239=LINE('',#2238,#2237);
#2240=CARTESIAN_POINT('',(2.211274455183E2,5.559592890162E1,5.748957623989E0));
#2241=DIRECTION('',(0.E0,-1.E0,0.E0));
#2242=DIRECTION('',(6.615100667980E-1,0.E0,-7.499362849768E-1));
#2243=AXIS2_PLACEMENT_3D('',#2240,#2241,#2242);
#2245=CARTESIAN_POINT('',(2.218551064204E2,5.384592676579E1,4.924027559312E0));
#2246=CARTESIAN_POINT('',(2.218551061249E2,5.377585236866E1,4.924026292511E0));
#2247=CARTESIAN_POINT('',(2.218567114417E2,5.364100746278E1,4.921741539418E0));
#2248=CARTESIAN_POINT('',(2.218625941093E2,5.345713964165E1,4.912853182462E0));
#2249=CARTESIAN_POINT('',(2.218710729607E2,5.328777284062E1,4.899480261520E0));
#2250=CARTESIAN_POINT('',(2.218813922229E2,5.313122964254E1,4.882116518871E0));
#2251=CARTESIAN_POINT('',(2.218929637422E2,5.298565609064E1,4.860960084052E0));
#2252=CARTESIAN_POINT('',(2.219053853919E2,5.285045989942E1,4.836394748759E0));
#2253=CARTESIAN_POINT('',(2.219181609018E2,5.272518540344E1,4.808598234603E0));
#2254=CARTESIAN_POINT('',(2.219309359464E2,5.260967636698E1,4.777892078653E0));
#2255=CARTESIAN_POINT('',(2.219435425044E2,5.250345067625E1,4.744698821716E0));
#2256=CARTESIAN_POINT('',(2.219557928429E2,5.240557973582E1,4.709077036705E0));
#2257=CARTESIAN_POINT('',(2.219675623363E2,5.231571733072E1,4.671295489525E0));
#2258=CARTESIAN_POINT('',(2.219788367468E2,5.223359699958E1,4.631818082594E0));
#2259=CARTESIAN_POINT('',(2.219896469828E2,5.215891297242E1,4.591213248980E0));
#2260=CARTESIAN_POINT('',(2.220001271888E2,5.209071757299E1,4.549615438041E0));
#2261=CARTESIAN_POINT('',(2.220102378624E2,5.203053580258E1,4.509147241136E0));
#2262=CARTESIAN_POINT('',(2.220201504443E2,5.198011917389E1,4.473686218491E0));
#2263=CARTESIAN_POINT('',(2.220312746429E2,5.193913502320E1,4.448410618650E0));
#2264=CARTESIAN_POINT('',(2.220433205567E2,5.191581386461E1,4.447100653164E0));
#2265=CARTESIAN_POINT('',(2.220553692405E2,5.190723399916E1,4.466290316114E0));
#2266=CARTESIAN_POINT('',(2.220683407845E2,5.190665485768E1,4.498961522445E0));
#2267=CARTESIAN_POINT('',(2.220822540747E2,5.191176678295E1,4.541555922424E0));
#2268=CARTESIAN_POINT('',(2.220974492961E2,5.192142086834E1,4.593072947995E0));
#2269=CARTESIAN_POINT('',(2.221139969962E2,5.193531990102E1,4.653273273395E0));
#2270=CARTESIAN_POINT('',(2.221314195225E2,5.195298690760E1,4.720724175776E0));
#2271=CARTESIAN_POINT('',(2.221491115861E2,5.197413899423E1,4.794222081344E0));
#2272=CARTESIAN_POINT('',(2.221668442044E2,5.199911856681E1,4.874667042805E0));
#2273=CARTESIAN_POINT('',(2.221841660463E2,5.202854614252E1,4.963124845913E0));
#2274=CARTESIAN_POINT('',(2.222004098390E2,5.206300345652E1,5.060784417507E0));
#2275=CARTESIAN_POINT('',(2.222144590714E2,5.210284716917E1,5.168553280836E0));
#2276=CARTESIAN_POINT('',(2.222246478816E2,5.214895656023E1,5.287016568815E0));
#2277=CARTESIAN_POINT('',(2.222274522435E2,5.218509172295E1,5.373471783540E0));
#2278=CARTESIAN_POINT('',(2.222274474052E2,5.220458926777E1,5.418385541009E0));
#2280=CARTESIAN_POINT('',(2.211274455183E2,5.384592890287E1,5.748957623990E0));
#2281=DIRECTION('',(0.E0,-1.E0,2.585479104330E-10));
#2282=DIRECTION('',(6.615099106133E-1,-1.938941936301E-10,-7.499364227455E-1));
#2283=AXIS2_PLACEMENT_3D('',#2280,#2281,#2282);
#2285=CARTESIAN_POINT('',(2.228804467814E2,5.384593161385E1,3.761626103685E0));
#2286=DIRECTION('',(-1.390884553888E-6,-9.999999999725E-1,-7.278695048393E-6));
#2287=DIRECTION('',(-6.615099106012E-1,-4.538474608927E-6,7.499364227424E-1));
#2288=AXIS2_PLACEMENT_3D('',#2285,#2286,#2287);
#2290=CARTESIAN_POINT('',(2.248304467813E2,5.034592890162E1,5.107666761358E0));
#2291=CARTESIAN_POINT('',(2.246269780394E2,5.034593189265E1,5.387556996708E0));
#2292=CARTESIAN_POINT('',(2.242435648774E2,5.038105518572E1,5.954563397381E0));
#2293=CARTESIAN_POINT('',(2.237356332252E2,5.050899752731E1,6.816941925103E0));
#2294=CARTESIAN_POINT('',(2.232936755460E2,5.069074917428E1,7.679434656462E0));
#2295=CARTESIAN_POINT('',(2.230515509061E2,5.082881885661E1,8.220940519591E0));
#2296=CARTESIAN_POINT('',(2.229404476961E2,5.090009910332E1,8.485108880017E0));
#2298=DIRECTION('',(-1.603988237119E-7,-6.791940966113E-7,9.999999999998E-1));
#2299=VECTOR('',#2298,3.066679044020E0);
#2300=CARTESIAN_POINT('',(2.229404481880E2,5.090010118619E1,5.418429835998E0));
#2301=LINE('',#2300,#2299);
#2302=CARTESIAN_POINT('',(2.213304467814E2,5.384593161952E1,3.761626074619E0));
#2303=CARTESIAN_POINT('',(2.213304467653E2,5.375660259744E1,3.761625151373E0));
#2304=CARTESIAN_POINT('',(2.213373017834E2,5.358549452812E1,3.762359383345E0));
#2305=CARTESIAN_POINT('',(2.213628003826E2,5.335411610338E1,3.765100419110E0));
#2306=CARTESIAN_POINT('',(2.213994952107E2,5.314424700829E1,3.769151853342E0));
#2307=CARTESIAN_POINT('',(2.214440461896E2,5.295496397242E1,3.774234732705E0));
#2308=CARTESIAN_POINT('',(2.214941411258E2,5.278345632805E1,3.780157225418E0));
#2309=CARTESIAN_POINT('',(2.215478501135E2,5.262824635855E1,3.786820194924E0));
#2310=CARTESIAN_POINT('',(2.216030543521E2,5.248920533620E1,3.794047277175E0));
#2311=CARTESIAN_POINT('',(2.216583312566E2,5.236495427081E1,3.801709878609E0));
#2312=CARTESIAN_POINT('',(2.217128463479E2,5.225369394097E1,3.809781268703E0));
#2313=CARTESIAN_POINT('',(2.217657908182E2,5.215426750640E1,3.818214654692E0));
#2314=CARTESIAN_POINT('',(2.218166960732E2,5.206534102938E1,3.826986742354E0));
#2315=CARTESIAN_POINT('',(2.218654645678E2,5.198540387677E1,3.836157681865E0));
#2316=CARTESIAN_POINT('',(2.219121960757E2,5.191302556917E1,3.845861666868E0));
#2317=CARTESIAN_POINT('',(2.219575065565E2,5.184636779075E1,3.856393484028E0));
#2318=CARTESIAN_POINT('',(2.220012338737E2,5.178503188967E1,3.867985555668E0));
#2319=CARTESIAN_POINT('',(2.220441095960E2,5.172740168601E1,3.881125746659E0));
#2320=CARTESIAN_POINT('',(2.220922113541E2,5.166549479588E1,3.898743693030E0));
#2321=CARTESIAN_POINT('',(2.221442961466E2,5.160164956805E1,3.922495451724E0));
#2322=CARTESIAN_POINT('',(2.221963960456E2,5.154072064811E1,3.951436765184E0));
#2323=CARTESIAN_POINT('',(2.222524870983E2,5.147810588270E1,3.988236797532E0));
#2324=CARTESIAN_POINT('',(2.223126470800E2,5.141418101811E1,4.034108852203E0));
#2325=CARTESIAN_POINT('',(2.223783422074E2,5.134787348607E1,4.091588552170E0));
#2326=CARTESIAN_POINT('',(2.224498768780E2,5.127955523410E1,4.163242895395E0));
#2327=CARTESIAN_POINT('',(2.225251979728E2,5.121168429119E1,4.249798590215E0));
#2328=CARTESIAN_POINT('',(2.226017006076E2,5.114667081422E1,4.351092953268E0));
#2329=CARTESIAN_POINT('',(2.226783951273E2,5.108517110199E1,4.469457616841E0));
#2330=CARTESIAN_POINT('',(2.227533148429E2,5.102843510849E1,4.607469114070E0));
#2331=CARTESIAN_POINT('',(2.228235138312E2,5.097810762796E1,4.768298552030E0));
#2332=CARTESIAN_POINT('',(2.228842222433E2,5.093670583164E1,4.955183386509E0));
#2333=CARTESIAN_POINT('',(2.229282856321E2,5.090786328398E1,5.170087311841E0));
#2334=CARTESIAN_POINT('',(2.229404567744E2,5.090009561499E1,5.332473260873E0));
#2335=CARTESIAN_POINT('',(2.229404481880E2,5.090010118619E1,5.418429835998E0));
#2337=DIRECTION('',(-2.789334974076E-12,-1.541832901041E-6,-9.999999999988E-1));
#2338=VECTOR('',#2337,1.762769899334E0);
#2339=CARTESIAN_POINT('',(2.213304467814E2,5.384593161952E1,3.761626074619E0));
#2340=LINE('',#2339,#2338);
#2341=CARTESIAN_POINT('',(2.248304467815E2,4.934592890162E1,5.107666761165E0));
#2342=DIRECTION('',(-6.828524753848E-1,-2.671681714301E-11,7.305562927392E-1));
#2343=DIRECTION('',(7.305562927392E-1,0.E0,6.828524753848E-1));
#2344=AXIS2_PLACEMENT_3D('',#2341,#2342,#2343);
#2346=CARTESIAN_POINT('',(2.224752908897E2,5.120512620759E1,1.023287943675E1));
#2347=CARTESIAN_POINT('',(2.224294969923E2,5.122974567512E1,1.043678001063E1));
#2348=CARTESIAN_POINT('',(2.223327471216E2,5.127916130859E1,1.085098609601E1));
#2349=CARTESIAN_POINT('',(2.221808139645E2,5.135220304711E1,1.145999158986E1));
#2350=CARTESIAN_POINT('',(2.220581925190E2,5.140874645231E1,1.192081836634E1));
#2351=CARTESIAN_POINT('',(2.219922135112E2,5.143875940205E1,1.215936093519E1));
#2353=CARTESIAN_POINT('',(2.229404476961E2,5.090009910332E1,8.485108880017E0));
#2354=CARTESIAN_POINT('',(2.228968077650E2,5.092809590654E1,8.627160233990E0));
#2355=CARTESIAN_POINT('',(2.228154662612E2,5.098174217594E1,8.901303164395E0));
#2356=CARTESIAN_POINT('',(2.227094048572E2,5.105392844360E1,9.282548525361E0));
#2357=CARTESIAN_POINT('',(2.226178351761E2,5.111647909414E1,9.633189491885E0));
#2358=CARTESIAN_POINT('',(2.225394320466E2,5.116814892524E1,9.952582411216E0));
#2359=CARTESIAN_POINT('',(2.224954605197E2,5.119426774014E1,1.014313246281E1));
#2360=CARTESIAN_POINT('',(2.224752908897E2,5.120512620759E1,1.023287943675E1));
#2362=CARTESIAN_POINT('',(2.265804467814E2,4.934592890162E1,3.490469643994E0));
#2363=DIRECTION('',(-7.820670224504E-1,0.E0,6.231943295598E-1));
#2364=DIRECTION('',(6.231943295598E-1,0.E0,7.820670224505E-1));
#2365=AXIS2_PLACEMENT_3D('',#2362,#2363,#2364);
#2367=CARTESIAN_POINT('',(2.255610030742E2,4.934592890162E1,5.790519236578E0));
#2368=CARTESIAN_POINT('',(2.252864541017E2,4.934593695907E1,6.084249243287E0));
#2369=CARTESIAN_POINT('',(2.247734348148E2,4.940218839123E1,6.679481750942E0));
#2370=CARTESIAN_POINT('',(2.241046200735E2,4.960235764338E1,7.584916024973E0));
#2371=CARTESIAN_POINT('',(2.235367408863E2,4.988032601468E1,8.483127767421E0));
#2372=CARTESIAN_POINT('',(2.230862024332E2,5.018654013861E1,9.312297883536E0));
#2373=CARTESIAN_POINT('',(2.227247775750E2,5.050039228224E1,1.007996210935E1));
#2374=CARTESIAN_POINT('',(2.224306613730E2,5.081477448451E1,1.080086772910E1));
#2375=CARTESIAN_POINT('',(2.221869663569E2,5.112924277989E1,1.149332935305E1));
#2376=CARTESIAN_POINT('',(2.220528585656E2,5.133670916744E1,1.194010898080E1));
#2377=CARTESIAN_POINT('',(2.219922135112E2,5.143875940205E1,1.215936093519E1));
#2379=CARTESIAN_POINT('',(2.367385143532E2,4.934592890162E1,1.623816210994E1));
#2380=DIRECTION('',(0.E0,1.E0,0.E0));
#2381=DIRECTION('',(-6.231943295599E-1,0.E0,-7.820670224504E-1));
#2382=AXIS2_PLACEMENT_3D('',#2379,#2380,#2381);
#2384=CARTESIAN_POINT('',(2.274383036877E2,4.909592833729E1,4.089249336485E0));
#2385=CARTESIAN_POINT('',(2.274383015033E2,4.911791294791E1,4.089251017117E0));
#2386=CARTESIAN_POINT('',(2.274329859609E2,4.916004019289E1,4.093317949145E0));
#2387=CARTESIAN_POINT('',(2.274109825784E2,4.921859149923E1,4.110194799347E0));
#2388=CARTESIAN_POINT('',(2.273755959957E2,4.926987393170E1,4.137475409210E0));
#2389=CARTESIAN_POINT('',(2.273294607673E2,4.931038688314E1,4.173287004087E0));
#2390=CARTESIAN_POINT('',(2.272704560978E2,4.933891985722E1,4.219510161423E0));
#2391=CARTESIAN_POINT('',(2.272268515839E2,4.934592523897E1,4.254041314922E0));
#2392=CARTESIAN_POINT('',(2.272036412214E2,4.934592890161E1,4.272536578396E0));
#2394=DIRECTION('',(-9.157363494145E-5,9.999999924056E-1,8.248041238517E-5));
#2395=VECTOR('',#2394,1.584948331678E1);
#2396=CARTESIAN_POINT('',(2.274397550825E2,3.324644514088E1,4.087942064565E0));
#2397=LINE('',#2396,#2395);
#2398=CARTESIAN_POINT('',(2.367385143532E2,3.324592890162E1,1.623816210994E1));
#2399=DIRECTION('',(0.E0,-1.E0,0.E0));
#2400=DIRECTION('',(-9.638104970147E-1,0.E0,-2.665883077787E-1));
#2401=AXIS2_PLACEMENT_3D('',#2398,#2399,#2400);
#2403=CARTESIAN_POINT('',(2.268304467814E2,4.909592890162E1,3.295202750032E0));
#2404=DIRECTION('',(1.020892509369E-14,1.E0,1.008162070038E-14));
#2405=DIRECTION('',(6.078569062470E-1,-1.421085471520E-14,7.940465864972E-1));
#2406=AXIS2_PLACEMENT_3D('',#2403,#2404,#2405);
#2408=CARTESIAN_POINT('',(2.265804467814E2,4.909592890162E1,1.998856175288E0));
#2409=DIRECTION('',(0.E0,0.E0,-1.E0));
#2410=DIRECTION('',(0.E0,1.E0,0.E0));
#2411=AXIS2_PLACEMENT_3D('',#2408,#2409,#2410);
#2413=CARTESIAN_POINT('',(2.278304467816E2,4.909593100713E1,3.295202590807E0));
#2414=CARTESIAN_POINT('',(2.278304529010E2,4.920370029575E1,3.295184694877E0));
#2415=CARTESIAN_POINT('',(2.278021187921E2,4.941748259382E1,3.299546161708E0));
#2416=CARTESIAN_POINT('',(2.276848915150E2,4.970897482010E1,3.317515897392E0));
#2417=CARTESIAN_POINT('',(2.274965021633E2,4.996572509436E1,3.346577176763E0));
#2418=CARTESIAN_POINT('',(2.272503376475E2,5.016820170926E1,3.384749082932E0));
#2419=CARTESIAN_POINT('',(2.269375699300E2,5.031088103695E1,3.433917001847E0));
#2420=CARTESIAN_POINT('',(2.267014699824E2,5.034592815451E1,3.470895596873E0));
#2421=CARTESIAN_POINT('',(2.265804463417E2,5.034592890163E1,3.490469716340E0));
#2423=DIRECTION('',(-2.947331759398E-7,3.853739976269E-12,1.E0));
#2424=VECTOR('',#2423,1.491613541053E0);
#2425=CARTESIAN_POINT('',(2.265804467814E2,5.034592890162E1,1.998856175288E0));
#2426=LINE('',#2425,#2424);
#2427=CARTESIAN_POINT('',(2.367385143532E2,5.034592890162E1,1.623816210994E1));
#2428=DIRECTION('',(0.E0,1.E0,0.E0));
#2429=DIRECTION('',(-6.231943295599E-1,0.E0,-7.820670224504E-1));
#2430=AXIS2_PLACEMENT_3D('',#2427,#2428,#2429);
#2432=DIRECTION('',(1.170215652054E-12,0.E0,-1.E0));
#2433=VECTOR('',#2432,3.108810586071E0);
#2434=CARTESIAN_POINT('',(2.248304467813E2,5.034592890162E1,5.107666761358E0));
#2435=LINE('',#2434,#2433);
#2436=DIRECTION('',(0.E0,0.E0,1.E0));
#2437=VECTOR('',#2436,2.798856175240E0);
#2438=CARTESIAN_POINT('',(2.278304467814E2,-4.642815789742E1,
4.751167052378E-11));
#2439=LINE('',#2438,#2437);
#2440=DIRECTION('',(0.E0,0.E0,-1.E0));
#2441=VECTOR('',#2440,1.998856175240E0);
#2442=CARTESIAN_POINT('',(2.278304467814E2,-5.770407109838E1,1.998856175288E0));
#2443=LINE('',#2442,#2441);
#2444=DIRECTION('',(-3.552713678801E-14,-2.775848884085E-8,-1.E0));
#2445=VECTOR('',#2444,8.E-1);
#2446=CARTESIAN_POINT('',(2.278304467814E2,-5.120407107617E1,2.798856175288E0));
#2447=LINE('',#2446,#2445);
#2448=DIRECTION('',(0.E0,1.E0,0.E0));
#2449=VECTOR('',#2448,4.775913178753E0);
#2450=CARTESIAN_POINT('',(2.278304467814E2,-5.120407107617E1,2.798856175288E0));
#2451=LINE('',#2450,#2449);
#2452=DIRECTION('',(0.E0,2.284820734418E-14,1.E0));
#2453=VECTOR('',#2452,2.798856175240E0);
#2454=CARTESIAN_POINT('',(2.278304467814E2,-4.044792057238E1,
4.751167052378E-11));
#2455=LINE('',#2454,#2453);
#2456=DIRECTION('',(0.E0,1.015475881963E-14,1.E0));
#2457=VECTOR('',#2456,2.798856175240E0);
#2458=CARTESIAN_POINT('',(2.278304467814E2,-4.451384344536E1,
4.751167052378E-11));
#2459=LINE('',#2458,#2457);
#2460=DIRECTION('',(0.E0,1.E0,2.402889312446E-14));
#2461=VECTOR('',#2460,4.065922872975E0);
#2462=CARTESIAN_POINT('',(2.278304467814E2,-4.451384344536E1,2.798856175287E0));
#2463=LINE('',#2462,#2461);
#2464=DIRECTION('',(0.E0,2.538689704908E-14,1.E0));
#2465=VECTOR('',#2464,2.798856175240E0);
#2466=CARTESIAN_POINT('',(2.278304467814E2,-3.446768324735E1,
4.751167052378E-11));
#2467=LINE('',#2466,#2465);
#2468=DIRECTION('',(0.E0,-3.046427645890E-14,1.E0));
#2469=VECTOR('',#2468,2.798856175240E0);
#2470=CARTESIAN_POINT('',(2.278304467814E2,-3.853360612033E1,
4.751167052378E-11));
#2471=LINE('',#2470,#2469);
#2472=DIRECTION('',(0.E0,1.E0,0.E0));
#2473=VECTOR('',#2472,4.065922872975E0);
#2474=CARTESIAN_POINT('',(2.278304467814E2,-3.853360612033E1,2.798856175287E0));
#2475=LINE('',#2474,#2473);
#2476=DIRECTION('',(0.E0,2.919493160645E-14,1.E0));
#2477=VECTOR('',#2476,2.798856175240E0);
#2478=CARTESIAN_POINT('',(2.278304467814E2,-2.848744592232E1,
4.751167052378E-11));
#2479=LINE('',#2478,#2477);
#2480=DIRECTION('',(0.E0,-2.030951763927E-14,1.E0));
#2481=VECTOR('',#2480,2.798856175240E0);
#2482=CARTESIAN_POINT('',(2.278304467814E2,-3.255336879529E1,
4.751167052378E-11));
#2483=LINE('',#2482,#2481);
#2484=DIRECTION('',(0.E0,1.E0,3.101911657885E-14));
#2485=VECTOR('',#2484,4.065922872975E0);
#2486=CARTESIAN_POINT('',(2.278304467814E2,-3.255336879529E1,2.798856175287E0));
#2487=LINE('',#2486,#2485);
#2488=DIRECTION('',(0.E0,0.E0,1.E0));
#2489=VECTOR('',#2488,2.798856175240E0);
#2490=CARTESIAN_POINT('',(2.278304467814E2,-2.250720859729E1,
4.751169827936E-11));
#2491=LINE('',#2490,#2489);
#2492=DIRECTION('',(1.015475881963E-14,7.362200144235E-14,1.E0));
#2493=VECTOR('',#2492,2.798856175240E0);
#2494=CARTESIAN_POINT('',(2.278304467814E2,-2.657313147026E1,
4.751167052378E-11));
#2495=LINE('',#2494,#2493);
#2496=DIRECTION('',(0.E0,1.E0,5.657712108396E-14));
#2497=VECTOR('',#2496,4.065922872975E0);
#2498=CARTESIAN_POINT('',(2.278304467814E2,-2.657313147026E1,2.798856175287E0));
#2499=LINE('',#2498,#2497);
#2500=DIRECTION('',(1.015475881963E-14,-6.092855291780E-14,1.E0));
#2501=VECTOR('',#2500,2.798856175240E0);
#2502=CARTESIAN_POINT('',(2.278304467814E2,-1.652697127225E1,
4.751167052378E-11));
#2503=LINE('',#2502,#2501);
#2504=DIRECTION('',(0.E0,2.665624190154E-14,1.E0));
#2505=VECTOR('',#2504,2.798856175240E0);
#2506=CARTESIAN_POINT('',(2.278304467814E2,-2.059289414523E1,
4.751169827936E-11));
#2507=LINE('',#2506,#2505);
#2508=DIRECTION('',(0.E0,1.E0,5.603100987658E-14));
#2509=VECTOR('',#2508,4.065922872975E0);
#2510=CARTESIAN_POINT('',(2.278304467814E2,-2.059289414523E1,2.798856175287E0));
#2511=LINE('',#2510,#2509);
#2512=DIRECTION('',(0.E0,1.904017278681E-14,1.E0));
#2513=VECTOR('',#2512,2.798856175240E0);
#2514=CARTESIAN_POINT('',(2.278304467814E2,-1.054673394722E1,
4.751169827936E-11));
#2515=LINE('',#2514,#2513);
#2516=DIRECTION('',(1.015475881963E-14,7.362200144234E-14,1.E0));
#2517=VECTOR('',#2516,2.798856175240E0);
#2518=CARTESIAN_POINT('',(2.278304467814E2,-1.461265682020E1,
4.751167052378E-11));
#2519=LINE('',#2518,#2517);
#2520=DIRECTION('',(0.E0,1.E0,1.911389225809E-14));
#2521=VECTOR('',#2520,4.065922872975E0);
#2522=CARTESIAN_POINT('',(2.278304467814E2,-1.461265682020E1,2.798856175287E0));
#2523=LINE('',#2522,#2521);
#2524=DIRECTION('',(-2.030951763927E-14,1.002782433439E-13,1.E0));
#2525=VECTOR('',#2524,2.798856175240E0);
#2526=CARTESIAN_POINT('',(2.278304467814E2,-4.566496622188E0,
4.751167052378E-11));
#2527=LINE('',#2526,#2525);
#2528=DIRECTION('',(0.E0,-2.665624190154E-14,1.E0));
#2529=VECTOR('',#2528,2.798856175240E0);
#2530=CARTESIAN_POINT('',(2.278304467814E2,-8.632419495163E0,
4.751169827936E-11));
#2531=LINE('',#2530,#2529);
#2532=DIRECTION('',(0.E0,1.E0,-4.510878572910E-14));
#2533=VECTOR('',#2532,4.065922872975E0);
#2534=CARTESIAN_POINT('',(2.278304467814E2,-8.632419495163E0,2.798856175288E0));
#2535=LINE('',#2534,#2533);
#2536=DIRECTION('',(0.E0,0.E0,1.E0));
#2537=VECTOR('',#2536,2.798856175240E0);
#2538=CARTESIAN_POINT('',(2.278304467814E2,1.413740702845E0,
4.751169827936E-11));
#2539=LINE('',#2538,#2537);
#2540=DIRECTION('',(-2.030951763927E-14,-1.161450539996E-13,1.E0));
#2541=VECTOR('',#2540,2.798856175240E0);
#2542=CARTESIAN_POINT('',(2.278304467814E2,-2.652182170130E0,
4.751167052378E-11));
#2543=LINE('',#2542,#2541);
#2544=DIRECTION('',(0.E0,1.E0,-1.813089208482E-14));
#2545=VECTOR('',#2544,4.065922872975E0);
#2546=CARTESIAN_POINT('',(2.278304467814E2,-2.652182170130E0,2.798856175287E0));
#2547=LINE('',#2546,#2545);
#2548=DIRECTION('',(1.015475881963E-14,-6.061121670469E-14,1.E0));
#2549=VECTOR('',#2548,2.798856175240E0);
#2550=CARTESIAN_POINT('',(2.278304467814E2,7.393978027878E0,
4.751167052378E-11));
#2551=LINE('',#2550,#2549);
#2552=DIRECTION('',(0.E0,0.E0,1.E0));
#2553=VECTOR('',#2552,2.798856175240E0);
#2554=CARTESIAN_POINT('',(2.278304467814E2,3.328055154903E0,
4.751169827936E-11));
#2555=LINE('',#2554,#2553);
#2556=DIRECTION('',(0.E0,1.E0,3.101911657885E-14));
#2557=VECTOR('',#2556,4.065922872975E0);
#2558=CARTESIAN_POINT('',(2.278304467814E2,3.328055154903E0,2.798856175287E0));
#2559=LINE('',#2558,#2557);
#2560=DIRECTION('',(0.E0,0.E0,1.E0));
#2561=VECTOR('',#2560,2.798856175240E0);
#2562=CARTESIAN_POINT('',(2.278304467814E2,1.337421535291E1,
4.751169827936E-11));
#2563=LINE('',#2562,#2561);
#2564=DIRECTION('',(1.015475881963E-14,7.044863931121E-14,1.E0));
#2565=VECTOR('',#2564,2.798856175240E0);
#2566=CARTESIAN_POINT('',(2.278304467814E2,9.308292479935E0,
4.751167052378E-11));
#2567=LINE('',#2566,#2565);
#2568=DIRECTION('',(0.E0,1.E0,2.686867140281E-14));
#2569=VECTOR('',#2568,4.065922872975E0);
#2570=CARTESIAN_POINT('',(2.278304467814E2,9.308292479935E0,2.798856175287E0));
#2571=LINE('',#2570,#2569);
#2572=DIRECTION('',(1.015475881963E-14,-5.458182865553E-14,1.E0));
#2573=VECTOR('',#2572,2.798856175240E0);
#2574=CARTESIAN_POINT('',(2.278304467814E2,1.935445267794E1,
4.751167052378E-11));
#2575=LINE('',#2574,#2573);
#2576=DIRECTION('',(0.E0,1.269344852454E-14,1.E0));
#2577=VECTOR('',#2576,2.798856175240E0);
#2578=CARTESIAN_POINT('',(2.278304467814E2,1.528852980497E1,
4.751169827936E-11));
#2579=LINE('',#2578,#2577);
#2580=DIRECTION('',(0.E0,1.E0,3.648022865259E-14));
#2581=VECTOR('',#2580,4.065922872975E0);
#2582=CARTESIAN_POINT('',(2.278304467814E2,1.528852980497E1,2.798856175287E0));
#2583=LINE('',#2582,#2581);
#2584=DIRECTION('',(0.E0,-1.523213822945E-14,1.E0));
#2585=VECTOR('',#2584,2.798856175240E0);
#2586=CARTESIAN_POINT('',(2.278304467814E2,2.533469000298E1,
4.751169827936E-11));
#2587=LINE('',#2586,#2585);
#2588=DIRECTION('',(1.015475881963E-14,7.108331173744E-14,1.E0));
#2589=VECTOR('',#2588,2.798856175240E0);
#2590=CARTESIAN_POINT('',(2.278304467814E2,2.126876713E1,4.751167052378E-11));
#2591=LINE('',#2590,#2589);
#2592=DIRECTION('',(0.E0,1.E0,2.905311623230E-14));
#2593=VECTOR('',#2592,4.065922872975E0);
#2594=CARTESIAN_POINT('',(2.278304467814E2,2.126876713E1,2.798856175287E0));
#2595=LINE('',#2594,#2593);
#2596=DIRECTION('',(-4.775103961501E-7,2.125621275736E-6,9.999999999976E-1));
#2597=VECTOR('',#2596,2.802564524445E0);
#2598=CARTESIAN_POINT('',(2.278304467814E2,3.131492732801E1,
4.751167052378E-11));
#2599=LINE('',#2598,#2597);
#2600=DIRECTION('',(0.E0,3.300296616381E-14,1.E0));
#2601=VECTOR('',#2600,2.798856175240E0);
#2602=CARTESIAN_POINT('',(2.278304467814E2,2.724900445503E1,
4.751169827936E-11));
#2603=LINE('',#2602,#2601);
#2604=DIRECTION('',(-2.262812599088E-7,9.999999999997E-1,-6.779115672323E-7));
#2605=VECTOR('',#2604,3.909668605648E0);
#2606=CARTESIAN_POINT('',(2.278304467814E2,2.724900445503E1,2.798856175287E0));
#2607=LINE('',#2606,#2605);
#2608=CARTESIAN_POINT('',(2.278304458967E2,3.115867306068E1,2.798853524878E0));
#2609=CARTESIAN_POINT('',(2.278304459942E2,3.118524065320E1,2.798853157813E0));
#2610=CARTESIAN_POINT('',(2.278304479418E2,3.123785137472E1,2.799503990064E0));
#2611=CARTESIAN_POINT('',(2.278304452476E2,3.128941320199E1,2.801358450698E0));
#2612=CARTESIAN_POINT('',(2.278304454431E2,3.131493328520E1,2.802564524485E0));
#2614=DIRECTION('',(0.E0,0.E0,1.E0));
#2615=VECTOR('',#2614,3.295202749984E0);
#2616=CARTESIAN_POINT('',(2.278304467814E2,3.729516465304E1,
4.751169827936E-11));
#2617=LINE('',#2616,#2615);
#2618=DIRECTION('',(0.E0,0.E0,1.E0));
#2619=VECTOR('',#2618,3.294485597924E0);
#2620=CARTESIAN_POINT('',(2.278304467814E2,3.322924178007E1,
4.751169827936E-11));
#2621=LINE('',#2620,#2619);
#2622=CARTESIAN_POINT('',(2.278304467814E2,3.322924178007E1,3.294485597971E0));
#2623=CARTESIAN_POINT('',(2.278304467814E2,3.323209094207E1,3.294574254312E0));
#2624=CARTESIAN_POINT('',(2.278304467814E2,3.323780158612E1,3.294542112298E0));
#2625=CARTESIAN_POINT('',(2.278304467814E2,3.324352004814E1,3.294946161488E0));
#2626=CARTESIAN_POINT('',(2.278304467814E2,3.324638695231E1,3.294930887547E0));
#2628=DIRECTION('',(0.E0,9.999999977457E-1,6.714680423443E-5));
#2629=VECTOR('',#2628,4.048777709858E0);
#2630=CARTESIAN_POINT('',(2.278304467814E2,3.324638695231E1,3.294930887547E0));
#2631=LINE('',#2630,#2629);
#2632=DIRECTION('',(0.E0,0.E0,1.E0));
#2633=VECTOR('',#2632,3.295202749984E0);
#2634=CARTESIAN_POINT('',(2.278304467814E2,4.518971643013E1,
4.751169827936E-11));
#2635=LINE('',#2634,#2633);
#2636=DIRECTION('',(6.309040059444E-11,1.E0,-4.076200166324E-8));
#2637=VECTOR('',#2636,3.906214577004E0);
#2638=CARTESIAN_POINT('',(2.278304467814E2,4.518971643013E1,3.295202750032E0));
#2639=LINE('',#2638,#2637);
#2640=DIRECTION('',(1.900851638199E-10,1.624187631708E-6,9.999999999987E-1));
#2641=VECTOR('',#2640,1.296346415521E0);
#2642=CARTESIAN_POINT('',(2.278304467814E2,4.909592890162E1,1.998856175288E0));
#2643=LINE('',#2642,#2641);
#2644=DIRECTION('',(0.E0,0.E0,-1.E0));
#2645=VECTOR('',#2644,1.998856175240E0);
#2646=CARTESIAN_POINT('',(2.278304467814E2,5.559592890162E1,1.998856175288E0));
#2647=LINE('',#2646,#2645);
#2648=DIRECTION('',(0.E0,0.E0,1.E0));
#2649=VECTOR('',#2648,3.295202749984E0);
#2650=CARTESIAN_POINT('',(2.278304467814E2,4.327540197807E1,
4.751169827936E-11));
#2651=LINE('',#2650,#2649);
#2652=DIRECTION('',(0.E0,0.E0,1.E0));
#2653=VECTOR('',#2652,3.295202749984E0);
#2654=CARTESIAN_POINT('',(2.278304467814E2,3.920947910510E1,
4.751169827936E-11));
#2655=LINE('',#2654,#2653);
#2656=DIRECTION('',(0.E0,1.E0,-2.424733760741E-14));
#2657=VECTOR('',#2656,4.065922872975E0);
#2658=CARTESIAN_POINT('',(2.278304467814E2,3.920947910510E1,3.295202750032E0));
#2659=LINE('',#2658,#2657);
#2660=DIRECTION('',(0.E0,0.E0,-1.E0));
#2661=VECTOR('',#2660,3.779326299023E0);
#2662=CARTESIAN_POINT('',(2.270271148682E2,-4.547100067139E1,3.779326299070E0));
#2663=LINE('',#2662,#2661);
#2664=CARTESIAN_POINT('',(2.270271148682E2,2.629184722900E1,3.779326299070E0));
#2665=CARTESIAN_POINT('',(2.271045868638E2,2.632417210393E1,3.763786540347E0));
#2666=CARTESIAN_POINT('',(2.272448338519E2,2.639925699609E1,3.716981659204E0));
#2667=CARTESIAN_POINT('',(2.274160733702E2,2.653207980958E1,3.616274254096E0));
#2668=CARTESIAN_POINT('',(2.275418512033E2,2.666357467061E1,3.507067979828E0));
#2669=CARTESIAN_POINT('',(2.276335859543E2,2.678603148034E1,3.399472763509E0));
#2670=CARTESIAN_POINT('',(2.277010733636E2,2.689871976531E1,3.295383144647E0));
#2671=CARTESIAN_POINT('',(2.277504174989E2,2.700067258099E1,3.195679895365E0));
#2672=CARTESIAN_POINT('',(2.277865284028E2,2.709292871217E1,3.097775341045E0));
#2673=CARTESIAN_POINT('',(2.278114879970E2,2.717209773055E1,3.000930947246E0));
#2674=CARTESIAN_POINT('',(2.278268064485E2,2.723221050129E1,2.902216355757E0));
#2675=CARTESIAN_POINT('',(2.278304467814E2,2.724900445503E1,2.833599294545E0));
#2676=CARTESIAN_POINT('',(2.278304467814E2,2.724900445503E1,2.798856175287E0));
#2678=CARTESIAN_POINT('',(2.278304467814E2,2.533469000298E1,2.798856175288E0));
#2679=CARTESIAN_POINT('',(2.278304467814E2,2.533469000298E1,2.832277700053E0));
#2680=CARTESIAN_POINT('',(2.278271087717E2,2.535004231088E1,2.897251705544E0));
#2681=CARTESIAN_POINT('',(2.278136004242E2,2.540352876801E1,2.988752712450E0));
#2682=CARTESIAN_POINT('',(2.277932174886E2,2.547044114336E1,3.073914205002E0));
#2683=CARTESIAN_POINT('',(2.277644382068E2,2.554885038305E1,3.160256182208E0));
#2684=CARTESIAN_POINT('',(2.277248842578E2,2.563784957903E1,3.249926895998E0));
#2685=CARTESIAN_POINT('',(2.276714813858E2,2.573686337309E1,3.343853971662E0));
#2686=CARTESIAN_POINT('',(2.276000259395E2,2.584502207414E1,3.441577519123E0));
#2687=CARTESIAN_POINT('',(2.275071415592E2,2.595906041566E1,3.539961599506E0));
#2688=CARTESIAN_POINT('',(2.273809193884E2,2.608152831986E1,3.639705163783E0));
#2689=CARTESIAN_POINT('',(2.272191799967E2,2.619923807172E1,3.726713124317E0));
#2690=CARTESIAN_POINT('',(2.270942583561E2,2.626383188189E1,3.765858289195E0));
#2691=CARTESIAN_POINT('',(2.270271148682E2,2.629184722900E1,3.779326299070E0));
#2693=CARTESIAN_POINT('',(2.270271148682E2,2.031160990397E1,3.779326299070E0));
#2694=CARTESIAN_POINT('',(2.271045868638E2,2.034393477889E1,3.763786540347E0));
#2695=CARTESIAN_POINT('',(2.272448338519E2,2.041901967105E1,3.716981659204E0));
#2696=CARTESIAN_POINT('',(2.274160733702E2,2.055184248455E1,3.616274254096E0));
#2697=CARTESIAN_POINT('',(2.275418512033E2,2.068333734558E1,3.507067979828E0));
#2698=CARTESIAN_POINT('',(2.276335859543E2,2.080579415530E1,3.399472763509E0));
#2699=CARTESIAN_POINT('',(2.277010733636E2,2.091848244028E1,3.295383144647E0));
#2700=CARTESIAN_POINT('',(2.277504174989E2,2.102043525595E1,3.195679895365E0));
#2701=CARTESIAN_POINT('',(2.277865284028E2,2.111269138713E1,3.097775341045E0));
#2702=CARTESIAN_POINT('',(2.278114879970E2,2.119186040551E1,3.000930947246E0));
#2703=CARTESIAN_POINT('',(2.278268064485E2,2.125197317625E1,2.902216355757E0));
#2704=CARTESIAN_POINT('',(2.278304467814E2,2.126876713E1,2.833599294545E0));
#2705=CARTESIAN_POINT('',(2.278304467814E2,2.126876713E1,2.798856175287E0));
#2707=CARTESIAN_POINT('',(2.278304467814E2,1.935445267794E1,2.798856175288E0));
#2708=CARTESIAN_POINT('',(2.278304467814E2,1.935445267794E1,2.832277700053E0));
#2709=CARTESIAN_POINT('',(2.278271087717E2,1.936980498585E1,2.897251705544E0));
#2710=CARTESIAN_POINT('',(2.278136004242E2,1.942329144297E1,2.988752712450E0));
#2711=CARTESIAN_POINT('',(2.277932174886E2,1.949020381833E1,3.073914205002E0));
#2712=CARTESIAN_POINT('',(2.277644382068E2,1.956861305801E1,3.160256182208E0));
#2713=CARTESIAN_POINT('',(2.277248842578E2,1.965761225400E1,3.249926895998E0));
#2714=CARTESIAN_POINT('',(2.276714813858E2,1.975662604805E1,3.343853971662E0));
#2715=CARTESIAN_POINT('',(2.276000259395E2,1.986478474910E1,3.441577519123E0));
#2716=CARTESIAN_POINT('',(2.275071415592E2,1.997882309062E1,3.539961599506E0));
#2717=CARTESIAN_POINT('',(2.273809193884E2,2.010129099483E1,3.639705163783E0));
#2718=CARTESIAN_POINT('',(2.272191799967E2,2.021900074669E1,3.726713124317E0));
#2719=CARTESIAN_POINT('',(2.270942583561E2,2.028359455686E1,3.765858289195E0));
#2720=CARTESIAN_POINT('',(2.270271148682E2,2.031160990397E1,3.779326299070E0));
#2722=CARTESIAN_POINT('',(2.270271148682E2,1.433137257894E1,3.779326299070E0));
#2723=CARTESIAN_POINT('',(2.271045868638E2,1.436369745386E1,3.763786540347E0));
#2724=CARTESIAN_POINT('',(2.272448338519E2,1.443878234602E1,3.716981659204E0));
#2725=CARTESIAN_POINT('',(2.274160733702E2,1.457160515952E1,3.616274254096E0));
#2726=CARTESIAN_POINT('',(2.275418512033E2,1.470310002055E1,3.507067979828E0));
#2727=CARTESIAN_POINT('',(2.276335859543E2,1.482555683027E1,3.399472763509E0));
#2728=CARTESIAN_POINT('',(2.277010733636E2,1.493824511525E1,3.295383144647E0));
#2729=CARTESIAN_POINT('',(2.277504174989E2,1.504019793092E1,3.195679895365E0));
#2730=CARTESIAN_POINT('',(2.277865284028E2,1.513245406210E1,3.097775341045E0));
#2731=CARTESIAN_POINT('',(2.278114879970E2,1.521162308048E1,3.000930947246E0));
#2732=CARTESIAN_POINT('',(2.278268064485E2,1.527173585122E1,2.902216355757E0));
#2733=CARTESIAN_POINT('',(2.278304467814E2,1.528852980497E1,2.833599294545E0));
#2734=CARTESIAN_POINT('',(2.278304467814E2,1.528852980497E1,2.798856175287E0));
#2736=CARTESIAN_POINT('',(2.278304467814E2,1.337421535291E1,2.798856175287E0));
#2737=CARTESIAN_POINT('',(2.278304467814E2,1.337421535291E1,2.832277700053E0));
#2738=CARTESIAN_POINT('',(2.278271087717E2,1.338956766082E1,2.897251705544E0));
#2739=CARTESIAN_POINT('',(2.278136004242E2,1.344305411794E1,2.988752712450E0));
#2740=CARTESIAN_POINT('',(2.277932174886E2,1.350996649330E1,3.073914205002E0));
#2741=CARTESIAN_POINT('',(2.277644382068E2,1.358837573298E1,3.160256182208E0));
#2742=CARTESIAN_POINT('',(2.277248842578E2,1.367737492897E1,3.249926895998E0));
#2743=CARTESIAN_POINT('',(2.276714813858E2,1.377638872302E1,3.343853971661E0));
#2744=CARTESIAN_POINT('',(2.276000259395E2,1.388454742407E1,3.441577519123E0));
#2745=CARTESIAN_POINT('',(2.275071415592E2,1.399858576559E1,3.539961599506E0));
#2746=CARTESIAN_POINT('',(2.273809193884E2,1.412105366980E1,3.639705163783E0));
#2747=CARTESIAN_POINT('',(2.272191799967E2,1.423876342166E1,3.726713124317E0));
#2748=CARTESIAN_POINT('',(2.270942583561E2,1.430335723183E1,3.765858289195E0));
#2749=CARTESIAN_POINT('',(2.270271148682E2,1.433137257894E1,3.779326299070E0));
#2751=CARTESIAN_POINT('',(2.270271148682E2,8.351135253906E0,3.779326299070E0));
#2752=CARTESIAN_POINT('',(2.271045868638E2,8.383460128828E0,3.763786540347E0));
#2753=CARTESIAN_POINT('',(2.272448338519E2,8.458545020989E0,3.716981659204E0));
#2754=CARTESIAN_POINT('',(2.274160733702E2,8.591367834484E0,3.616274254096E0));
#2755=CARTESIAN_POINT('',(2.275418512033E2,8.722862695515E0,3.507067979828E0));
#2756=CARTESIAN_POINT('',(2.276335859543E2,8.845319505240E0,3.399472763509E0));
#2757=CARTESIAN_POINT('',(2.277010733636E2,8.958007790215E0,3.295383144647E0));
#2758=CARTESIAN_POINT('',(2.277504174989E2,9.059960605888E0,3.195679895365E0));
#2759=CARTESIAN_POINT('',(2.277865284028E2,9.152216737069E0,3.097775341045E0));
#2760=CARTESIAN_POINT('',(2.278114879970E2,9.231385755450E0,3.000930947246E0));
#2761=CARTESIAN_POINT('',(2.278268064485E2,9.291498526188E0,2.902216355757E0));
#2762=CARTESIAN_POINT('',(2.278304467814E2,9.308292479935E0,2.833599294545E0));
#2763=CARTESIAN_POINT('',(2.278304467814E2,9.308292479935E0,2.798856175287E0));
#2765=CARTESIAN_POINT('',(2.278304467814E2,7.393978027877E0,2.798856175288E0));
#2766=CARTESIAN_POINT('',(2.278304467814E2,7.393978027877E0,2.832277700053E0));
#2767=CARTESIAN_POINT('',(2.278271087717E2,7.409330335786E0,2.897251705544E0));
#2768=CARTESIAN_POINT('',(2.278136004242E2,7.462816792908E0,2.988752712450E0));
#2769=CARTESIAN_POINT('',(2.277932174886E2,7.529729168264E0,3.073914205002E0));
#2770=CARTESIAN_POINT('',(2.277644382068E2,7.608138407949E0,3.160256182208E0));
#2771=CARTESIAN_POINT('',(2.277248842578E2,7.697137603936E0,3.249926895998E0));
#2772=CARTESIAN_POINT('',(2.276714813858E2,7.796151397988E0,3.343853971662E0));
#2773=CARTESIAN_POINT('',(2.276000259395E2,7.904310099040E0,3.441577519123E0));
#2774=CARTESIAN_POINT('',(2.275071415592E2,8.018348440558E0,3.539961599506E0));
#2775=CARTESIAN_POINT('',(2.273809193884E2,8.140816344764E0,3.639705163783E0));
#2776=CARTESIAN_POINT('',(2.272191799967E2,8.258526096623E0,3.726713124317E0));
#2777=CARTESIAN_POINT('',(2.270942583561E2,8.323119906796E0,3.765858289195E0));
#2778=CARTESIAN_POINT('',(2.270271148682E2,8.351135253906E0,3.779326299070E0));
#2780=CARTESIAN_POINT('',(2.270271148682E2,2.370897928874E0,3.779326299070E0));
#2781=CARTESIAN_POINT('',(2.271045868638E2,2.403222803795E0,3.763786540347E0));
#2782=CARTESIAN_POINT('',(2.272448338519E2,2.478307695956E0,3.716981659204E0));
#2783=CARTESIAN_POINT('',(2.274160733702E2,2.611130509451E0,3.616274254096E0));
#2784=CARTESIAN_POINT('',(2.275418512033E2,2.742625370483E0,3.507067979828E0));
#2785=CARTESIAN_POINT('',(2.276335859543E2,2.865082180207E0,3.399472763509E0));
#2786=CARTESIAN_POINT('',(2.277010733636E2,2.977770465183E0,3.295383144647E0));
#2787=CARTESIAN_POINT('',(2.277504174989E2,3.079723280855E0,3.195679895365E0));
#2788=CARTESIAN_POINT('',(2.277865284028E2,3.171979412036E0,3.097775341045E0));
#2789=CARTESIAN_POINT('',(2.278114879970E2,3.251148430417E0,3.000930947246E0));
#2790=CARTESIAN_POINT('',(2.278268064485E2,3.311261201155E0,2.902216355757E0));
#2791=CARTESIAN_POINT('',(2.278304467814E2,3.328055154903E0,2.833599294545E0));
#2792=CARTESIAN_POINT('',(2.278304467814E2,3.328055154903E0,2.798856175287E0));
#2794=CARTESIAN_POINT('',(2.278304467814E2,1.413740702845E0,2.798856175287E0));
#2795=CARTESIAN_POINT('',(2.278304467814E2,1.413740702845E0,2.832277700053E0));
#2796=CARTESIAN_POINT('',(2.278271087717E2,1.429093010754E0,2.897251705544E0));
#2797=CARTESIAN_POINT('',(2.278136004242E2,1.482579467875E0,2.988752712450E0));
#2798=CARTESIAN_POINT('',(2.277932174886E2,1.549491843232E0,3.073914205002E0));
#2799=CARTESIAN_POINT('',(2.277644382068E2,1.627901082916E0,3.160256182208E0));
#2800=CARTESIAN_POINT('',(2.277248842578E2,1.716900278904E0,3.249926895998E0));
#2801=CARTESIAN_POINT('',(2.276714813858E2,1.815914072955E0,3.343853971662E0));
#2802=CARTESIAN_POINT('',(2.276000259395E2,1.924072774007E0,3.441577519123E0));
#2803=CARTESIAN_POINT('',(2.275071415592E2,2.038111115526E0,3.539961599506E0));
#2804=CARTESIAN_POINT('',(2.273809193884E2,2.160579019731E0,3.639705163783E0));
#2805=CARTESIAN_POINT('',(2.272191799967E2,2.278288771591E0,3.726713124317E0));
#2806=CARTESIAN_POINT('',(2.270942583561E2,2.342882581763E0,3.765858289195E0));
#2807=CARTESIAN_POINT('',(2.270271148682E2,2.370897928874E0,3.779326299070E0));
#2809=CARTESIAN_POINT('',(2.270271148682E2,-3.609339396159E0,3.779326299070E0));
#2810=CARTESIAN_POINT('',(2.271045868638E2,-3.577014521238E0,3.763786540347E0));
#2811=CARTESIAN_POINT('',(2.272448338519E2,-3.501929629076E0,3.716981659204E0));
#2812=CARTESIAN_POINT('',(2.274160733702E2,-3.369106815581E0,3.616274254096E0));
#2813=CARTESIAN_POINT('',(2.275418512033E2,-3.237611954550E0,3.507067979828E0));
#2814=CARTESIAN_POINT('',(2.276335859543E2,-3.115155144825E0,3.399472763509E0));
#2815=CARTESIAN_POINT('',(2.277010733636E2,-3.002466859850E0,3.295383144647E0));
#2816=CARTESIAN_POINT('',(2.277504174989E2,-2.900514044177E0,3.195679895365E0));
#2817=CARTESIAN_POINT('',(2.277865284028E2,-2.808257912996E0,3.097775341045E0));
#2818=CARTESIAN_POINT('',(2.278114879970E2,-2.729088894615E0,3.000930947246E0));
#2819=CARTESIAN_POINT('',(2.278268064485E2,-2.668976123877E0,2.902216355757E0));
#2820=CARTESIAN_POINT('',(2.278304467814E2,-2.652182170130E0,2.833599294545E0));
#2821=CARTESIAN_POINT('',(2.278304467814E2,-2.652182170130E0,2.798856175287E0));
#2823=CARTESIAN_POINT('',(2.278304467814E2,-4.566496622188E0,2.798856175287E0));
#2824=CARTESIAN_POINT('',(2.278304467814E2,-4.566496622188E0,2.832277700053E0));
#2825=CARTESIAN_POINT('',(2.278271087717E2,-4.551144314279E0,2.897251705544E0));
#2826=CARTESIAN_POINT('',(2.278136004242E2,-4.497657857157E0,2.988752712450E0));
#2827=CARTESIAN_POINT('',(2.277932174886E2,-4.430745481801E0,3.073914205002E0));
#2828=CARTESIAN_POINT('',(2.277644382068E2,-4.352336242117E0,3.160256182208E0));
#2829=CARTESIAN_POINT('',(2.277248842578E2,-4.263337046129E0,3.249926895998E0));
#2830=CARTESIAN_POINT('',(2.276714813858E2,-4.164323252077E0,3.343853971662E0));
#2831=CARTESIAN_POINT('',(2.276000259395E2,-4.056164551025E0,3.441577519123E0));
#2832=CARTESIAN_POINT('',(2.275071415592E2,-3.942126209507E0,3.539961599506E0));
#2833=CARTESIAN_POINT('',(2.273809193884E2,-3.819658305301E0,3.639705163783E0));
#2834=CARTESIAN_POINT('',(2.272191799967E2,-3.701948553442E0,3.726713124317E0));
#2835=CARTESIAN_POINT('',(2.270942583561E2,-3.637354743270E0,3.765858289195E0));
#2836=CARTESIAN_POINT('',(2.270271148682E2,-3.609339396159E0,3.779326299070E0));
#2838=CARTESIAN_POINT('',(2.270271148682E2,-9.589576721191E0,3.779326299070E0));
#2839=CARTESIAN_POINT('',(2.271045868638E2,-9.557251846270E0,3.763786540347E0));
#2840=CARTESIAN_POINT('',(2.272448338519E2,-9.482166954109E0,3.716981659204E0));
#2841=CARTESIAN_POINT('',(2.274160733702E2,-9.349344140614E0,3.616274254096E0));
#2842=CARTESIAN_POINT('',(2.275418512033E2,-9.217849279582E0,3.507067979828E0));
#2843=CARTESIAN_POINT('',(2.276335859543E2,-9.095392469858E0,3.399472763509E0));
#2844=CARTESIAN_POINT('',(2.277010733636E2,-8.982704184882E0,3.295383144647E0));
#2845=CARTESIAN_POINT('',(2.277504174989E2,-8.880751369210E0,3.195679895365E0));
#2846=CARTESIAN_POINT('',(2.277865284028E2,-8.788495238029E0,3.097775341045E0));
#2847=CARTESIAN_POINT('',(2.278114879970E2,-8.709326219648E0,3.000930947246E0));
#2848=CARTESIAN_POINT('',(2.278268064485E2,-8.649213448910E0,2.902216355757E0));
#2849=CARTESIAN_POINT('',(2.278304467814E2,-8.632419495163E0,2.833599294545E0));
#2850=CARTESIAN_POINT('',(2.278304467814E2,-8.632419495163E0,2.798856175288E0));
#2852=CARTESIAN_POINT('',(2.278304467814E2,-1.054673394722E1,2.798856175288E0));
#2853=CARTESIAN_POINT('',(2.278304467814E2,-1.054673394722E1,2.831888168098E0));
#2854=CARTESIAN_POINT('',(2.278271806005E2,-1.053172212682E1,2.896235381547E0));
#2855=CARTESIAN_POINT('',(2.278139178719E2,-1.047906637427E1,2.987052236121E0));
#2856=CARTESIAN_POINT('',(2.277936801971E2,-1.041236532907E1,3.072308919361E0));
#2857=CARTESIAN_POINT('',(2.277650031992E2,-1.033396750691E1,3.158801377610E0));
#2858=CARTESIAN_POINT('',(2.277255206753E2,-1.024485788236E1,3.248680316637E0));
#2859=CARTESIAN_POINT('',(2.276722848552E2,-1.014595812822E1,3.342551980298E0));
#2860=CARTESIAN_POINT('',(2.276017533879E2,-1.003880189984E1,3.439449288447E0));
#2861=CARTESIAN_POINT('',(2.275100059341E2,-9.925683081784E0,3.537136824970E0));
#2862=CARTESIAN_POINT('',(2.273875083291E2,-9.805658978733E0,3.635150607052E0));
#2863=CARTESIAN_POINT('',(2.272265610613E2,-9.686549037164E0,3.723802247119E0));
#2864=CARTESIAN_POINT('',(2.270976257299E2,-9.618997091340E0,3.765182842838E0));
#2865=CARTESIAN_POINT('',(2.270271148682E2,-9.589576721191E0,3.779326299070E0));
#2867=CARTESIAN_POINT('',(2.270271148682E2,-1.556981404622E1,3.779326299070E0));
#2868=CARTESIAN_POINT('',(2.271045868638E2,-1.553748917130E1,3.763786540347E0));
#2869=CARTESIAN_POINT('',(2.272448338519E2,-1.546240427914E1,3.716981659204E0));
#2870=CARTESIAN_POINT('',(2.274160733702E2,-1.532958146565E1,3.616274254096E0));
#2871=CARTESIAN_POINT('',(2.275418512033E2,-1.519808660461E1,3.507067979828E0));
#2872=CARTESIAN_POINT('',(2.276335859543E2,-1.507562979489E1,3.399472763509E0));
#2873=CARTESIAN_POINT('',(2.277010733636E2,-1.496294150991E1,3.295383144647E0));
#2874=CARTESIAN_POINT('',(2.277504174989E2,-1.486098869424E1,3.195679895365E0));
#2875=CARTESIAN_POINT('',(2.277865284028E2,-1.476873256306E1,3.097775341045E0));
#2876=CARTESIAN_POINT('',(2.278114879970E2,-1.468956354468E1,3.000930947246E0));
#2877=CARTESIAN_POINT('',(2.278268064485E2,-1.462945077394E1,2.902216355757E0));
#2878=CARTESIAN_POINT('',(2.278304467814E2,-1.461265682020E1,2.833599294545E0));
#2879=CARTESIAN_POINT('',(2.278304467814E2,-1.461265682020E1,2.798856175287E0));
#2881=CARTESIAN_POINT('',(2.278304467814E2,-1.652697127225E1,2.798856175288E0));
#2882=CARTESIAN_POINT('',(2.278304467814E2,-1.652697127225E1,2.832277700053E0));
#2883=CARTESIAN_POINT('',(2.278271087717E2,-1.651161896434E1,2.897251705544E0));
#2884=CARTESIAN_POINT('',(2.278136004242E2,-1.645813250722E1,2.988752712450E0));
#2885=CARTESIAN_POINT('',(2.277932174886E2,-1.639122013187E1,3.073914205002E0));
#2886=CARTESIAN_POINT('',(2.277644382068E2,-1.631281089218E1,3.160256182208E0));
#2887=CARTESIAN_POINT('',(2.277248842578E2,-1.622381169619E1,3.249926895998E0));
#2888=CARTESIAN_POINT('',(2.276714813858E2,-1.612479790214E1,3.343853971662E0));
#2889=CARTESIAN_POINT('',(2.276000259395E2,-1.601663920109E1,3.441577519123E0));
#2890=CARTESIAN_POINT('',(2.275071415592E2,-1.590260085957E1,3.539961599506E0));
#2891=CARTESIAN_POINT('',(2.273809193884E2,-1.578013295537E1,3.639705163783E0));
#2892=CARTESIAN_POINT('',(2.272191799967E2,-1.566242320351E1,3.726713124317E0));
#2893=CARTESIAN_POINT('',(2.270942583561E2,-1.559782939333E1,3.765858289195E0));
#2894=CARTESIAN_POINT('',(2.270271148682E2,-1.556981404622E1,3.779326299070E0));
#2896=CARTESIAN_POINT('',(2.270271148682E2,-2.155005137126E1,3.779326299070E0));
#2897=CARTESIAN_POINT('',(2.271045868638E2,-2.151772649634E1,3.763786540347E0));
#2898=CARTESIAN_POINT('',(2.272448338519E2,-2.144264160417E1,3.716981659204E0));
#2899=CARTESIAN_POINT('',(2.274160733702E2,-2.130981879068E1,3.616274254096E0));
#2900=CARTESIAN_POINT('',(2.275418512033E2,-2.117832392965E1,3.507067979828E0));
#2901=CARTESIAN_POINT('',(2.276335859543E2,-2.105586711992E1,3.399472763509E0));
#2902=CARTESIAN_POINT('',(2.277010733636E2,-2.094317883495E1,3.295383144647E0));
#2903=CARTESIAN_POINT('',(2.277504174989E2,-2.084122601928E1,3.195679895365E0));
#2904=CARTESIAN_POINT('',(2.277865284028E2,-2.074896988809E1,3.097775341045E0));
#2905=CARTESIAN_POINT('',(2.278114879970E2,-2.066980086971E1,3.000930947246E0));
#2906=CARTESIAN_POINT('',(2.278268064485E2,-2.060968809897E1,2.902216355757E0));
#2907=CARTESIAN_POINT('',(2.278304467814E2,-2.059289414523E1,2.833599294545E0));
#2908=CARTESIAN_POINT('',(2.278304467814E2,-2.059289414523E1,2.798856175287E0));
#2910=CARTESIAN_POINT('',(2.278304467814E2,-2.250720859729E1,2.798856175288E0));
#2911=CARTESIAN_POINT('',(2.278304467814E2,-2.250720859729E1,2.832277700053E0));
#2912=CARTESIAN_POINT('',(2.278271087717E2,-2.249185628938E1,2.897251705544E0));
#2913=CARTESIAN_POINT('',(2.278136004242E2,-2.243836983225E1,2.988752712450E0));
#2914=CARTESIAN_POINT('',(2.277932174886E2,-2.237145745690E1,3.073914205002E0));
#2915=CARTESIAN_POINT('',(2.277644382068E2,-2.229304821721E1,3.160256182208E0));
#2916=CARTESIAN_POINT('',(2.277248842578E2,-2.220404902123E1,3.249926895998E0));
#2917=CARTESIAN_POINT('',(2.276714813858E2,-2.210503522718E1,3.343853971662E0));
#2918=CARTESIAN_POINT('',(2.276000259395E2,-2.199687652612E1,3.441577519123E0));
#2919=CARTESIAN_POINT('',(2.275071415592E2,-2.188283818460E1,3.539961599506E0));
#2920=CARTESIAN_POINT('',(2.273809193884E2,-2.176037028040E1,3.639705163783E0));
#2921=CARTESIAN_POINT('',(2.272191799967E2,-2.164266052854E1,3.726713124317E0));
#2922=CARTESIAN_POINT('',(2.270942583561E2,-2.157806671837E1,3.765858289195E0));
#2923=CARTESIAN_POINT('',(2.270271148682E2,-2.155005137126E1,3.779326299070E0));
#2925=CARTESIAN_POINT('',(2.270271148682E2,-2.753028869629E1,3.779326299070E0));
#2926=CARTESIAN_POINT('',(2.271045868638E2,-2.749796382137E1,3.763786540347E0));
#2927=CARTESIAN_POINT('',(2.272448338519E2,-2.742287892921E1,3.716981659204E0));
#2928=CARTESIAN_POINT('',(2.274160733702E2,-2.729005611571E1,3.616274254096E0));
#2929=CARTESIAN_POINT('',(2.275418512033E2,-2.715856125468E1,3.507067979828E0));
#2930=CARTESIAN_POINT('',(2.276335859543E2,-2.703610444496E1,3.399472763509E0));
#2931=CARTESIAN_POINT('',(2.277010733636E2,-2.692341615998E1,3.295383144647E0));
#2932=CARTESIAN_POINT('',(2.277504174989E2,-2.682146334431E1,3.195679895365E0));
#2933=CARTESIAN_POINT('',(2.277865284028E2,-2.672920721313E1,3.097775341045E0));
#2934=CARTESIAN_POINT('',(2.278114879970E2,-2.665003819475E1,3.000930947246E0));
#2935=CARTESIAN_POINT('',(2.278268064485E2,-2.658992542401E1,2.902216355757E0));
#2936=CARTESIAN_POINT('',(2.278304467814E2,-2.657313147026E1,2.833599294545E0));
#2937=CARTESIAN_POINT('',(2.278304467814E2,-2.657313147026E1,2.798856175287E0));
#2939=CARTESIAN_POINT('',(2.278304467814E2,-2.848744592232E1,2.798856175288E0));
#2940=CARTESIAN_POINT('',(2.278304467814E2,-2.848744592232E1,2.832277700053E0));
#2941=CARTESIAN_POINT('',(2.278271087717E2,-2.847209361441E1,2.897251705544E0));
#2942=CARTESIAN_POINT('',(2.278136004242E2,-2.841860715729E1,2.988752712450E0));
#2943=CARTESIAN_POINT('',(2.277932174886E2,-2.835169478193E1,3.073914205002E0));
#2944=CARTESIAN_POINT('',(2.277644382068E2,-2.827328554225E1,3.160256182208E0));
#2945=CARTESIAN_POINT('',(2.277248842578E2,-2.818428634626E1,3.249926895998E0));
#2946=CARTESIAN_POINT('',(2.276714813858E2,-2.808527255221E1,3.343853971662E0));
#2947=CARTESIAN_POINT('',(2.276000259395E2,-2.797711385116E1,3.441577519123E0));
#2948=CARTESIAN_POINT('',(2.275071415592E2,-2.786307550964E1,3.539961599506E0));
#2949=CARTESIAN_POINT('',(2.273809193884E2,-2.774060760543E1,3.639705163783E0));
#2950=CARTESIAN_POINT('',(2.272191799967E2,-2.762289785357E1,3.726713124317E0));
#2951=CARTESIAN_POINT('',(2.270942583561E2,-2.755830404340E1,3.765858289195E0));
#2952=CARTESIAN_POINT('',(2.270271148682E2,-2.753028869629E1,3.779326299070E0));
#2954=CARTESIAN_POINT('',(2.270271148682E2,-3.351052602132E1,3.779326299070E0));
#2955=CARTESIAN_POINT('',(2.271045868638E2,-3.347820114640E1,3.763786540347E0));
#2956=CARTESIAN_POINT('',(2.272448338519E2,-3.340311625424E1,3.716981659204E0));
#2957=CARTESIAN_POINT('',(2.274160733702E2,-3.327029344074E1,3.616274254096E0));
#2958=CARTESIAN_POINT('',(2.275418512033E2,-3.313879857971E1,3.507067979828E0));
#2959=CARTESIAN_POINT('',(2.276335859543E2,-3.301634176999E1,3.399472763509E0));
#2960=CARTESIAN_POINT('',(2.277010733636E2,-3.290365348501E1,3.295383144647E0));
#2961=CARTESIAN_POINT('',(2.277504174989E2,-3.280170066934E1,3.195679895365E0));
#2962=CARTESIAN_POINT('',(2.277865284028E2,-3.270944453816E1,3.097775341045E0));
#2963=CARTESIAN_POINT('',(2.278114879970E2,-3.263027551978E1,3.000930947246E0));
#2964=CARTESIAN_POINT('',(2.278268064485E2,-3.257016274904E1,2.902216355757E0));
#2965=CARTESIAN_POINT('',(2.278304467814E2,-3.255336879529E1,2.833599294545E0));
#2966=CARTESIAN_POINT('',(2.278304467814E2,-3.255336879529E1,2.798856175287E0));
#2968=CARTESIAN_POINT('',(2.278304467814E2,-3.446768324735E1,2.798856175287E0));
#2969=CARTESIAN_POINT('',(2.278304467814E2,-3.446768324735E1,2.832277700053E0));
#2970=CARTESIAN_POINT('',(2.278271087717E2,-3.445233093944E1,2.897251705544E0));
#2971=CARTESIAN_POINT('',(2.278136004242E2,-3.439884448232E1,2.988752712450E0));
#2972=CARTESIAN_POINT('',(2.277932174886E2,-3.433193210696E1,3.073914205002E0));
#2973=CARTESIAN_POINT('',(2.277644382068E2,-3.425352286728E1,3.160256182208E0));
#2974=CARTESIAN_POINT('',(2.277248842578E2,-3.416452367129E1,3.249926895998E0));
#2975=CARTESIAN_POINT('',(2.276714813858E2,-3.406550987724E1,3.343853971662E0));
#2976=CARTESIAN_POINT('',(2.276000259395E2,-3.395735117619E1,3.441577519123E0));
#2977=CARTESIAN_POINT('',(2.275071415592E2,-3.384331283467E1,3.539961599506E0));
#2978=CARTESIAN_POINT('',(2.273809193884E2,-3.372084493046E1,3.639705163783E0));
#2979=CARTESIAN_POINT('',(2.272191799967E2,-3.360313517860E1,3.726713124317E0));
#2980=CARTESIAN_POINT('',(2.270942583561E2,-3.353854136843E1,3.765858289195E0));
#2981=CARTESIAN_POINT('',(2.270271148682E2,-3.351052602132E1,3.779326299070E0));
#2983=CARTESIAN_POINT('',(2.270271148682E2,-3.949076334635E1,3.779326299070E0));
#2984=CARTESIAN_POINT('',(2.271045868638E2,-3.945843847143E1,3.763786540347E0));
#2985=CARTESIAN_POINT('',(2.272448338519E2,-3.938335357927E1,3.716981659204E0));
#2986=CARTESIAN_POINT('',(2.274160733702E2,-3.925053076578E1,3.616274254096E0));
#2987=CARTESIAN_POINT('',(2.275418512033E2,-3.911903590475E1,3.507067979828E0));
#2988=CARTESIAN_POINT('',(2.276335859543E2,-3.899657909502E1,3.399472763509E0));
#2989=CARTESIAN_POINT('',(2.277010733636E2,-3.888389081005E1,3.295383144647E0));
#2990=CARTESIAN_POINT('',(2.277504174989E2,-3.878193799437E1,3.195679895365E0));
#2991=CARTESIAN_POINT('',(2.277865284028E2,-3.868968186319E1,3.097775341045E0));
#2992=CARTESIAN_POINT('',(2.278114879970E2,-3.861051284481E1,3.000930947246E0));
#2993=CARTESIAN_POINT('',(2.278268064485E2,-3.855040007407E1,2.902216355757E0));
#2994=CARTESIAN_POINT('',(2.278304467814E2,-3.853360612033E1,2.833599294545E0));
#2995=CARTESIAN_POINT('',(2.278304467814E2,-3.853360612033E1,2.798856175287E0));
#2997=CARTESIAN_POINT('',(2.278304467814E2,-4.044792057238E1,2.798856175288E0));
#2998=CARTESIAN_POINT('',(2.278304467814E2,-4.044792057238E1,2.832277700053E0));
#2999=CARTESIAN_POINT('',(2.278271087717E2,-4.043256826447E1,2.897251705544E0));
#3000=CARTESIAN_POINT('',(2.278136004242E2,-4.037908180735E1,2.988752712450E0));
#3001=CARTESIAN_POINT('',(2.277932174886E2,-4.031216943200E1,3.073914205002E0));
#3002=CARTESIAN_POINT('',(2.277644382068E2,-4.023376019231E1,3.160256182208E0));
#3003=CARTESIAN_POINT('',(2.277248842578E2,-4.014476099632E1,3.249926895998E0));
#3004=CARTESIAN_POINT('',(2.276714813858E2,-4.004574720227E1,3.343853971661E0));
#3005=CARTESIAN_POINT('',(2.276000259395E2,-3.993758850122E1,3.441577519123E0));
#3006=CARTESIAN_POINT('',(2.275071415592E2,-3.982355015970E1,3.539961599506E0));
#3007=CARTESIAN_POINT('',(2.273809193884E2,-3.970108225550E1,3.639705163783E0));
#3008=CARTESIAN_POINT('',(2.272191799967E2,-3.958337250364E1,3.726713124317E0));
#3009=CARTESIAN_POINT('',(2.270942583561E2,-3.951877869346E1,3.765858289195E0));
#3010=CARTESIAN_POINT('',(2.270271148682E2,-3.949076334635E1,3.779326299070E0));
#3012=CARTESIAN_POINT('',(2.270271148682E2,-4.547100067139E1,3.779326299070E0));
#3013=CARTESIAN_POINT('',(2.271045868638E2,-4.543867579647E1,3.763786540347E0));
#3014=CARTESIAN_POINT('',(2.272448338519E2,-4.536359090430E1,3.716981659204E0));
#3015=CARTESIAN_POINT('',(2.274160733702E2,-4.523076809081E1,3.616274254096E0));
#3016=CARTESIAN_POINT('',(2.275418512033E2,-4.509927322978E1,3.507067979828E0));
#3017=CARTESIAN_POINT('',(2.276335859543E2,-4.497681642005E1,3.399472763509E0));
#3018=CARTESIAN_POINT('',(2.277010733636E2,-4.486412813508E1,3.295383144647E0));
#3019=CARTESIAN_POINT('',(2.277504174989E2,-4.476217531941E1,3.195679895365E0));
#3020=CARTESIAN_POINT('',(2.277865284028E2,-4.466991918822E1,3.097775341045E0));
#3021=CARTESIAN_POINT('',(2.278114879970E2,-4.459075016984E1,3.000930947246E0));
#3022=CARTESIAN_POINT('',(2.278268064485E2,-4.453063739911E1,2.902216355757E0));
#3023=CARTESIAN_POINT('',(2.278304467814E2,-4.451384344536E1,2.833599294545E0));
#3024=CARTESIAN_POINT('',(2.278304467814E2,-4.451384344536E1,2.798856175287E0));
#3026=CARTESIAN_POINT('',(2.278304467814E2,-4.642815789742E1,2.798856175288E0));
#3027=CARTESIAN_POINT('',(2.278304467814E2,-4.642815789742E1,2.832277700053E0));
#3028=CARTESIAN_POINT('',(2.278271087717E2,-4.641280558951E1,2.897251705544E0));
#3029=CARTESIAN_POINT('',(2.278136004242E2,-4.635931913239E1,2.988752712450E0));
#3030=CARTESIAN_POINT('',(2.277932174886E2,-4.629240675703E1,3.073914205002E0));
#3031=CARTESIAN_POINT('',(2.277644382068E2,-4.621399751734E1,3.160256182208E0));
#3032=CARTESIAN_POINT('',(2.277248842578E2,-4.612499832136E1,3.249926895998E0));
#3033=CARTESIAN_POINT('',(2.276714813858E2,-4.602598452731E1,3.343853971661E0));
#3034=CARTESIAN_POINT('',(2.276000259395E2,-4.591782582625E1,3.441577519123E0));
#3035=CARTESIAN_POINT('',(2.275071415592E2,-4.580378748473E1,3.539961599506E0));
#3036=CARTESIAN_POINT('',(2.273809193884E2,-4.568131958053E1,3.639705163783E0));
#3037=CARTESIAN_POINT('',(2.272191799967E2,-4.556360982867E1,3.726713124317E0));
#3038=CARTESIAN_POINT('',(2.270942583561E2,-4.549901601850E1,3.765858289195E0));
#3039=CARTESIAN_POINT('',(2.270271148682E2,-4.547100067139E1,3.779326299070E0));
#3041=CARTESIAN_POINT('',(2.268304467814E2,-5.120407109838E1,2.798856175288E0));
#3042=DIRECTION('',(0.E0,1.E0,0.E0));
#3043=DIRECTION('',(0.E0,0.E0,1.E0));
#3044=AXIS2_PLACEMENT_3D('',#3041,#3042,#3043);
#3046=DIRECTION('',(0.E0,0.E0,-1.E0));
#3047=VECTOR('',#3046,3.779326299023E0);
#3048=CARTESIAN_POINT('',(2.270271148682E2,2.629184722900E1,3.779326299070E0));
#3049=LINE('',#3048,#3047);
#3050=DIRECTION('',(0.E0,0.E0,-1.E0));
#3051=VECTOR('',#3050,3.779326299023E0);
#3052=CARTESIAN_POINT('',(2.270271148682E2,2.031160990397E1,3.779326299070E0));
#3053=LINE('',#3052,#3051);
#3054=DIRECTION('',(0.E0,0.E0,-1.E0));
#3055=VECTOR('',#3054,3.779326299023E0);
#3056=CARTESIAN_POINT('',(2.270271148682E2,1.433137257894E1,3.779326299070E0));
#3057=LINE('',#3056,#3055);
#3058=DIRECTION('',(0.E0,0.E0,-1.E0));
#3059=VECTOR('',#3058,3.779326299023E0);
#3060=CARTESIAN_POINT('',(2.270271148682E2,8.351135253906E0,3.779326299070E0));
#3061=LINE('',#3060,#3059);
#3062=DIRECTION('',(0.E0,0.E0,-1.E0));
#3063=VECTOR('',#3062,3.779326299023E0);
#3064=CARTESIAN_POINT('',(2.270271148682E2,2.370897928874E0,3.779326299070E0));
#3065=LINE('',#3064,#3063);
#3066=DIRECTION('',(0.E0,0.E0,-1.E0));
#3067=VECTOR('',#3066,3.779326299023E0);
#3068=CARTESIAN_POINT('',(2.270271148682E2,-3.609339396159E0,3.779326299070E0));
#3069=LINE('',#3068,#3067);
#3070=DIRECTION('',(0.E0,0.E0,-1.E0));
#3071=VECTOR('',#3070,3.779326299023E0);
#3072=CARTESIAN_POINT('',(2.270271148682E2,-9.589576721191E0,3.779326299070E0));
#3073=LINE('',#3072,#3071);
#3074=DIRECTION('',(0.E0,0.E0,-1.E0));
#3075=VECTOR('',#3074,3.779326299023E0);
#3076=CARTESIAN_POINT('',(2.270271148682E2,-1.556981404622E1,3.779326299070E0));
#3077=LINE('',#3076,#3075);
#3078=DIRECTION('',(0.E0,0.E0,-1.E0));
#3079=VECTOR('',#3078,3.779326299023E0);
#3080=CARTESIAN_POINT('',(2.270271148682E2,-2.155005137126E1,3.779326299070E0));
#3081=LINE('',#3080,#3079);
#3082=DIRECTION('',(0.E0,0.E0,-1.E0));
#3083=VECTOR('',#3082,3.779326299023E0);
#3084=CARTESIAN_POINT('',(2.270271148682E2,-2.753028869629E1,3.779326299070E0));
#3085=LINE('',#3084,#3083);
#3086=DIRECTION('',(0.E0,0.E0,-1.E0));
#3087=VECTOR('',#3086,3.779326299023E0);
#3088=CARTESIAN_POINT('',(2.270271148682E2,-3.351052602132E1,3.779326299070E0));
#3089=LINE('',#3088,#3087);
#3090=DIRECTION('',(0.E0,0.E0,-1.E0));
#3091=VECTOR('',#3090,3.779326299023E0);
#3092=CARTESIAN_POINT('',(2.270271148682E2,-3.949076334635E1,3.779326299070E0));
#3093=LINE('',#3092,#3091);
#3094=CARTESIAN_POINT('',(2.265804467814E2,-5.145407109838E1,2.798856175288E0));
#3095=DIRECTION('',(1.E0,0.E0,0.E0));
#3096=DIRECTION('',(0.E0,0.E0,1.E0));
#3097=AXIS2_PLACEMENT_3D('',#3094,#3095,#3096);
#3099=DIRECTION('',(1.089265229295E-7,1.E0,-3.222454965827E-8));
#3100=VECTOR('',#3099,8.236274891646E1);
#3101=CARTESIAN_POINT('',(2.268304467814E2,-5.120407109838E1,3.798856175288E0));
#3102=LINE('',#3101,#3100);
#3103=CARTESIAN_POINT('',(2.265804467814E2,-5.120407109838E1,3.798856175288E0));
#3104=DIRECTION('',(0.E0,0.E0,1.E0));
#3105=DIRECTION('',(0.E0,-1.E0,0.E0));
#3106=AXIS2_PLACEMENT_3D('',#3103,#3104,#3105);
#3108=DIRECTION('',(1.E0,9.302831522262E-11,0.E0));
#3109=VECTOR('',#3108,1.749999999761E0);
#3110=CARTESIAN_POINT('',(2.248304467816E2,-5.145407109854E1,3.798856175288E0));
#3111=LINE('',#3110,#3109);
#3112=CARTESIAN_POINT('',(2.248304467814E2,-5.595407109838E1,3.798856175288E0));
#3113=DIRECTION('',(0.E0,0.E0,-1.E0));
#3114=DIRECTION('',(-9.515475726916E-1,3.075015721988E-1,0.E0));
#3115=AXIS2_PLACEMENT_3D('',#3112,#3113,#3114);
#3117=DIRECTION('',(1.011178254533E-10,-1.E0,-1.455201421254E-7));
#3118=VECTOR('',#3117,8.501624287762E1);
#3119=CARTESIAN_POINT('',(2.205484827043E2,3.044592889718E1,3.798868546863E0));
#3120=LINE('',#3119,#3118);
#3121=DIRECTION('',(9.999999994703E-1,3.235888631714E-5,-3.512157529263E-6));
#3122=VECTOR('',#3121,3.659121459826E0);
#3123=CARTESIAN_POINT('',(2.205484827043E2,3.044592889718E1,3.798868546863E0));
#3124=LINE('',#3123,#3122);
#3125=CARTESIAN_POINT('',(2.268304557528E2,3.115867781808E1,3.798853521185E0));
#3126=CARTESIAN_POINT('',(2.267351486789E2,3.110175756755E1,3.798854690147E0));
#3127=CARTESIAN_POINT('',(2.265409863929E2,3.099530446606E1,3.798856864348E0));
#3128=CARTESIAN_POINT('',(2.262390619346E2,3.085583610099E1,3.798855991285E0));
#3129=CARTESIAN_POINT('',(2.259300296070E2,3.073697941704E1,3.798856222237E0));
#3130=CARTESIAN_POINT('',(2.256170101824E2,3.063871109026E1,3.798856171491E0));
#3131=CARTESIAN_POINT('',(2.252985372143E2,3.055979863120E1,3.798856143524E0));
#3132=CARTESIAN_POINT('',(2.249662398080E2,3.049897978007E1,3.798856306140E0));
#3133=CARTESIAN_POINT('',(2.246082484162E2,3.045723362231E1,3.798855683642E0));
#3134=CARTESIAN_POINT('',(2.243448542284E2,3.044604705160E1,3.798857235225E0));
#3135=CARTESIAN_POINT('',(2.242076041622E2,3.044604730228E1,3.798855695452E0));
#3137=CARTESIAN_POINT('',(2.248304467814E2,-5.145407109838E1,2.798856175288E0));
#3138=DIRECTION('',(1.E0,0.E0,0.E0));
#3139=DIRECTION('',(0.E0,0.E0,1.E0));
#3140=AXIS2_PLACEMENT_3D('',#3137,#3138,#3139);
#3142=DIRECTION('',(1.E0,0.E0,0.E0));
#3143=VECTOR('',#3142,1.750000000278E0);
#3144=CARTESIAN_POINT('',(2.248304467822E2,-5.245407109838E1,2.798856175288E0));
#3145=LINE('',#3144,#3143);
#3146=DIRECTION('',(-1.453628328818E-9,0.E0,-1.E0));
#3147=VECTOR('',#3146,8.E-1);
#3148=CARTESIAN_POINT('',(2.265804467825E2,-5.245407109838E1,2.798856175288E0));
#3149=LINE('',#3148,#3147);
#3150=DIRECTION('',(-1.106492675262E-9,0.E0,-1.E0));
#3151=VECTOR('',#3150,8.E-1);
#3152=CARTESIAN_POINT('',(2.248304467822E2,-5.245407109838E1,2.798856175288E0));
#3153=LINE('',#3152,#3151);
#3154=CARTESIAN_POINT('',(2.265804467814E2,-5.120407109838E1,2.798856175288E0));
#3155=DIRECTION('',(0.E0,0.E0,1.E0));
#3156=DIRECTION('',(0.E0,-1.E0,0.E0));
#3157=AXIS2_PLACEMENT_3D('',#3154,#3155,#3156);
#3159=CARTESIAN_POINT('',(2.265804467814E2,-5.120407109838E1,1.998856175288E0));
#3160=DIRECTION('',(0.E0,0.E0,-1.E0));
#3161=DIRECTION('',(1.E0,0.E0,0.E0));
#3162=AXIS2_PLACEMENT_3D('',#3159,#3160,#3161);
#3164=DIRECTION('',(1.E0,0.E0,0.E0));
#3165=VECTOR('',#3164,1.75E0);
#3166=CARTESIAN_POINT('',(2.248304467814E2,-5.245407109838E1,1.998856175288E0));
#3167=LINE('',#3166,#3165);
#3168=DIRECTION('',(0.E0,-1.E0,0.E0));
#3169=VECTOR('',#3168,6.5E0);
#3170=CARTESIAN_POINT('',(2.278304467814E2,-5.120407109838E1,1.998856175288E0));
#3171=LINE('',#3170,#3169);
#3172=CARTESIAN_POINT('',(2.265804467814E2,-5.770407109838E1,1.998856175288E0));
#3173=DIRECTION('',(0.E0,0.E0,1.E0));
#3174=DIRECTION('',(0.E0,-1.E0,0.E0));
#3175=AXIS2_PLACEMENT_3D('',#3172,#3173,#3174);
#3177=DIRECTION('',(-1.E0,0.E0,0.E0));
#3178=VECTOR('',#3177,6.5E0);
#3179=CARTESIAN_POINT('',(2.265804467814E2,-5.895407109838E1,1.998856175288E0));
#3180=LINE('',#3179,#3178);
#3181=DIRECTION('',(0.E0,1.E0,0.E0));
#3182=VECTOR('',#3181,1.75E0);
#3183=CARTESIAN_POINT('',(2.213304467814E2,-5.770407109838E1,1.998856175288E0));
#3184=LINE('',#3183,#3182);
#3185=CARTESIAN_POINT('',(2.248304467814E2,-5.595407109838E1,1.998856175288E0));
#3186=DIRECTION('',(0.E0,0.E0,-1.E0));
#3187=DIRECTION('',(-1.E0,0.E0,0.E0));
#3188=AXIS2_PLACEMENT_3D('',#3185,#3186,#3187);
#3190=CARTESIAN_POINT('',(2.249651288822E2,-5.612702888721E1,1.998856175288E0));
#3191=DIRECTION('',(0.E0,0.E0,-1.E0));
#3192=DIRECTION('',(0.E0,-1.E0,0.E0));
#3193=AXIS2_PLACEMENT_3D('',#3190,#3191,#3192);
#3195=CARTESIAN_POINT('',(2.249651288822E2,-5.612702888721E1,1.998856175288E0));
#3196=DIRECTION('',(0.E0,0.E0,-1.E0));
#3197=DIRECTION('',(0.E0,1.E0,0.E0));
#3198=AXIS2_PLACEMENT_3D('',#3195,#3196,#3197);
#3200=CARTESIAN_POINT('',(2.205484827042E2,-5.895407109838E1,5.048856175288E0));
#3201=DIRECTION('',(0.E0,-1.E0,0.E0));
#3202=DIRECTION('',(-8.799568606961E-1,0.E0,-4.750536004641E-1));
#3203=AXIS2_PLACEMENT_3D('',#3200,#3201,#3202);
#3205=DIRECTION('',(0.E0,0.E0,-1.E0));
#3206=VECTOR('',#3205,1.998856175240E0);
#3207=CARTESIAN_POINT('',(2.265804467814E2,-5.895407109838E1,1.998856175288E0));
#3208=LINE('',#3207,#3206);
#3209=DIRECTION('',(0.E0,0.E0,-1.E0));
#3210=VECTOR('',#3209,1.998856175240E0);
#3211=CARTESIAN_POINT('',(1.830804467814E2,-5.895407109838E1,1.998856175288E0));
#3212=LINE('',#3211,#3210);
#3213=CARTESIAN_POINT('',(1.891124108585E2,-5.895407109838E1,5.048856175288E0));
#3214=DIRECTION('',(0.E0,-1.E0,0.E0));
#3215=DIRECTION('',(2.080159657279E-1,0.E0,-9.781254306081E-1));
#3216=AXIS2_PLACEMENT_3D('',#3213,#3214,#3215);
#3218=DIRECTION('',(4.750536004900E-1,0.E0,8.799568606821E-1));
#3219=VECTOR('',#3218,8.543472809974E0);
#3220=CARTESIAN_POINT('',(1.910923137946E2,-5.895407109838E1,3.979985574029E0));
#3221=LINE('',#3220,#3219);
#3222=CARTESIAN_POINT('',(2.048304467814E2,-5.895407109838E1,6.272283482110E0));
#3223=DIRECTION('',(0.E0,1.E0,0.E0));
#3224=DIRECTION('',(-8.799568606960E-1,0.E0,4.750536004642E-1));
#3225=AXIS2_PLACEMENT_3D('',#3222,#3223,#3224);
#3227=DIRECTION('',(4.750536004900E-1,0.E0,-8.799568606821E-1));
#3228=VECTOR('',#3227,8.543472809973E0);
#3229=CARTESIAN_POINT('',(2.145099722490E2,-5.895407109838E1,1.149787308722E1));
#3230=LINE('',#3229,#3228);
#3231=CARTESIAN_POINT('',(2.185685797677E2,-5.795407109838E1,3.979985574243E0));
#3232=DIRECTION('',(4.750536004641E-1,0.E0,-8.799568606961E-1));
#3233=DIRECTION('',(8.799568606961E-1,0.E0,4.750536004642E-1));
#3234=AXIS2_PLACEMENT_3D('',#3231,#3232,#3233);
#3236=CARTESIAN_POINT('',(2.204273516356E2,-5.595407107811E1,3.804739113184E0));
#3237=CARTESIAN_POINT('',(2.204273518199E2,-5.584465195127E1,3.804739089889E0));
#3238=CARTESIAN_POINT('',(2.204318757831E2,-5.562450258120E1,3.804287982746E0));
#3239=CARTESIAN_POINT('',(2.204515684013E2,-5.529993561255E1,3.802526971810E0));
#3240=CARTESIAN_POINT('',(2.204871779530E2,-5.495225395610E1,3.800096128158E0));
#3241=CARTESIAN_POINT('',(2.205251055063E2,-5.470055760277E1,3.798856145572E0));
#3242=CARTESIAN_POINT('',(2.205484827129E2,-5.457031398043E1,3.798856175288E0));
#3244=DIRECTION('',(-1.947455463075E-10,1.E0,1.890068988529E-11));
#3245=VECTOR('',#3244,1.750000060293E0);
#3246=CARTESIAN_POINT('',(2.204273516360E2,-5.770407113841E1,3.804739113151E0));
#3247=LINE('',#3246,#3245);
#3248=CARTESIAN_POINT('',(2.202884625229E2,-5.795407109842E1,3.826199434698E0));
#3249=CARTESIAN_POINT('',(2.203007694483E2,-5.795406835620E1,3.823582202010E0));
#3250=CARTESIAN_POINT('',(2.203243393300E2,-5.794831674357E1,3.818954101117E0));
#3251=CARTESIAN_POINT('',(2.203569818029E2,-5.792460464952E1,3.813481043081E0));
#3252=CARTESIAN_POINT('',(2.203853926004E2,-5.788673924772E1,3.809452868680E0));
#3253=CARTESIAN_POINT('',(2.204077304089E2,-5.783770978943E1,3.806756367998E0));
#3254=CARTESIAN_POINT('',(2.204234832810E2,-5.777502133798E1,3.805106457433E0));
#3255=CARTESIAN_POINT('',(2.204273495802E2,-5.772872860638E1,3.804739343043E0));
#3256=CARTESIAN_POINT('',(2.204273516360E2,-5.770407113841E1,3.804739113151E0));
#3258=CARTESIAN_POINT('',(2.205484827042E2,-5.795407109838E1,5.048856175288E0));
#3259=DIRECTION('',(0.E0,-1.E0,0.E0));
#3260=DIRECTION('',(-8.799568606961E-1,0.E0,-4.750536004641E-1));
#3261=AXIS2_PLACEMENT_3D('',#3258,#3259,#3260);
#3263=CARTESIAN_POINT('',(2.205484827042E2,3.044592883395E1,5.048856175288E0));
#3264=DIRECTION('',(0.E0,1.E0,0.E0));
#3265=DIRECTION('',(0.E0,0.E0,-1.E0));
#3266=AXIS2_PLACEMENT_3D('',#3263,#3264,#3265);
#3268=CARTESIAN_POINT('',(2.203304467814E2,-5.595407109838E1,2.809445463442E0));
#3269=DIRECTION('',(0.E0,1.E0,0.E0));
#3270=DIRECTION('',(9.690485461687E-2,0.E0,9.952936497093E-1));
#3271=AXIS2_PLACEMENT_3D('',#3268,#3269,#3270);
#3273=CARTESIAN_POINT('',(2.205484827050E2,-5.457031402121E1,2.798856175288E0));
#3274=DIRECTION('',(3.075015727036E-1,9.515475725285E-1,0.E0));
#3275=DIRECTION('',(6.903633220645E-10,-2.230962081740E-10,1.E0));
#3276=AXIS2_PLACEMENT_3D('',#3273,#3274,#3275);
#3278=CARTESIAN_POINT('',(2.248304467814E2,-5.595407109838E1,2.798856175288E0));
#3279=DIRECTION('',(0.E0,0.E0,-1.E0));
#3280=DIRECTION('',(-9.515475726916E-1,3.075015721988E-1,0.E0));
#3281=AXIS2_PLACEMENT_3D('',#3278,#3279,#3280);
#3283=DIRECTION('',(3.506302124363E-14,1.457655697500E-8,-1.E0));
#3284=VECTOR('',#3283,8.105892881540E-1);
#3285=CARTESIAN_POINT('',(2.213304467814E2,-5.595407111019E1,2.809445463442E0));
#3286=LINE('',#3285,#3284);
#3287=CARTESIAN_POINT('',(2.213304467814E2,-5.595407111019E1,2.809445463442E0));
#3288=CARTESIAN_POINT('',(2.213304469136E2,-5.586912240010E1,2.809445455060E0));
#3289=CARTESIAN_POINT('',(2.213367769485E2,-5.569768034687E1,2.808633402743E0));
#3290=CARTESIAN_POINT('',(2.213643631767E2,-5.544527531870E1,2.805463649691E0));
#3291=CARTESIAN_POINT('',(2.214141555685E2,-5.517503461088E1,2.801087953776E0));
#3292=CARTESIAN_POINT('',(2.214674057163E2,-5.497877119340E1,2.798856413610E0));
#3293=CARTESIAN_POINT('',(2.215000302628E2,-5.487781563942E1,2.798856175288E0));
#3295=DIRECTION('',(2.923376096110E-13,1.E0,9.346886030624E-11));
#3296=VECTOR('',#3295,1.749999838981E0);
#3297=CARTESIAN_POINT('',(2.213304467814E2,-5.770407094917E1,2.809445463278E0));
#3298=LINE('',#3297,#3296);
#3299=DIRECTION('',(-6.661974037634E-13,1.840679408429E-7,1.E0));
#3300=VECTOR('',#3299,8.105892879905E-1);
#3301=CARTESIAN_POINT('',(2.213304467814E2,-5.770407109838E1,1.998856175288E0));
#3302=LINE('',#3301,#3300);
#3303=CARTESIAN_POINT('',(2.203304467814E2,-5.770407109838E1,2.809445463442E0));
#3304=DIRECTION('',(0.E0,1.E0,0.E0));
#3305=DIRECTION('',(9.690485461684E-2,0.E0,9.952936497093E-1));
#3306=AXIS2_PLACEMENT_3D('',#3303,#3304,#3305);
#3308=CARTESIAN_POINT('',(2.200804467814E2,-5.795407109838E1,2.848073956417E0));
#3309=DIRECTION('',(9.781254306093E-1,4.977754481631E-11,-2.080159657223E-1));
#3310=DIRECTION('',(2.080159657223E-1,0.E0,9.781254306093E-1));
#3311=AXIS2_PLACEMENT_3D('',#3308,#3309,#3310);
#3313=CARTESIAN_POINT('',(2.200804482864E2,-5.895407109837E1,2.848073856714E0));
#3314=CARTESIAN_POINT('',(2.201891089105E2,-5.895407080184E1,2.843615397001E0));
#3315=CARTESIAN_POINT('',(2.204043097512E2,-5.892529991556E1,2.834915316406E0));
#3316=CARTESIAN_POINT('',(2.206968575246E2,-5.880671666336E1,2.825212315708E0));
#3317=CARTESIAN_POINT('',(2.209528847760E2,-5.861750001677E1,2.817921835199E0));
#3318=CARTESIAN_POINT('',(2.211538392382E2,-5.837193405775E1,2.813078696551E0));
#3319=CARTESIAN_POINT('',(2.212956282697E2,-5.806005610842E1,2.810106373805E0));
#3320=CARTESIAN_POINT('',(2.213304470188E2,-5.782470007425E1,2.809445149460E0));
#3321=CARTESIAN_POINT('',(2.213304467814E2,-5.770407094917E1,2.809445463278E0));
#3323=CARTESIAN_POINT('',(2.200804467814E2,-5.770407109838E1,1.998856175288E0));
#3324=DIRECTION('',(0.E0,0.E0,-1.E0));
#3325=DIRECTION('',(1.E0,0.E0,0.E0));
#3326=AXIS2_PLACEMENT_3D('',#3323,#3324,#3325);
#3328=DIRECTION('',(1.772332664525E-6,5.371631400690E-12,9.999999999984E-1));
#3329=VECTOR('',#3328,8.492176814281E-1);
#3330=CARTESIAN_POINT('',(2.200804467814E2,-5.895407109838E1,1.998856175288E0));
#3331=LINE('',#3330,#3329);
#3332=DIRECTION('',(4.750536004641E-1,0.E0,-8.799568606961E-1));
#3333=VECTOR('',#3332,8.543472809867E0);
#3334=CARTESIAN_POINT('',(2.153899291097E2,-5.795407109838E1,1.197292668767E1));
#3335=LINE('',#3334,#3333);
#3336=DIRECTION('',(-4.750575809739E-1,6.106528577670E-9,8.799547117660E-1));
#3337=VECTOR('',#3336,8.543472812934E0);
#3338=CARTESIAN_POINT('',(2.194485706371E2,3.044592884945E1,4.455057530802E0));
#3339=LINE('',#3338,#3337);
#3340=DIRECTION('',(-3.847129169540E-7,-9.999999999999E-1,-2.076509007899E-7));
#3341=VECTOR('',#3340,8.839999994784E1);
#3342=CARTESIAN_POINT('',(2.194485706371E2,3.044592884945E1,4.455057530802E0));
#3343=LINE('',#3342,#3341);
#3344=CARTESIAN_POINT('',(2.145099722490E2,-5.795407109838E1,1.149787308722E1));
#3345=DIRECTION('',(4.750536004641E-1,0.E0,-8.799568606961E-1));
#3346=DIRECTION('',(8.799568606961E-1,0.E0,4.750536004642E-1));
#3347=AXIS2_PLACEMENT_3D('',#3344,#3345,#3346);
#3349=CARTESIAN_POINT('',(1.951509213137E2,-5.795407109838E1,1.149787308722E1));
#3350=DIRECTION('',(4.750536004641E-1,0.E0,8.799568606961E-1));
#3351=DIRECTION('',(-8.799568606961E-1,0.E0,4.750536004642E-1));
#3352=AXIS2_PLACEMENT_3D('',#3349,#3350,#3351);
#3354=CARTESIAN_POINT('',(2.048304467814E2,-5.795407109838E1,6.272283482110E0));
#3355=DIRECTION('',(0.E0,1.E0,0.E0));
#3356=DIRECTION('',(-8.799568606961E-1,0.E0,4.750536004641E-1));
#3357=AXIS2_PLACEMENT_3D('',#3354,#3355,#3356);
#3359=DIRECTION('',(0.E0,1.E0,0.E0));
#3360=VECTOR('',#3359,1.138E2);
#3361=CARTESIAN_POINT('',(1.942709644530E2,-5.795407109838E1,1.197292668767E1));
#3362=LINE('',#3361,#3360);
#3363=CARTESIAN_POINT('',(2.048304467814E2,5.584592890162E1,6.272283482110E0));
#3364=DIRECTION('',(0.E0,-1.E0,0.E0));
#3365=DIRECTION('',(4.626209067323E-1,0.E0,8.865562005052E-1));
#3366=AXIS2_PLACEMENT_3D('',#3363,#3364,#3365);
#3368=DIRECTION('',(4.182702247937E-9,-1.E0,7.968403990598E-9));
#3369=VECTOR('',#3368,2.259999999757E1);
#3370=CARTESIAN_POINT('',(2.103818976620E2,5.584592890162E1,1.691095788827E1));
#3371=LINE('',#3370,#3369);
#3372=CARTESIAN_POINT('',(2.103818977565E2,3.324592890405E1,1.691095806835E1));
#3373=CARTESIAN_POINT('',(2.103818655512E2,3.308518499786E1,1.691097487351E1));
#3374=CARTESIAN_POINT('',(2.103947400681E2,3.283729574870E1,1.690443174062E1));
#3375=CARTESIAN_POINT('',(2.104997408337E2,3.233706444683E1,1.684891531943E1));
#3376=CARTESIAN_POINT('',(2.106483731240E2,3.190491311635E1,1.676831093114E1));
#3377=CARTESIAN_POINT('',(2.108506246643E2,3.150139739151E1,1.665401117646E1));
#3378=CARTESIAN_POINT('',(2.111607077590E2,3.104687593811E1,1.646988603119E1));
#3379=CARTESIAN_POINT('',(2.115141838710E2,3.071218859294E1,1.624322221845E1));
#3380=CARTESIAN_POINT('',(2.118937794394E2,3.048850147899E1,1.597553932270E1));
#3381=CARTESIAN_POINT('',(2.121908930455E2,3.037426976397E1,1.575253697026E1));
#3382=CARTESIAN_POINT('',(2.125093086862E2,3.031339660229E1,1.549703543194E1));
#3383=CARTESIAN_POINT('',(2.128344346710E2,3.031325593365E1,1.521637557835E1));
#3384=CARTESIAN_POINT('',(2.131227128700E2,3.035916021276E1,1.494855688904E1));
#3385=CARTESIAN_POINT('',(2.133950273019E2,3.042218455600E1,1.468046497721E1));
#3386=CARTESIAN_POINT('',(2.135320606734E2,3.044590982432E1,1.453634948518E1));
#3387=CARTESIAN_POINT('',(2.136093739404E2,3.044592890163E1,1.445338656590E1));
#3389=CARTESIAN_POINT('',(2.048304467814E2,3.044592890162E1,6.272283482110E0));
#3390=DIRECTION('',(0.E0,-1.E0,0.E0));
#3391=DIRECTION('',(8.799568606961E-1,0.E0,4.750536004641E-1));
#3392=AXIS2_PLACEMENT_3D('',#3389,#3390,#3391);
#3394=DIRECTION('',(-2.400412699179E-12,1.E0,-3.247075810845E-12));
#3395=VECTOR('',#3394,8.84E1);
#3396=CARTESIAN_POINT('',(2.153899291097E2,-5.795407109838E1,1.197292668767E1));
#3397=LINE('',#3396,#3395);
#3398=CARTESIAN_POINT('',(2.099192767554E2,5.584592890162E1,1.602440168767E1));
#3399=DIRECTION('',(-8.865562005052E-1,0.E0,4.626209067323E-1));
#3400=DIRECTION('',(4.626209067323E-1,0.E0,8.865562005052E-1));
#3401=AXIS2_PLACEMENT_3D('',#3398,#3399,#3400);
#3403=CARTESIAN_POINT('',(2.140572540260E2,5.584592890162E1,1.566680993019E1));
#3404=DIRECTION('',(-9.527768963335E-1,0.E0,-3.036711804125E-1));
#3405=DIRECTION('',(-3.036711804125E-1,-2.842170943040E-14,9.527768963335E-1));
#3406=AXIS2_PLACEMENT_3D('',#3403,#3404,#3405);
#3408=CARTESIAN_POINT('',(2.124174296518E2,5.584592890162E1,2.081180517039E1));
#3409=DIRECTION('',(0.E0,1.E0,0.E0));
#3410=DIRECTION('',(3.036711804125E-1,0.E0,-9.527768963335E-1));
#3411=AXIS2_PLACEMENT_3D('',#3408,#3409,#3410);
#3413=CARTESIAN_POINT('',(2.124174296518E2,3.324592854997E1,2.081180517039E1));
#3414=DIRECTION('',(0.E0,1.E0,0.E0));
#3415=DIRECTION('',(3.036711804125E-1,0.E0,-9.527768963335E-1));
#3416=AXIS2_PLACEMENT_3D('',#3413,#3414,#3415);
#3418=CARTESIAN_POINT('',(2.222274455183E2,5.202328882049E1,1.042653702937E1));
#3419=CARTESIAN_POINT('',(2.222274449082E2,5.196838407313E1,1.061381977656E1));
#3420=CARTESIAN_POINT('',(2.222106018757E2,5.184909795831E1,1.099216113417E1));
#3421=CARTESIAN_POINT('',(2.221401700031E2,5.166120844413E1,1.154001980252E1));
#3422=CARTESIAN_POINT('',(2.220502474945E2,5.151437232106E1,1.194954073711E1));
#3423=CARTESIAN_POINT('',(2.219922135112E2,5.143875940205E1,1.215936093519E1));
#3425=DIRECTION('',(-1.307795908697E-8,1.E0,-3.609285405499E-9));
#3426=VECTOR('',#3425,1.819283050043E1);
#3427=CARTESIAN_POINT('',(2.219922137491E2,3.324592890162E1,1.215936100085E1));
#3428=LINE('',#3427,#3426);
#3429=CARTESIAN_POINT('',(2.157274455183E2,3.324592890162E1,1.042653700036E1));
#3430=DIRECTION('',(0.E0,1.E0,0.E0));
#3431=DIRECTION('',(-3.036711804125E-1,0.E0,9.527768963335E-1));
#3432=AXIS2_PLACEMENT_3D('',#3429,#3430,#3431);
#3434=DIRECTION('',(-2.371452100571E-10,-1.E0,-8.755442781795E-11));
#3435=VECTOR('',#3434,2.26E1);
#3436=CARTESIAN_POINT('',(2.137535828457E2,5.584592890162E1,1.661958682658E1));
#3437=LINE('',#3436,#3435);
#3438=CARTESIAN_POINT('',(2.157274455183E2,5.584592890162E1,1.042653700036E1));
#3439=DIRECTION('',(0.E0,-1.E0,0.E0));
#3440=DIRECTION('',(1.E0,0.E0,0.E0));
#3441=AXIS2_PLACEMENT_3D('',#3438,#3439,#3440);
#3443=DIRECTION('',(-9.665629375327E-14,-1.E0,7.592857925780E-9));
#3444=VECTOR('',#3443,3.822640081136E0);
#3445=CARTESIAN_POINT('',(2.222274455183E2,5.584592890162E1,1.042653700034E1));
#3446=LINE('',#3445,#3444);
#3447=CARTESIAN_POINT('',(2.237774455183E2,5.202328882898E1,1.042653699098E1));
#3448=DIRECTION('',(1.133979469543E-9,-2.303337403677E-1,9.731116935112E-1));
#3449=DIRECTION('',(-1.E0,7.305800409085E-10,1.338239626641E-9));
#3450=AXIS2_PLACEMENT_3D('',#3447,#3448,#3449);
#3452=CARTESIAN_POINT('',(2.237774455183E2,5.220468127597E1,8.485124451703E0));
#3453=DIRECTION('',(0.E0,-1.212510531259E-5,9.999999999265E-1));
#3454=DIRECTION('',(-1.E0,2.658802688255E-13,0.E0));
#3455=AXIS2_PLACEMENT_3D('',#3452,#3453,#3454);
#3457=DIRECTION('',(-7.665699288320E-7,3.000387650629E-5,9.999999995496E-1));
#3458=VECTOR('',#3457,3.066722642318E0);
#3459=CARTESIAN_POINT('',(2.222274474052E2,5.220458926777E1,5.418385541009E0));
#3460=LINE('',#3459,#3458);
#3461=CARTESIAN_POINT('',(2.222274450543E2,5.220468128134E1,8.485108181946E0));
#3462=CARTESIAN_POINT('',(2.222274450131E2,5.220467974065E1,8.641472432843E0));
#3463=CARTESIAN_POINT('',(2.222274457580E2,5.219951002034E1,8.943438520499E0));
#3464=CARTESIAN_POINT('',(2.222274454369E2,5.217732501758E1,9.363842266193E0));
#3465=CARTESIAN_POINT('',(2.222274456038E2,5.214109442552E1,9.752343483701E0));
#3466=CARTESIAN_POINT('',(2.222274452575E2,5.209070564959E1,1.010892137445E1));
#3467=CARTESIAN_POINT('',(2.222274460697E2,5.204747263882E1,1.032435141669E1));
#3468=CARTESIAN_POINT('',(2.222274455183E2,5.202328882049E1,1.042653702937E1));
#3470=DIRECTION('',(-8.908731990401E-7,-6.358686813521E-6,9.999999999794E-1));
#3471=VECTOR('',#3470,4.655270962720E0);
#3472=CARTESIAN_POINT('',(2.222274496655E2,5.584595850303E1,5.771266037718E0));
#3473=LINE('',#3472,#3471);
#3474=CARTESIAN_POINT('',(2.222274496655E2,5.584595850303E1,5.771266037718E0));
#3475=CARTESIAN_POINT('',(2.222274508461E2,5.580713987251E1,5.764549784499E0));
#3476=CARTESIAN_POINT('',(2.222274414837E2,5.572678669717E1,5.753272113216E0));
#3477=CARTESIAN_POINT('',(2.222274482596E2,5.564051559981E1,5.748969103719E0));
#3478=CARTESIAN_POINT('',(2.222274453911E2,5.559592890164E1,5.748958105486E0));
#3480=DIRECTION('',(7.267362897061E-8,-1.E0,-2.751131485582E-7));
#3481=VECTOR('',#3480,1.749999998119E0);
#3482=CARTESIAN_POINT('',(2.222274453911E2,5.559592890164E1,5.748958105486E0));
#3483=LINE('',#3482,#3481);
#3484=CARTESIAN_POINT('',(2.222274455183E2,5.384592890352E1,5.748957624038E0));
#3485=CARTESIAN_POINT('',(2.222274448985E2,5.368419021495E1,5.748954900681E0));
#3486=CARTESIAN_POINT('',(2.222274460275E2,5.337292220894E1,5.732886581847E0));
#3487=CARTESIAN_POINT('',(2.222274446655E2,5.294253576157E1,5.667709786602E0));
#3488=CARTESIAN_POINT('',(2.222274484199E2,5.254895354655E1,5.563909954372E0));
#3489=CARTESIAN_POINT('',(2.222274393161E2,5.231488231102E1,5.470796245076E0));
#3490=CARTESIAN_POINT('',(2.222274474052E2,5.220458926777E1,5.418385541009E0));
#3492=CARTESIAN_POINT('',(2.237774455183E2,5.220468292983E1,5.418430932012E0));
#3493=DIRECTION('',(0.E0,0.E0,1.E0));
#3494=DIRECTION('',(-9.999999999997E-1,-7.779770828987E-7,0.E0));
#3495=AXIS2_PLACEMENT_3D('',#3492,#3493,#3494);
#3497=CARTESIAN_POINT('',(2.212274455183E2,5.584592890162E1,5.771261147056E0));
#3498=DIRECTION('',(0.E0,0.E0,1.E0));
#3499=DIRECTION('',(1.E0,3.364135636730E-10,0.E0));
#3500=AXIS2_PLACEMENT_3D('',#3497,#3498,#3499);
#3502=CARTESIAN_POINT('',(2.212274455183E2,5.584592890162E1,1.042653700036E1));
#3503=DIRECTION('',(0.E0,0.E0,1.E0));
#3504=DIRECTION('',(1.E0,0.E0,0.E0));
#3505=AXIS2_PLACEMENT_3D('',#3502,#3503,#3504);
#3507=CARTESIAN_POINT('',(2.217200436247E2,5.626677447398E1,4.955760312048E0));
#3508=CARTESIAN_POINT('',(2.217395026246E2,5.623151283975E1,4.949697484914E0));
#3509=CARTESIAN_POINT('',(2.217729244761E2,5.616169514640E1,4.940709657620E0));
#3510=CARTESIAN_POINT('',(2.218085020163E2,5.606240232396E1,4.934542108237E0));
#3511=CARTESIAN_POINT('',(2.218244120056E2,5.600074029193E1,4.934183696076E0));
#3512=CARTESIAN_POINT('',(2.218307444444E2,5.597134749034E1,4.934662002126E0));
#3514=CARTESIAN_POINT('',(2.211858198139E2,5.584592890162E1,5.688900087675E0));
#3515=DIRECTION('',(8.082014551456E-1,0.E0,5.889061112780E-1));
#3516=DIRECTION('',(5.342019080662E-1,4.208962450995E-1,-7.331266413653E-1));
#3517=AXIS2_PLACEMENT_3D('',#3514,#3515,#3516);
#3519=CARTESIAN_POINT('',(2.225481121784E2,5.691904170412E1,3.819384521499E0));
#3520=DIRECTION('',(4.664925976740E-1,-8.700298561857E-1,-1.594763482802E-1));
#3521=DIRECTION('',(-5.342293406354E-1,-4.208285491568E-1,7.331455134002E-1));
#3522=AXIS2_PLACEMENT_3D('',#3519,#3520,#3521);
#3524=CARTESIAN_POINT('',(2.228218460217E2,5.616577993671E1,3.758899494378E0));
#3525=DIRECTION('',(2.035087472257E-1,-9.790255534849E-1,9.651705872220E-3));
#3526=DIRECTION('',(-6.393977428982E-1,-1.254323573670E-1,7.585758037942E-1));
#3527=AXIS2_PLACEMENT_3D('',#3524,#3525,#3526);
#3529=CARTESIAN_POINT('',(2.218307444444E2,5.597134749034E1,4.934662002126E0));
#3530=CARTESIAN_POINT('',(2.218364323604E2,5.592715084254E1,4.932148115388E0));
#3531=CARTESIAN_POINT('',(2.218457639326E2,5.583998020785E1,4.928171203945E0));
#3532=CARTESIAN_POINT('',(2.218534890680E2,5.571457694101E1,4.924719537056E0));
#3533=CARTESIAN_POINT('',(2.218551071380E2,5.563472109998E1,4.924027959259E0));
#3534=CARTESIAN_POINT('',(2.218551064044E2,5.559592917432E1,4.924027916650E0));
#3536=CARTESIAN_POINT('',(2.218307444444E2,5.597134749034E1,4.934662002126E0));
#3537=CARTESIAN_POINT('',(2.218891560310E2,5.596448007558E1,4.982764429279E0));
#3538=CARTESIAN_POINT('',(2.219966706585E2,5.594867415942E1,5.092212274664E0));
#3539=CARTESIAN_POINT('',(2.221188787454E2,5.592092158460E1,5.281320113598E0));
#3540=CARTESIAN_POINT('',(2.222059375113E2,5.588611690407E1,5.512074479839E0));
#3541=CARTESIAN_POINT('',(2.222274502952E2,5.585986945660E1,5.683194329703E0));
#3542=CARTESIAN_POINT('',(2.222274496655E2,5.584595850303E1,5.771266037718E0));
#3544=CARTESIAN_POINT('',(2.146335821E2,3.184592891279E1,1.540784835415E1));
#3545=CARTESIAN_POINT('',(2.145698480479E2,3.184592903974E1,1.543992445301E1));
#3546=CARTESIAN_POINT('',(2.144561498217E2,3.184974097679E1,1.552731701669E1));
#3547=CARTESIAN_POINT('',(2.143030262468E2,3.189143036807E1,1.571592577759E1));
#3548=CARTESIAN_POINT('',(2.141915920281E2,3.196559333739E1,1.589270036398E1));
#3549=CARTESIAN_POINT('',(2.141029635127E2,3.205396972126E1,1.603744068769E1));
#3550=CARTESIAN_POINT('',(2.140278936564E2,3.215144192249E1,1.615766113834E1));
#3551=CARTESIAN_POINT('',(2.139639816979E2,3.225205823274E1,1.625506160451E1));
#3552=CARTESIAN_POINT('',(2.139099747225E2,3.235278953115E1,1.633398009703E1));
#3553=CARTESIAN_POINT('',(2.138649616909E2,3.245155429161E1,1.639762988956E1));
#3554=CARTESIAN_POINT('',(2.138277947611E2,3.254695408933E1,1.644864678427E1));
#3555=CARTESIAN_POINT('',(2.137987823212E2,3.263826280495E1,1.648971250004E1));
#3556=CARTESIAN_POINT('',(2.137776154141E2,3.272481045019E1,1.652275598399E1));
#3557=CARTESIAN_POINT('',(2.137626230162E2,3.280622947580E1,1.654900473784E1));
#3558=CARTESIAN_POINT('',(2.137540859208E2,3.288218461083E1,1.657000975686E1));
#3559=CARTESIAN_POINT('',(2.137492585571E2,3.295265874326E1,1.658620038179E1));
#3560=CARTESIAN_POINT('',(2.137491218680E2,3.301783926285E1,1.659904580777E1));
#3561=CARTESIAN_POINT('',(2.137490156556E2,3.307811809420E1,1.660791537842E1));
#3562=CARTESIAN_POINT('',(2.137514509759E2,3.312903081232E1,1.661410513001E1));
#3563=CARTESIAN_POINT('',(2.137534833738E2,3.318402230571E1,1.661854267251E1));
#3564=CARTESIAN_POINT('',(2.137535899902E2,3.322470765834E1,1.661958910427E1));
#3565=CARTESIAN_POINT('',(2.137535828404E2,3.324592890162E1,1.661958682460E1));
#3567=CARTESIAN_POINT('',(2.146335892744E2,3.044592890162E1,1.540784023730E1));
#3568=DIRECTION('',(6.817579668711E-1,0.E0,-7.315777980556E-1));
#3569=DIRECTION('',(-7.315777980556E-1,0.E0,-6.817579668711E-1));
#3570=AXIS2_PLACEMENT_3D('',#3567,#3568,#3569);
#3572=CARTESIAN_POINT('',(2.166218687135E2,3.044592890162E1,1.263800172772E1));
#3573=DIRECTION('',(-4.750536004641E-1,0.E0,8.799568606961E-1));
#3574=DIRECTION('',(8.123533591840E-10,1.E0,4.385583959480E-10));
#3575=AXIS2_PLACEMENT_3D('',#3572,#3573,#3574);
#3577=DIRECTION('',(-4.750536004644E-1,0.E0,8.799568606959E-1));
#3578=VECTOR('',#3577,8.453988922996E0);
#3579=CARTESIAN_POINT('',(2.206379665908E2,3.184592890162E1,5.198856175288E0));
#3580=LINE('',#3579,#3578);
#3581=CARTESIAN_POINT('',(2.048304467814E2,3.184592890162E1,6.272283482110E0));
#3582=DIRECTION('',(0.E0,-1.E0,0.E0));
#3583=DIRECTION('',(8.799568606961E-1,0.E0,4.750536004641E-1));
#3584=AXIS2_PLACEMENT_3D('',#3581,#3582,#3583);
#3586=CARTESIAN_POINT('',(2.157274455183E2,3.184592890162E1,1.042653700036E1));
#3587=DIRECTION('',(0.E0,1.E0,0.E0));
#3588=DIRECTION('',(-2.144830292440E-1,0.E0,9.767277154695E-1));
#3589=AXIS2_PLACEMENT_3D('',#3586,#3587,#3588);
#3591=CARTESIAN_POINT('',(2.367385143532E2,3.184592890162E1,1.623816210994E1));
#3592=DIRECTION('',(0.E0,-1.E0,0.E0));
#3593=DIRECTION('',(-9.638104970147E-1,0.E0,-2.665883077787E-1));
#3594=AXIS2_PLACEMENT_3D('',#3591,#3592,#3593);
#3596=DIRECTION('',(1.E0,1.336081734735E-8,6.505280140566E-8));
#3597=VECTOR('',#3596,3.569636870659E0);
#3598=CARTESIAN_POINT('',(2.206379665908E2,3.184592890162E1,5.198856175288E0));
#3599=LINE('',#3598,#3597);
#3600=CARTESIAN_POINT('',(2.206379665908E2,3.184592890162E1,5.198856175288E0));
#3601=CARTESIAN_POINT('',(2.205351980110E2,3.184580515070E1,5.132247324576E0));
#3602=CARTESIAN_POINT('',(2.203259793026E2,3.181378649555E1,5.004892373534E0));
#3603=CARTESIAN_POINT('',(2.200366655684E2,3.167225450748E1,4.822100323299E0));
#3604=CARTESIAN_POINT('',(2.197868102372E2,3.144694594522E1,4.666908853438E0));
#3605=CARTESIAN_POINT('',(2.195959358359E2,3.115345692203E1,4.546942700526E0));
#3606=CARTESIAN_POINT('',(2.194758524180E2,3.081213824362E1,4.471967977104E0));
#3607=CARTESIAN_POINT('',(2.194486469714E2,3.056798819075E1,4.455002840401E0));
#3608=CARTESIAN_POINT('',(2.194485706371E2,3.044592884945E1,4.455057530802E0));
#3610=CARTESIAN_POINT('',(2.205484827043E2,3.044592889718E1,3.798868546863E0));
#3611=CARTESIAN_POINT('',(2.205484782937E2,3.056798733697E1,3.798879503289E0));
#3612=CARTESIAN_POINT('',(2.205505613573E2,3.081213637865E1,3.830960997058E0));
#3613=CARTESIAN_POINT('',(2.205593979685E2,3.115345448418E1,3.972211181032E0));
#3614=CARTESIAN_POINT('',(2.205740981452E2,3.144695005762E1,4.197177622368E0));
#3615=CARTESIAN_POINT('',(2.205920996068E2,3.167225372428E1,4.490757008997E0));
#3616=CARTESIAN_POINT('',(2.206154947592E2,3.181378669078E1,4.832177771237E0));
#3617=CARTESIAN_POINT('',(2.206281742635E2,3.184580515075E1,5.076781533481E0));
#3618=CARTESIAN_POINT('',(2.206379665908E2,3.184592890162E1,5.198856175288E0));
#3620=CARTESIAN_POINT('',(2.268304557528E2,3.115867781808E1,3.798853521185E0));
#3621=CARTESIAN_POINT('',(2.268470096384E2,3.122132248466E1,3.798852440896E0));
#3622=CARTESIAN_POINT('',(2.268806541185E2,3.134468325397E1,3.803308937116E0));
#3623=CARTESIAN_POINT('',(2.269309348701E2,3.151851008536E1,3.819646368821E0));
#3624=CARTESIAN_POINT('',(2.269847961468E2,3.169627240506E1,3.844872746607E0));
#3625=CARTESIAN_POINT('',(2.270467209968E2,3.189014409190E1,3.880682305491E0));
#3626=CARTESIAN_POINT('',(2.271166781137E2,3.209861826940E1,3.926232897696E0));
#3627=CARTESIAN_POINT('',(2.271639782588E2,3.223369373549E1,3.957685832017E0));
#3628=CARTESIAN_POINT('',(2.271877322188E2,3.230142623366E1,3.973163876268E0));
#3630=CARTESIAN_POINT('',(2.242076030940E2,3.044592928317E1,5.198856175288E0));
#3631=DIRECTION('',(-9.999999999999E-1,4.676910803749E-7,-1.812984292370E-14));
#3632=DIRECTION('',(4.676910874174E-7,9.999999999999E-1,0.E0));
#3633=AXIS2_PLACEMENT_3D('',#3630,#3631,#3632);
#3635=CARTESIAN_POINT('',(2.269192366357E2,3.254592916829E1,4.261250123959E0));
#3636=CARTESIAN_POINT('',(2.268396178804E2,3.249455032930E1,4.288166323967E0));
#3637=CARTESIAN_POINT('',(2.266762142788E2,3.240200236568E1,4.343479726154E0));
#3638=CARTESIAN_POINT('',(2.264279684936E2,3.228673317150E1,4.428331387993E0));
#3639=CARTESIAN_POINT('',(2.261703077392E2,3.218625117965E1,4.516972409689E0));
#3640=CARTESIAN_POINT('',(2.259062965644E2,3.209950980226E1,4.608300374542E0));
#3641=CARTESIAN_POINT('',(2.256365686381E2,3.202529220286E1,4.701990678309E0));
#3642=CARTESIAN_POINT('',(2.253658339691E2,3.196407981091E1,4.796271067223E0));
#3643=CARTESIAN_POINT('',(2.250964754317E2,3.191557406722E1,4.890167805945E0));
#3644=CARTESIAN_POINT('',(2.248221456688E2,3.187855053264E1,4.985747122273E0));
#3645=CARTESIAN_POINT('',(2.245307884418E2,3.185303918448E1,5.087061573648E0));
#3646=CARTESIAN_POINT('',(2.243180197869E2,3.184592902363E1,5.160741130171E0));
#3647=CARTESIAN_POINT('',(2.242076034615E2,3.184592894932E1,5.198856407502E0));
#3649=CARTESIAN_POINT('',(2.276879334284E2,3.184592972752E1,5.198856175288E0));
#3650=DIRECTION('',(-6.732961492314E-1,-7.393729068813E-1,0.E0));
#3651=DIRECTION('',(-5.490692273245E-1,4.999996523789E-1,-6.697188449090E-1));
#3652=AXIS2_PLACEMENT_3D('',#3649,#3650,#3651);
#3654=CARTESIAN_POINT('',(2.273645356873E2,3.206961961056E1,3.798856175288E0));
#3655=CARTESIAN_POINT('',(2.273884147444E2,3.211942265591E1,3.798856175288E0));
#3656=CARTESIAN_POINT('',(2.274339500572E2,3.221862668207E1,3.798856175154E0));
#3657=CARTESIAN_POINT('',(2.274748297273E2,3.231712810549E1,3.798856175555E0));
#3658=CARTESIAN_POINT('',(2.274941004818E2,3.236620433827E1,3.798856175555E0));
#3660=CARTESIAN_POINT('',(2.278304454431E2,3.131493328520E1,2.802564524485E0));
#3661=CARTESIAN_POINT('',(2.278304454698E2,3.131493316648E1,2.839471932100E0));
#3662=CARTESIAN_POINT('',(2.278263500710E2,3.133376626275E1,2.911642939450E0));
#3663=CARTESIAN_POINT('',(2.278105244030E2,3.139519942678E1,3.014028444071E0));
#3664=CARTESIAN_POINT('',(2.277856578668E2,3.147331971475E1,3.116156079092E0));
#3665=CARTESIAN_POINT('',(2.277504524444E2,3.156297945338E1,3.222352875947E0));
#3666=CARTESIAN_POINT('',(2.277033655902E2,3.166046543402E1,3.333631902764E0));
#3667=CARTESIAN_POINT('',(2.276435160930E2,3.176180162780E1,3.448334979698E0));
#3668=CARTESIAN_POINT('',(2.275695978389E2,3.186476575388E1,3.565335959959E0));
#3669=CARTESIAN_POINT('',(2.274780895985E2,3.196908234591E1,3.684561464394E0));
#3670=CARTESIAN_POINT('',(2.274049350533E2,3.203657373248E1,3.761573245401E0));
#3671=CARTESIAN_POINT('',(2.273645356873E2,3.206961961056E1,3.798856175288E0));
#3673=CARTESIAN_POINT('',(2.268304467813E2,3.115866317258E1,2.798853521449E0));
#3674=DIRECTION('',(0.E0,9.999999999064E-1,-1.368467032106E-5));
#3675=DIRECTION('',(0.E0,1.368467032137E-5,9.999999999064E-1));
#3676=AXIS2_PLACEMENT_3D('',#3673,#3674,#3675);
#3678=CARTESIAN_POINT('',(2.265033549070E2,3.352736332954E1,3.798856175288E0));
#3679=DIRECTION('',(0.E0,0.E0,-1.E0));
#3680=DIRECTION('',(8.222584656499E-1,-5.691142378004E-1,0.E0));
#3681=AXIS2_PLACEMENT_3D('',#3678,#3679,#3680);
#3683=CARTESIAN_POINT('',(2.265033549070E2,3.101680577853E1,3.798856175288E0));
#3684=DIRECTION('',(0.E0,0.E0,-1.E0));
#3685=DIRECTION('',(3.850708509887E-1,9.228870135173E-1,0.E0));
#3686=AXIS2_PLACEMENT_3D('',#3683,#3684,#3685);
#3688=CARTESIAN_POINT('',(2.274941004818E2,3.236620433827E1,3.798856175555E0));
#3689=CARTESIAN_POINT('',(2.275201149563E2,3.243245860387E1,3.798856175555E0));
#3690=CARTESIAN_POINT('',(2.275674044442E2,3.256322407541E1,3.798856175154E0));
#3691=CARTESIAN_POINT('',(2.276052614248E2,3.269049435268E1,3.798856175288E0));
#3692=CARTESIAN_POINT('',(2.276217622362E2,3.275327396315E1,3.798856175288E0));
#3694=CARTESIAN_POINT('',(2.268304467814E2,3.262678424500E1,3.097670150570E0));
#3695=DIRECTION('',(0.E0,9.373641773656E-1,3.483509709929E-1));
#3696=DIRECTION('',(3.572855414954E-1,-3.253581363548E-1,8.754936464339E-1));
#3697=AXIS2_PLACEMENT_3D('',#3694,#3695,#3696);
#3699=CARTESIAN_POINT('',(2.276217622362E2,3.275327396315E1,3.798856175288E0));
#3700=CARTESIAN_POINT('',(2.276459283302E2,3.278818922977E1,3.778226221120E0));
#3701=CARTESIAN_POINT('',(2.276883372789E2,3.285642025990E1,3.735988558530E0));
#3702=CARTESIAN_POINT('',(2.277370651968E2,3.295173058778E1,3.670452437128E0));
#3703=CARTESIAN_POINT('',(2.277732288911E2,3.303758088121E1,3.603140388229E0));
#3704=CARTESIAN_POINT('',(2.277988950167E2,3.311106604764E1,3.534784453024E0));
#3705=CARTESIAN_POINT('',(2.278168915037E2,3.317281670761E1,3.461535950891E0));
#3706=CARTESIAN_POINT('',(2.278277365321E2,3.321689347203E1,3.382636525230E0));
#3707=CARTESIAN_POINT('',(2.278304467814E2,3.322924178007E1,3.324701430132E0));
#3708=CARTESIAN_POINT('',(2.278304467814E2,3.322924178007E1,3.294485597971E0));
#3710=CARTESIAN_POINT('',(2.271877322188E2,3.230142623366E1,3.973163876268E0));
#3711=CARTESIAN_POINT('',(2.271967898592E2,3.232715834846E1,3.979030287939E0));
#3712=CARTESIAN_POINT('',(2.272144917293E2,3.237722830481E1,3.990331011437E0));
#3713=CARTESIAN_POINT('',(2.272396327641E2,3.244826332274E1,4.005826302600E0));
#3714=CARTESIAN_POINT('',(2.272634757713E2,3.251589158107E1,4.019863095533E0));
#3715=CARTESIAN_POINT('',(2.272867036875E2,3.258236903231E1,4.032771296857E0));
#3716=CARTESIAN_POINT('',(2.273100791099E2,3.265037710806E1,4.044847839054E0));
#3717=CARTESIAN_POINT('',(2.273335919942E2,3.272079185402E1,4.055939471766E0));
#3718=CARTESIAN_POINT('',(2.273566279146E2,3.279287213956E1,4.065592456536E0));
#3719=CARTESIAN_POINT('',(2.273785808772E2,3.286651306811E1,4.073558583872E0));
#3720=CARTESIAN_POINT('',(2.273984042912E2,3.294073732131E1,4.079681556481E0));
#3721=CARTESIAN_POINT('',(2.274155945340E2,3.301564701637E1,4.083894757321E0));
#3722=CARTESIAN_POINT('',(2.274293850994E2,3.309584566884E1,4.087064726264E0));
#3723=CARTESIAN_POINT('',(2.274367870909E2,3.316008746676E1,4.087614619042E0));
#3724=CARTESIAN_POINT('',(2.274384567761E2,3.319446481984E1,4.087781271404E0));
#3726=CARTESIAN_POINT('',(2.274384567761E2,3.319446481984E1,4.087781271404E0));
#3727=CARTESIAN_POINT('',(2.274334240954E2,3.314738883080E1,4.089445775855E0));
#3728=CARTESIAN_POINT('',(2.274103435507E2,3.305613619677E1,4.097271442193E0));
#3729=CARTESIAN_POINT('',(2.273392497624E2,3.292424366074E1,4.120689673608E0));
#3730=CARTESIAN_POINT('',(2.272470358075E2,3.281007652168E1,4.151324145566E0));
#3731=CARTESIAN_POINT('',(2.271456849296E2,3.271259749432E1,4.185141614881E0));
#3732=CARTESIAN_POINT('',(2.270401999093E2,3.262782508149E1,4.220511215449E0));
#3733=CARTESIAN_POINT('',(2.269606542930E2,3.257268643388E1,4.247272174609E0));
#3734=CARTESIAN_POINT('',(2.269192366357E2,3.254592916829E1,4.261250123959E0));
#3736=CARTESIAN_POINT('',(2.274384567761E2,3.319446481984E1,4.087781271404E0));
#3737=CARTESIAN_POINT('',(2.274376346724E2,3.320000335488E1,4.088642700250E0));
#3738=CARTESIAN_POINT('',(2.274390683474E2,3.321164534543E1,4.088238605193E0));
#3739=CARTESIAN_POINT('',(2.274393698500E2,3.322841450267E1,4.088406531141E0));
#3740=CARTESIAN_POINT('',(2.274379903402E2,3.324101024422E1,4.089305279809E0));
#3741=CARTESIAN_POINT('',(2.274397550825E2,3.324644514088E1,4.087942064565E0));
#3743=CARTESIAN_POINT('',(2.206428790540E2,3.324592890162E1,1.178613737030E1));
#3744=DIRECTION('',(2.665883077787E-1,0.E0,-9.638104970147E-1));
#3745=DIRECTION('',(9.638104970147E-1,0.E0,2.665883077787E-1));
#3746=AXIS2_PLACEMENT_3D('',#3743,#3744,#3745);
#3748=DIRECTION('',(0.E0,1.E0,0.E0));
#3749=VECTOR('',#3748,1.196671944904E0);
#3750=CARTESIAN_POINT('',(2.276943525790E2,4.363422323165E1,3.798856175288E0));
#3751=LINE('',#3750,#3749);
#3752=CARTESIAN_POINT('',(2.278304467814E2,4.327540197807E1,3.295202750032E0));
#3753=CARTESIAN_POINT('',(2.278304467814E2,4.327540197807E1,3.324942582404E0));
#3754=CARTESIAN_POINT('',(2.278277920068E2,4.328755285750E1,3.383518958206E0));
#3755=CARTESIAN_POINT('',(2.278165887999E2,4.333297434961E1,3.468041491947E0));
#3756=CARTESIAN_POINT('',(2.277987925940E2,4.339379783080E1,3.549377416104E0));
#3757=CARTESIAN_POINT('',(2.277740141464E2,4.346480962201E1,3.630170470309E0));
#3758=CARTESIAN_POINT('',(2.277402118247E2,4.354570879832E1,3.713766643772E0));
#3759=CARTESIAN_POINT('',(2.277109790545E2,4.360408043463E1,3.770337142511E0));
#3760=CARTESIAN_POINT('',(2.276943525790E2,4.363422323165E1,3.798856175288E0));
#3762=CARTESIAN_POINT('',(2.276943525790E2,3.885065785152E1,3.798856175288E0));
#3763=CARTESIAN_POINT('',(2.277110392357E2,3.888090975347E1,3.770233914962E0));
#3764=CARTESIAN_POINT('',(2.277403329523E2,3.893943107143E1,3.713511443332E0));
#3765=CARTESIAN_POINT('',(2.277741004251E2,3.902030467676E1,3.629915954836E0));
#3766=CARTESIAN_POINT('',(2.277988134696E2,3.909115572972E1,3.549282090633E0));
#3767=CARTESIAN_POINT('',(2.278165909242E2,3.915191567641E1,3.468022793260E0));
#3768=CARTESIAN_POINT('',(2.278277907782E2,3.919732305732E1,3.383528172724E0));
#3769=CARTESIAN_POINT('',(2.278304467814E2,3.920947910510E1,3.324950013391E0));
#3770=CARTESIAN_POINT('',(2.278304467814E2,3.920947910510E1,3.295202750032E0));
#3772=DIRECTION('',(0.E0,1.E0,0.E0));
#3773=VECTOR('',#3772,1.196671944904E0);
#3774=CARTESIAN_POINT('',(2.276943525790E2,3.765398590662E1,3.798856175288E0));
#3775=LINE('',#3774,#3773);
#3776=CARTESIAN_POINT('',(2.278304467814E2,3.729516465304E1,3.295202750032E0));
#3777=CARTESIAN_POINT('',(2.278304467814E2,3.729516465304E1,3.324942582404E0));
#3778=CARTESIAN_POINT('',(2.278277920068E2,3.730731553247E1,3.383518958206E0));
#3779=CARTESIAN_POINT('',(2.278165887999E2,3.735273702458E1,3.468041491947E0));
#3780=CARTESIAN_POINT('',(2.277987925940E2,3.741356050576E1,3.549377416104E0));
#3781=CARTESIAN_POINT('',(2.277740141464E2,3.748457229697E1,3.630170470309E0));
#3782=CARTESIAN_POINT('',(2.277402118247E2,3.756547147329E1,3.713766643772E0));
#3783=CARTESIAN_POINT('',(2.277109790545E2,3.762384310960E1,3.770337142511E0));
#3784=CARTESIAN_POINT('',(2.276943525790E2,3.765398590662E1,3.798856175288E0));
#3786=CARTESIAN_POINT('',(2.268304467814E2,3.324592890162E1,3.295202750032E0));
#3787=DIRECTION('',(0.E0,1.E0,0.E0));
#3788=DIRECTION('',(6.078569059643E-1,0.E0,7.940465867136E-1));
#3789=AXIS2_PLACEMENT_3D('',#3786,#3787,#3788);
#3791=CARTESIAN_POINT('',(2.276943525790E2,4.483089517655E1,3.798856175288E0));
#3792=CARTESIAN_POINT('',(2.277110392357E2,4.486114707850E1,3.770233914962E0));
#3793=CARTESIAN_POINT('',(2.277403329523E2,4.491966839646E1,3.713511443332E0));
#3794=CARTESIAN_POINT('',(2.277741004251E2,4.500054200179E1,3.629915954836E0));
#3795=CARTESIAN_POINT('',(2.277988134696E2,4.507139305476E1,3.549282090633E0));
#3796=CARTESIAN_POINT('',(2.278165909242E2,4.513215300145E1,3.468022793260E0));
#3797=CARTESIAN_POINT('',(2.278277907782E2,4.517756038235E1,3.383528172724E0));
#3798=CARTESIAN_POINT('',(2.278304467814E2,4.518971643013E1,3.324950013391E0));
#3799=CARTESIAN_POINT('',(2.278304467814E2,4.518971643013E1,3.295202750032E0));
#3801=CARTESIAN_POINT('',(2.265033549070E2,4.548783797961E1,3.798856175288E0));
#3802=DIRECTION('',(0.E0,0.E0,-1.E0));
#3803=DIRECTION('',(8.756272359810E-1,-4.829875191020E-1,0.E0));
#3804=AXIS2_PLACEMENT_3D('',#3801,#3802,#3803);
#3806=CARTESIAN_POINT('',(2.265033549070E2,4.297728042859E1,3.798856175288E0));
#3807=DIRECTION('',(0.E0,0.E0,-1.E0));
#3808=DIRECTION('',(3.850708509887E-1,9.228870135173E-1,0.E0));
#3809=AXIS2_PLACEMENT_3D('',#3806,#3807,#3808);
#3811=DIRECTION('',(0.E0,0.E0,-1.E0));
#3812=VECTOR('',#3811,3.798856175240E0);
#3813=CARTESIAN_POINT('',(2.270271148682E2,4.423255920410E1,3.798856175288E0));
#3814=LINE('',#3813,#3812);
#3815=DIRECTION('',(0.E0,0.E0,-1.E0));
#3816=VECTOR('',#3815,3.798856175240E0);
#3817=CARTESIAN_POINT('',(2.270271148682E2,3.825232187907E1,3.798856175288E0));
#3818=LINE('',#3817,#3816);
#3819=CARTESIAN_POINT('',(2.265033549070E2,3.950760065458E1,3.798856175288E0));
#3820=DIRECTION('',(0.E0,0.E0,-1.E0));
#3821=DIRECTION('',(8.756272359810E-1,-4.829875191020E-1,0.E0));
#3822=AXIS2_PLACEMENT_3D('',#3819,#3820,#3821);
#3824=CARTESIAN_POINT('',(2.265033549070E2,3.699704310356E1,3.798856175288E0));
#3825=DIRECTION('',(0.E0,0.E0,-1.E0));
#3826=DIRECTION('',(3.850708509887E-1,9.228870135173E-1,0.E0));
#3827=AXIS2_PLACEMENT_3D('',#3824,#3825,#3826);
#3829=DIRECTION('',(0.E0,0.E0,-1.E0));
#3830=VECTOR('',#3829,3.798856175240E0);
#3831=CARTESIAN_POINT('',(2.270271148682E2,3.227208455404E1,3.798856175288E0));
#3832=LINE('',#3831,#3830);
#3833=CARTESIAN_POINT('',(1.883304467814E2,-5.770407094919E1,2.809445463283E0));
#3834=CARTESIAN_POINT('',(1.883304463330E2,-5.780740396396E1,2.809445167438E0));
#3835=CARTESIAN_POINT('',(1.883563529903E2,-5.801302975502E1,2.809942467326E0));
#3836=CARTESIAN_POINT('',(1.884667709562E2,-5.829894605312E1,2.812204034617E0));
#3837=CARTESIAN_POINT('',(1.886439770913E2,-5.854948378757E1,2.816319968787E0));
#3838=CARTESIAN_POINT('',(1.888538838815E2,-5.873207248179E1,2.821977547878E0));
#3839=CARTESIAN_POINT('',(1.890663783283E2,-5.885143650314E1,2.828570717490E0));
#3840=CARTESIAN_POINT('',(1.892947294274E2,-5.893014343540E1,2.836435612062E0));
#3841=CARTESIAN_POINT('',(1.894820873027E2,-5.895407143849E1,2.844014770785E0));
#3842=CARTESIAN_POINT('',(1.895804452752E2,-5.895407109839E1,2.848073861578E0));
#3844=DIRECTION('',(1.773539380485E-6,1.666711789547E-11,-9.999999999984E-1));
#3845=VECTOR('',#3844,8.492176862914E-1);
#3846=CARTESIAN_POINT('',(1.895804452752E2,-5.895407109839E1,2.848073861578E0));
#3847=LINE('',#3846,#3845);
#3848=CARTESIAN_POINT('',(1.895804467814E2,-5.770407109838E1,1.998856175288E0));
#3849=DIRECTION('',(0.E0,0.E0,-1.E0));
#3850=DIRECTION('',(0.E0,-1.E0,0.E0));
#3851=AXIS2_PLACEMENT_3D('',#3848,#3849,#3850);
#3853=CARTESIAN_POINT('',(1.893304467814E2,-5.770407109838E1,2.809445463442E0));
#3854=DIRECTION('',(0.E0,-1.E0,0.E0));
#3855=DIRECTION('',(-9.690485461684E-2,0.E0,9.952936497093E-1));
#3856=AXIS2_PLACEMENT_3D('',#3853,#3854,#3855);
#3858=DIRECTION('',(0.E0,0.E0,-1.E0));
#3859=VECTOR('',#3858,1.998856175240E0);
#3860=CARTESIAN_POINT('',(2.249651288822E2,-5.781616258249E1,1.998856175288E0));
#3861=LINE('',#3860,#3859);
#3862=DIRECTION('',(0.E0,0.E0,-1.E0));
#3863=VECTOR('',#3862,1.998856175240E0);
#3864=CARTESIAN_POINT('',(2.249651288822E2,-5.443789519194E1,1.998856175288E0));
#3865=LINE('',#3864,#3863);
#3866=DIRECTION('',(0.E0,0.E0,-1.E0));
#3867=VECTOR('',#3866,1.998856175240E0);
#3868=CARTESIAN_POINT('',(2.249651288822E2,5.570802038574E1,1.998856175288E0));
#3869=LINE('',#3868,#3867);
#3870=DIRECTION('',(0.E0,0.E0,-1.E0));
#3871=VECTOR('',#3870,1.998856175240E0);
#3872=CARTESIAN_POINT('',(2.249651288822E2,5.232975299519E1,1.998856175288E0));
#3873=LINE('',#3872,#3871);
#3874=DIRECTION('',(0.E0,0.E0,-1.E0));
#3875=VECTOR('',#3874,1.998856175240E0);
#3876=CARTESIAN_POINT('',(1.846957646805E2,5.570802038574E1,1.998856175288E0));
#3877=LINE('',#3876,#3875);
#3878=DIRECTION('',(0.E0,0.E0,-1.E0));
#3879=VECTOR('',#3878,1.998856175240E0);
#3880=CARTESIAN_POINT('',(1.846957646805E2,5.232975299519E1,1.998856175288E0));
#3881=LINE('',#3880,#3879);
#3882=DIRECTION('',(1.504062215414E-14,0.E0,-1.E0));
#3883=VECTOR('',#3882,3.779326299023E0);
#3884=CARTESIAN_POINT('',(1.826337786945E2,-3.949076334635E1,3.779326299070E0));
#3885=LINE('',#3884,#3883);
#3886=DIRECTION('',(1.504062215414E-14,0.E0,-1.E0));
#3887=VECTOR('',#3886,3.779326299023E0);
#3888=CARTESIAN_POINT('',(1.826337786945E2,-3.351052602132E1,3.779326299070E0));
#3889=LINE('',#3888,#3887);
#3890=DIRECTION('',(1.504062215414E-14,0.E0,-1.E0));
#3891=VECTOR('',#3890,3.779326299023E0);
#3892=CARTESIAN_POINT('',(1.826337786945E2,-2.753028869629E1,3.779326299070E0));
#3893=LINE('',#3892,#3891);
#3894=DIRECTION('',(1.504062215414E-14,0.E0,-1.E0));
#3895=VECTOR('',#3894,3.779326299023E0);
#3896=CARTESIAN_POINT('',(1.826337786945E2,-2.155005137126E1,3.779326299070E0));
#3897=LINE('',#3896,#3895);
#3898=DIRECTION('',(1.504062215414E-14,0.E0,-1.E0));
#3899=VECTOR('',#3898,3.779326299023E0);
#3900=CARTESIAN_POINT('',(1.826337786945E2,-1.556981404622E1,3.779326299070E0));
#3901=LINE('',#3900,#3899);
#3902=DIRECTION('',(1.504062215414E-14,0.E0,-1.E0));
#3903=VECTOR('',#3902,3.779326299023E0);
#3904=CARTESIAN_POINT('',(1.826337786945E2,-9.589576721191E0,3.779326299070E0));
#3905=LINE('',#3904,#3903);
#3906=DIRECTION('',(1.504062215414E-14,0.E0,-1.E0));
#3907=VECTOR('',#3906,3.779326299023E0);
#3908=CARTESIAN_POINT('',(1.826337786945E2,-3.609339396159E0,3.779326299070E0));
#3909=LINE('',#3908,#3907);
#3910=DIRECTION('',(1.504062215414E-14,0.E0,-1.E0));
#3911=VECTOR('',#3910,3.779326299023E0);
#3912=CARTESIAN_POINT('',(1.826337786945E2,2.370897928874E0,3.779326299070E0));
#3913=LINE('',#3912,#3911);
#3914=DIRECTION('',(1.504062215414E-14,0.E0,-1.E0));
#3915=VECTOR('',#3914,3.779326299023E0);
#3916=CARTESIAN_POINT('',(1.826337786945E2,8.351135253906E0,3.779326299070E0));
#3917=LINE('',#3916,#3915);
#3918=DIRECTION('',(1.504062215414E-14,0.E0,-1.E0));
#3919=VECTOR('',#3918,3.779326299023E0);
#3920=CARTESIAN_POINT('',(1.826337786945E2,1.433137257894E1,3.779326299070E0));
#3921=LINE('',#3920,#3919);
#3922=DIRECTION('',(1.504062215414E-14,0.E0,-1.E0));
#3923=VECTOR('',#3922,3.779326299023E0);
#3924=CARTESIAN_POINT('',(1.826337786945E2,2.031160990397E1,3.779326299070E0));
#3925=LINE('',#3924,#3923);
#3926=DIRECTION('',(1.504062215414E-14,0.E0,-1.E0));
#3927=VECTOR('',#3926,3.779326299023E0);
#3928=CARTESIAN_POINT('',(1.826337786945E2,2.629184722900E1,3.779326299070E0));
#3929=LINE('',#3928,#3927);
#3930=DIRECTION('',(1.504062215414E-14,0.E0,-1.E0));
#3931=VECTOR('',#3930,3.779326299023E0);
#3932=CARTESIAN_POINT('',(1.826337786945E2,3.227208455404E1,3.779326299070E0));
#3933=LINE('',#3932,#3931);
#3934=DIRECTION('',(1.504062215414E-14,0.E0,-1.E0));
#3935=VECTOR('',#3934,3.779326299023E0);
#3936=CARTESIAN_POINT('',(1.826337786945E2,3.825232187907E1,3.779326299070E0));
#3937=LINE('',#3936,#3935);
#3938=CARTESIAN_POINT('',(1.883304467814E2,-5.595407109838E1,1.998856175288E0));
#3939=CARTESIAN_POINT('',(1.848304467814E2,-5.245407109838E1,1.998856175288E0));
#3940=VERTEX_POINT('',#3938);
#3941=VERTEX_POINT('',#3939);
#3942=CARTESIAN_POINT('',(1.883304467814E2,5.384592890162E1,1.998856175288E0));
#3943=CARTESIAN_POINT('',(1.848304467814E2,5.034592890162E1,1.998856175288E0));
#3944=VERTEX_POINT('',#3942);
#3945=VERTEX_POINT('',#3943);
#3946=CARTESIAN_POINT('',(2.213304467814E2,-5.595407109838E1,1.998856175288E0));
#3947=CARTESIAN_POINT('',(2.248304467814E2,-5.245407109838E1,1.998856175288E0));
#3948=VERTEX_POINT('',#3946);
#3949=VERTEX_POINT('',#3947);
#3950=CARTESIAN_POINT('',(2.213304467814E2,5.384592890162E1,1.998856175288E0));
#3951=CARTESIAN_POINT('',(2.248304467814E2,5.034592890162E1,1.998856175288E0));
#3952=VERTEX_POINT('',#3950);
#3953=VERTEX_POINT('',#3951);
#3954=CARTESIAN_POINT('',(2.278304467814E2,-5.770407109838E1,
4.751399274028E-11));
#3955=CARTESIAN_POINT('',(2.265804467814E2,-5.895407109838E1,
4.751399274028E-11));
#3956=VERTEX_POINT('',#3954);
#3957=VERTEX_POINT('',#3955);
#3958=CARTESIAN_POINT('',(2.265804467814E2,-5.895407109838E1,1.998856175288E0));
#3959=VERTEX_POINT('',#3958);
#3960=CARTESIAN_POINT('',(2.278304467814E2,-5.770407109838E1,1.998856175288E0));
#3961=VERTEX_POINT('',#3960);
#3962=CARTESIAN_POINT('',(2.265804467814E2,5.684592890162E1,
4.751399274028E-11));
#3963=CARTESIAN_POINT('',(2.278304467814E2,5.559592890162E1,
4.751399274028E-11));
#3964=VERTEX_POINT('',#3962);
#3965=VERTEX_POINT('',#3963);
#3966=CARTESIAN_POINT('',(2.278304467814E2,5.559592890162E1,1.998856175288E0));
#3967=VERTEX_POINT('',#3966);
#3968=CARTESIAN_POINT('',(2.265804467814E2,5.684592890162E1,1.998856175288E0));
#3969=VERTEX_POINT('',#3968);
#3970=CARTESIAN_POINT('',(1.818304467814E2,5.559592890162E1,
4.751399274028E-11));
#3971=CARTESIAN_POINT('',(1.830804467814E2,5.684592890162E1,
4.751399274028E-11));
#3972=VERTEX_POINT('',#3970);
#3973=VERTEX_POINT('',#3971);
#3974=CARTESIAN_POINT('',(1.830804467814E2,5.684592890162E1,1.998856175288E0));
#3975=VERTEX_POINT('',#3974);
#3976=CARTESIAN_POINT('',(1.818304467814E2,5.559592890162E1,1.998856175288E0));
#3977=VERTEX_POINT('',#3976);
#3978=CARTESIAN_POINT('',(1.830804467814E2,-5.895407109838E1,
4.751399274028E-11));
#3979=CARTESIAN_POINT('',(1.818304467814E2,-5.770407109838E1,
4.751399274028E-11));
#3980=VERTEX_POINT('',#3978);
#3981=VERTEX_POINT('',#3979);
#3982=CARTESIAN_POINT('',(1.818304467814E2,-5.770407109838E1,1.998856175288E0));
#3983=VERTEX_POINT('',#3982);
#3984=CARTESIAN_POINT('',(1.830804467814E2,-5.895407109838E1,1.998856175288E0));
#3985=VERTEX_POINT('',#3984);
#3986=CARTESIAN_POINT('',(1.883304467814E2,-5.770407109838E1,1.998856175288E0));
#3987=VERTEX_POINT('',#3986);
#3988=CARTESIAN_POINT('',(1.830804467814E2,-5.245407109838E1,1.998856175288E0));
#3989=VERTEX_POINT('',#3988);
#3990=CARTESIAN_POINT('',(1.883304467814E2,5.559592890162E1,1.998856175288E0));
#3991=VERTEX_POINT('',#3990);
#3992=CARTESIAN_POINT('',(1.830804467814E2,5.034592890162E1,1.998856175288E0));
#3993=VERTEX_POINT('',#3992);
#3994=CARTESIAN_POINT('',(2.213304467814E2,-5.770407109838E1,1.998856175288E0));
#3995=VERTEX_POINT('',#3994);
#3996=CARTESIAN_POINT('',(2.265804467814E2,-5.245407109838E1,1.998856175288E0));
#3997=VERTEX_POINT('',#3996);
#3998=CARTESIAN_POINT('',(2.213304467814E2,5.559592890162E1,1.998856175288E0));
#3999=VERTEX_POINT('',#3998);
#4000=CARTESIAN_POINT('',(2.265804467814E2,5.034592890162E1,1.998856175288E0));
#4001=VERTEX_POINT('',#4000);
#4002=CARTESIAN_POINT('',(1.895804467814E2,-5.895407109838E1,1.998856175288E0));
#4003=VERTEX_POINT('',#4002);
#4004=CARTESIAN_POINT('',(1.818304467814E2,-5.120407109838E1,1.998856175288E0));
#4005=VERTEX_POINT('',#4004);
#4006=CARTESIAN_POINT('',(1.818304467814E2,4.909592890162E1,1.998856175288E0));
#4007=VERTEX_POINT('',#4006);
#4008=CARTESIAN_POINT('',(1.895804467814E2,5.684592890162E1,1.998856175288E0));
#4009=VERTEX_POINT('',#4008);
#4010=CARTESIAN_POINT('',(2.200804467814E2,5.684592890162E1,1.998856175288E0));
#4011=VERTEX_POINT('',#4010);
#4012=CARTESIAN_POINT('',(2.278304467814E2,4.909592890162E1,1.998856175288E0));
#4013=VERTEX_POINT('',#4012);
#4014=CARTESIAN_POINT('',(2.278304467814E2,-5.120407109838E1,1.998856175288E0));
#4015=VERTEX_POINT('',#4014);
#4016=CARTESIAN_POINT('',(2.200804467814E2,-5.895407109838E1,1.998856175288E0));
#4017=VERTEX_POINT('',#4016);
#4018=CARTESIAN_POINT('',(1.846957646805E2,-5.781616258249E1,
4.751177229423E-11));
#4019=CARTESIAN_POINT('',(1.846957646805E2,-5.443789519194E1,
4.751177229423E-11));
#4020=VERTEX_POINT('',#4018);
#4021=VERTEX_POINT('',#4019);
#4022=CARTESIAN_POINT('',(1.846957646805E2,-5.781616258249E1,1.998856175288E0));
#4023=CARTESIAN_POINT('',(1.846957646805E2,-5.443789519194E1,1.998856175288E0));
#4024=VERTEX_POINT('',#4022);
#4025=VERTEX_POINT('',#4023);
#4026=CARTESIAN_POINT('',(1.846957646805E2,5.570802038574E1,1.998856175288E0));
#4027=CARTESIAN_POINT('',(1.846957646805E2,5.570802038574E1,
4.751199433883E-11));
#4028=VERTEX_POINT('',#4026);
#4029=VERTEX_POINT('',#4027);
#4030=CARTESIAN_POINT('',(1.846957646805E2,5.232975299519E1,1.998856175288E0));
#4031=CARTESIAN_POINT('',(1.846957646805E2,5.232975299519E1,
4.751199433883E-11));
#4032=VERTEX_POINT('',#4030);
#4033=VERTEX_POINT('',#4031);
#4034=CARTESIAN_POINT('',(2.249651288822E2,-5.781616258249E1,1.998856175288E0));
#4035=CARTESIAN_POINT('',(2.249651288822E2,-5.781616258249E1,
4.751199433883E-11));
#4036=VERTEX_POINT('',#4034);
#4037=VERTEX_POINT('',#4035);
#4038=CARTESIAN_POINT('',(2.249651288822E2,-5.443789519194E1,1.998856175288E0));
#4039=CARTESIAN_POINT('',(2.249651288822E2,-5.443789519194E1,
4.751199433883E-11));
#4040=VERTEX_POINT('',#4038);
#4041=VERTEX_POINT('',#4039);
#4042=CARTESIAN_POINT('',(2.249651288822E2,5.570802038574E1,1.998856175288E0));
#4043=CARTESIAN_POINT('',(2.249651288822E2,5.570802038574E1,
4.751199433883E-11));
#4044=VERTEX_POINT('',#4042);
#4045=VERTEX_POINT('',#4043);
#4046=CARTESIAN_POINT('',(2.249651288822E2,5.232975299519E1,1.998856175288E0));
#4047=CARTESIAN_POINT('',(2.249651288822E2,5.232975299519E1,
4.751199433883E-11));
#4048=VERTEX_POINT('',#4046);
#4049=VERTEX_POINT('',#4047);
#4050=CARTESIAN_POINT('',(1.953503339740E2,4.515434798814E1,1.200000000005E1));
#4051=CARTESIAN_POINT('',(1.953503339740E2,5.231553053242E1,1.200000000005E1));
#4052=VERTEX_POINT('',#4050);
#4053=VERTEX_POINT('',#4051);
#4054=CARTESIAN_POINT('',(1.953503339740E2,4.515434798814E1,
4.751166127193E-11));
#4055=CARTESIAN_POINT('',(1.953503339740E2,5.231553053242E1,
4.751166127193E-11));
#4056=VERTEX_POINT('',#4054);
#4057=VERTEX_POINT('',#4055);
#4058=CARTESIAN_POINT('',(1.973384416863E2,4.515434798814E1,1.200000000005E1));
#4059=CARTESIAN_POINT('',(1.973384416863E2,4.515434798814E1,
4.751221638344E-11));
#4060=VERTEX_POINT('',#4058);
#4061=VERTEX_POINT('',#4059);
#4062=CARTESIAN_POINT('',(1.945687007780E2,-5.582300186157E1,1.012350302116E1));
#4063=CARTESIAN_POINT('',(1.945687007780E2,4.414592890162E1,1.012350302116E1));
#4064=VERTEX_POINT('',#4062);
#4065=VERTEX_POINT('',#4063);
#4066=CARTESIAN_POINT('',(1.894407653809E2,4.414592890162E1,
4.751184630910E-11));
#4067=CARTESIAN_POINT('',(1.973384416863E2,4.414592890162E1,
4.751166127193E-11));
#4068=VERTEX_POINT('',#4066);
#4069=VERTEX_POINT('',#4067);
#4070=CARTESIAN_POINT('',(1.894407653809E2,-5.582300186157E1,
4.751184630910E-11));
#4071=VERTEX_POINT('',#4070);
#4072=CARTESIAN_POINT('',(2.150921927847E2,-5.582300186157E1,1.012350302116E1));
#4073=CARTESIAN_POINT('',(2.202201281818E2,-5.582300186157E1,
4.751221638344E-11));
#4074=VERTEX_POINT('',#4072);
#4075=VERTEX_POINT('',#4073);
#4076=CARTESIAN_POINT('',(1.973384416863E2,4.414592890162E1,1.200000000005E1));
#4077=VERTEX_POINT('',#4076);
#4078=CARTESIAN_POINT('',(2.209774455183E2,5.534592890162E1,1.042653700036E1));
#4079=CARTESIAN_POINT('',(2.104774455183E2,5.534592890162E1,1.042653700036E1));
#4080=VERTEX_POINT('',#4078);
#4081=VERTEX_POINT('',#4079);
#4082=CARTESIAN_POINT('',(2.209774455183E2,5.684592890162E1,1.042653700036E1));
#4083=CARTESIAN_POINT('',(2.104774455183E2,5.684592890162E1,1.042653700036E1));
#4084=VERTEX_POINT('',#4082);
#4085=VERTEX_POINT('',#4083);
#4086=CARTESIAN_POINT('',(2.194485706371E2,3.044592884945E1,4.455057530802E0));
#4087=CARTESIAN_POINT('',(2.153899291095E2,3.044592890162E1,1.197292668739E1));
#4088=VERTEX_POINT('',#4086);
#4089=VERTEX_POINT('',#4087);
#4090=CARTESIAN_POINT('',(2.206379665908E2,3.184592890162E1,5.198856175288E0));
#4091=CARTESIAN_POINT('',(2.166218687147E2,3.184592890162E1,1.263800172833E1));
#4092=VERTEX_POINT('',#4090);
#4093=VERTEX_POINT('',#4091);
#4094=CARTESIAN_POINT('',(2.146335822383E2,3.184592890162E1,1.540784778755E1));
#4095=VERTEX_POINT('',#4094);
#4096=CARTESIAN_POINT('',(2.136093736437E2,3.044592890162E1,1.445338628950E1));
#4097=VERTEX_POINT('',#4096);
#4098=CARTESIAN_POINT('',(2.137535828456E2,3.324592890162E1,1.661958682653E1));
#4099=CARTESIAN_POINT('',(2.219922137489E2,3.324592890162E1,1.215936100092E1));
#4100=VERTEX_POINT('',#4098);
#4101=VERTEX_POINT('',#4099);
#4102=CARTESIAN_POINT('',(2.206428790530E2,3.184592890162E1,1.178613737003E1));
#4103=VERTEX_POINT('',#4102);
#4104=CARTESIAN_POINT('',(2.242076034615E2,3.184592894932E1,5.198856407502E0));
#4105=VERTEX_POINT('',#4104);
#4106=CARTESIAN_POINT('',(2.205484827043E2,3.044592889718E1,3.798868546863E0));
#4107=CARTESIAN_POINT('',(2.242076041622E2,3.044604730228E1,3.798855695452E0));
#4108=VERTEX_POINT('',#4106);
#4109=VERTEX_POINT('',#4107);
#4110=CARTESIAN_POINT('',(2.103818976621E2,3.324592854997E1,1.691095788817E1));
#4111=VERTEX_POINT('',#4110);
#4112=CARTESIAN_POINT('',(2.187274455183E2,5.534592890162E1,1.042653700036E1));
#4113=CARTESIAN_POINT('',(2.127274455183E2,5.534592890162E1,1.042653700036E1));
#4114=VERTEX_POINT('',#4112);
#4115=VERTEX_POINT('',#4113);
#4116=CARTESIAN_POINT('',(2.187274455183E2,5.364592890162E1,1.042653700036E1));
#4117=CARTESIAN_POINT('',(2.127274455183E2,5.364592890162E1,1.042653700036E1));
#4118=VERTEX_POINT('',#4116);
#4119=VERTEX_POINT('',#4117);
#4120=CARTESIAN_POINT('',(2.099374356574E2,4.414592890162E1,1.200000000005E1));
#4121=VERTEX_POINT('',#4120);
#4122=CARTESIAN_POINT('',(2.268304467814E2,-5.120407109838E1,3.798856175288E0));
#4123=CARTESIAN_POINT('',(2.268304557528E2,3.115867781808E1,3.798853521185E0));
#4124=VERTEX_POINT('',#4122);
#4125=VERTEX_POINT('',#4123);
#4126=CARTESIAN_POINT('',(2.265804467814E2,-5.145407109838E1,3.798856175288E0));
#4127=VERTEX_POINT('',#4126);
#4128=CARTESIAN_POINT('',(2.265804467814E2,-5.245407109838E1,2.798856175288E0));
#4129=CARTESIAN_POINT('',(2.278304467814E2,-5.120407109838E1,2.798856175288E0));
#4130=VERTEX_POINT('',#4128);
#4131=VERTEX_POINT('',#4129);
#4132=CARTESIAN_POINT('',(2.248304467816E2,-5.145407109854E1,3.798856175288E0));
#4133=VERTEX_POINT('',#4132);
#4134=CARTESIAN_POINT('',(2.248304467822E2,-5.245407109838E1,2.798856175288E0));
#4135=VERTEX_POINT('',#4134);
#4136=CARTESIAN_POINT('',(2.205484827042E2,-5.457031402348E1,3.798856175288E0));
#4137=VERTEX_POINT('',#4136);
#4138=CARTESIAN_POINT('',(2.215000302769E2,-5.487781559568E1,2.798856175288E0));
#4139=VERTEX_POINT('',#4138);
#4140=VERTEX_POINT('',#3236);
#4141=VERTEX_POINT('',#3287);
#4142=CARTESIAN_POINT('',(2.204273516360E2,-5.770407113841E1,3.804739113151E0));
#4143=VERTEX_POINT('',#4142);
#4144=CARTESIAN_POINT('',(2.213304467814E2,-5.770407094917E1,2.809445463278E0));
#4145=VERTEX_POINT('',#4144);
#4146=VERTEX_POINT('',#3248);
#4147=VERTEX_POINT('',#3313);
#4148=CARTESIAN_POINT('',(2.194485366284E2,-5.795407109838E1,4.455039174707E0));
#4149=VERTEX_POINT('',#4148);
#4150=CARTESIAN_POINT('',(2.185685797677E2,-5.895407109838E1,3.979985574243E0));
#4151=VERTEX_POINT('',#4150);
#4152=CARTESIAN_POINT('',(2.153899291097E2,-5.795407109838E1,1.197292668767E1));
#4153=VERTEX_POINT('',#4152);
#4154=CARTESIAN_POINT('',(2.145099722490E2,-5.895407109838E1,1.149787308722E1));
#4155=VERTEX_POINT('',#4154);
#4156=CARTESIAN_POINT('',(1.942709644530E2,-5.795407109838E1,1.197292668768E1));
#4157=VERTEX_POINT('',#4156);
#4158=CARTESIAN_POINT('',(1.951509213137E2,-5.895407109838E1,1.149787308722E1));
#4159=VERTEX_POINT('',#4158);
#4160=CARTESIAN_POINT('',(1.902123569342E2,-5.795407109838E1,4.455039174462E0));
#4161=VERTEX_POINT('',#4160);
#4162=CARTESIAN_POINT('',(1.910923137946E2,-5.895407109838E1,3.979985574029E0));
#4163=VERTEX_POINT('',#4162);
#4164=CARTESIAN_POINT('',(1.893724308156E2,-5.795407109838E1,3.826199387027E0));
#4165=VERTEX_POINT('',#4164);
#4166=CARTESIAN_POINT('',(1.895804467814E2,-5.895407109838E1,2.848073956419E0));
#4167=VERTEX_POINT('',#4166);
#4168=VERTEX_POINT('',#641);
#4169=VERTEX_POINT('',#3833);
#4170=CARTESIAN_POINT('',(1.892335419197E2,-5.595407137108E1,3.804739112461E0));
#4171=VERTEX_POINT('',#4170);
#4172=CARTESIAN_POINT('',(1.883304467814E2,-5.595407094198E1,2.809445463442E0));
#4173=VERTEX_POINT('',#4172);
#4174=VERTEX_POINT('',#656);
#4175=VERTEX_POINT('',#788);
#4176=CARTESIAN_POINT('',(1.848304467814E2,-5.145407109838E1,3.798856175288E0));
#4177=VERTEX_POINT('',#4176);
#4178=CARTESIAN_POINT('',(1.848304467814E2,-5.245407109838E1,2.798856175288E0));
#4179=VERTEX_POINT('',#4178);
#4180=CARTESIAN_POINT('',(1.830804467814E2,-5.145407109838E1,3.798856175288E0));
#4181=VERTEX_POINT('',#4180);
#4182=CARTESIAN_POINT('',(1.830804468292E2,-5.245407109838E1,2.798856175288E0));
#4183=VERTEX_POINT('',#4182);
#4184=CARTESIAN_POINT('',(1.828304467814E2,-5.120407109838E1,3.798856175288E0));
#4185=VERTEX_POINT('',#4184);
#4186=CARTESIAN_POINT('',(1.818304467814E2,-5.120407109838E1,2.798856175288E0));
#4187=VERTEX_POINT('',#4186);
#4188=CARTESIAN_POINT('',(1.828304467814E2,4.909592890162E1,3.798856175288E0));
#4189=VERTEX_POINT('',#4188);
#4190=CARTESIAN_POINT('',(1.830804467814E2,4.934592890162E1,3.798856175288E0));
#4191=VERTEX_POINT('',#4190);
#4192=CARTESIAN_POINT('',(1.830804467814E2,5.034592890162E1,2.798856175288E0));
#4193=CARTESIAN_POINT('',(1.818304467814E2,4.909592890162E1,2.798856175288E0));
#4194=VERTEX_POINT('',#4192);
#4195=VERTEX_POINT('',#4193);
#4196=CARTESIAN_POINT('',(1.848304467811E2,4.934592890179E1,3.798856175288E0));
#4197=VERTEX_POINT('',#4196);
#4198=CARTESIAN_POINT('',(1.848304467805E2,5.034592890162E1,2.798856175288E0));
#4199=VERTEX_POINT('',#4198);
#4200=CARTESIAN_POINT('',(1.891124108585E2,5.246217182673E1,3.798856175288E0));
#4201=VERTEX_POINT('',#4200);
#4202=CARTESIAN_POINT('',(1.881608632858E2,5.276967339893E1,2.798856175288E0));
#4203=VERTEX_POINT('',#4202);
#4204=VERTEX_POINT('',#663);
#4205=VERTEX_POINT('',#1618);
#4206=CARTESIAN_POINT('',(1.892335419267E2,5.559592894165E1,3.804739113151E0));
#4207=VERTEX_POINT('',#4206);
#4208=CARTESIAN_POINT('',(1.883304467814E2,5.559592875242E1,2.809445463278E0));
#4209=VERTEX_POINT('',#4208);
#4210=VERTEX_POINT('',#675);
#4211=VERTEX_POINT('',#1634);
#4212=CARTESIAN_POINT('',(1.902123569343E2,5.584592890162E1,4.455039174707E0));
#4213=VERTEX_POINT('',#4212);
#4214=CARTESIAN_POINT('',(1.910923137950E2,5.684592890162E1,3.979985574243E0));
#4215=VERTEX_POINT('',#4214);
#4216=CARTESIAN_POINT('',(1.942709644530E2,5.584592890162E1,1.197292668767E1));
#4217=VERTEX_POINT('',#4216);
#4218=CARTESIAN_POINT('',(1.951509213137E2,5.684592890162E1,1.149787308722E1));
#4219=VERTEX_POINT('',#4218);
#4220=CARTESIAN_POINT('',(2.103818976621E2,5.584592890162E1,1.691095788817E1));
#4221=VERTEX_POINT('',#4220);
#4222=CARTESIAN_POINT('',(2.099192767554E2,5.684592890162E1,1.602440168767E1));
#4223=VERTEX_POINT('',#4222);
#4224=CARTESIAN_POINT('',(2.137535828456E2,5.584592890162E1,1.661958682653E1));
#4225=VERTEX_POINT('',#4224);
#4226=CARTESIAN_POINT('',(2.140572540260E2,5.684592890162E1,1.566680993019E1));
#4227=VERTEX_POINT('',#4226);
#4228=CARTESIAN_POINT('',(2.222274455183E2,5.584592890162E1,1.042653700036E1));
#4229=VERTEX_POINT('',#4228);
#4230=CARTESIAN_POINT('',(2.212274455183E2,5.684592890162E1,1.042653700036E1));
#4231=VERTEX_POINT('',#4230);
#4232=CARTESIAN_POINT('',(2.265804463417E2,5.034592890163E1,3.490469716340E0));
#4233=VERTEX_POINT('',#4232);
#4234=CARTESIAN_POINT('',(2.278304467816E2,4.909593100713E1,3.295202590807E0));
#4235=VERTEX_POINT('',#4234);
#4236=CARTESIAN_POINT('',(2.248304467813E2,5.034592890162E1,5.107666761358E0));
#4237=VERTEX_POINT('',#4236);
#4238=CARTESIAN_POINT('',(2.278304441273E2,3.115866317258E1,2.798853521420E0));
#4239=VERTEX_POINT('',#4238);
#4240=CARTESIAN_POINT('',(2.083380918580E2,5.231553053242E1,1.200000000005E1));
#4241=CARTESIAN_POINT('',(2.083380918580E2,5.231553053242E1,
4.751221638344E-11));
#4242=VERTEX_POINT('',#4240);
#4243=VERTEX_POINT('',#4241);
#4244=CARTESIAN_POINT('',(2.099374356574E2,5.364592890162E1,1.200000000005E1));
#4245=VERTEX_POINT('',#4244);
#4246=CARTESIAN_POINT('',(2.083380918580E2,5.264592890162E1,1.200000000005E1));
#4247=CARTESIAN_POINT('',(2.093380918580E2,5.364592890162E1,1.200000000005E1));
#4248=VERTEX_POINT('',#4246);
#4249=VERTEX_POINT('',#4247);
#4250=CARTESIAN_POINT('',(2.093380918580E2,5.364592890162E1,
4.751125419015E-11));
#4251=VERTEX_POINT('',#4250);
#4252=CARTESIAN_POINT('',(2.083380918580E2,5.264592890162E1,
4.751125420557E-11));
#4253=VERTEX_POINT('',#4252);
#4254=CARTESIAN_POINT('',(2.181839407142E2,5.364592890162E1,
4.751125419015E-11));
#4255=VERTEX_POINT('',#4254);
#4256=CARTESIAN_POINT('',(2.217274455183E2,3.524592890162E1,
4.751125475805E-11));
#4257=CARTESIAN_POINT('',(2.217274455177E2,3.524592890162E1,1.042653700031E1));
#4258=VERTEX_POINT('',#4256);
#4259=VERTEX_POINT('',#4257);
#4260=CARTESIAN_POINT('',(2.217274455183E2,5.031553053242E1,
4.751166127193E-11));
#4261=VERTEX_POINT('',#4260);
#4262=CARTESIAN_POINT('',(2.203274455183E2,3.384592890162E1,1.042653700036E1));
#4263=VERTEX_POINT('',#4262);
#4264=VERTEX_POINT('',#55);
#4265=VERTEX_POINT('',#61);
#4266=VERTEX_POINT('',#1852);
#4267=VERTEX_POINT('',#1875);
#4268=CARTESIAN_POINT('',(2.150921927847E2,3.284592890162E1,1.012350302113E1));
#4269=VERTEX_POINT('',#4268);
#4270=CARTESIAN_POINT('',(2.159842749593E2,3.384592890162E1,1.057537622658E1));
#4271=VERTEX_POINT('',#4270);
#4272=CARTESIAN_POINT('',(2.124977470558E2,3.284592890162E1,1.350078186105E1));
#4273=VERTEX_POINT('',#4272);
#4274=CARTESIAN_POINT('',(2.131642864016E2,3.384592890162E1,1.424625171320E1));
#4275=VERTEX_POINT('',#4274);
#4276=VERTEX_POINT('',#1895);
#4277=VERTEX_POINT('',#1943);
#4278=CARTESIAN_POINT('',(2.106392134020E2,4.414592890162E1,1.485431148388E1));
#4279=VERTEX_POINT('',#4278);
#4280=CARTESIAN_POINT('',(2.117989370774E2,4.414592890162E1,1.496160275845E1));
#4281=VERTEX_POINT('',#4280);
#4282=CARTESIAN_POINT('',(2.202640084034E2,5.224221168672E1,
4.751399274028E-11));
#4283=CARTESIAN_POINT('',(2.190366693331E2,5.316828309424E1,
4.751399274028E-11));
#4284=VERTEX_POINT('',#4282);
#4285=VERTEX_POINT('',#4283);
#4286=VERTEX_POINT('',#1779);
#4287=VERTEX_POINT('',#1784);
#4288=VERTEX_POINT('',#2064);
#4289=VERTEX_POINT('',#2070);
#4290=VERTEX_POINT('',#1838);
#4291=VERTEX_POINT('',#2072);
#4292=VERTEX_POINT('',#2090);
#4293=CARTESIAN_POINT('',(2.270271148682E2,-4.547100067139E1,
4.751177229423E-11));
#4294=CARTESIAN_POINT('',(2.278304467814E2,-4.451384344536E1,
4.751177229423E-11));
#4295=VERTEX_POINT('',#4293);
#4296=VERTEX_POINT('',#4294);
#4297=CARTESIAN_POINT('',(2.278304467814E2,-4.642815789742E1,
4.751177229423E-11));
#4298=VERTEX_POINT('',#4297);
#4299=CARTESIAN_POINT('',(2.278304467814E2,-4.451384344536E1,2.798856175287E0));
#4300=VERTEX_POINT('',#4299);
#4301=CARTESIAN_POINT('',(2.278304467814E2,-4.642815789742E1,2.798856175288E0));
#4302=VERTEX_POINT('',#4301);
#4303=VERTEX_POINT('',#3012);
#4304=CARTESIAN_POINT('',(2.270271148682E2,-3.949076334635E1,
4.751177229423E-11));
#4305=CARTESIAN_POINT('',(2.278304467814E2,-3.853360612033E1,
4.751177229423E-11));
#4306=VERTEX_POINT('',#4304);
#4307=VERTEX_POINT('',#4305);
#4308=CARTESIAN_POINT('',(2.278304467814E2,-4.044792057238E1,
4.751177229423E-11));
#4309=VERTEX_POINT('',#4308);
#4310=CARTESIAN_POINT('',(2.278304467814E2,-3.853360612033E1,2.798856175287E0));
#4311=VERTEX_POINT('',#4310);
#4312=CARTESIAN_POINT('',(2.278304467814E2,-4.044792057238E1,2.798856175288E0));
#4313=VERTEX_POINT('',#4312);
#4314=VERTEX_POINT('',#2983);
#4315=CARTESIAN_POINT('',(2.270271148682E2,-3.351052602132E1,
4.751177229423E-11));
#4316=CARTESIAN_POINT('',(2.278304467814E2,-3.255336879529E1,
4.751177229423E-11));
#4317=VERTEX_POINT('',#4315);
#4318=VERTEX_POINT('',#4316);
#4319=CARTESIAN_POINT('',(2.278304467814E2,-3.446768324735E1,
4.751177229423E-11));
#4320=VERTEX_POINT('',#4319);
#4321=CARTESIAN_POINT('',(2.278304467814E2,-3.255336879529E1,2.798856175287E0));
#4322=VERTEX_POINT('',#4321);
#4323=CARTESIAN_POINT('',(2.278304467814E2,-3.446768324735E1,2.798856175287E0));
#4324=VERTEX_POINT('',#4323);
#4325=VERTEX_POINT('',#2954);
#4326=CARTESIAN_POINT('',(2.270271148682E2,-2.753028869629E1,
4.751177229423E-11));
#4327=CARTESIAN_POINT('',(2.278304467814E2,-2.657313147026E1,
4.751177229423E-11));
#4328=VERTEX_POINT('',#4326);
#4329=VERTEX_POINT('',#4327);
#4330=CARTESIAN_POINT('',(2.278304467814E2,-2.848744592232E1,
4.751177229423E-11));
#4331=VERTEX_POINT('',#4330);
#4332=CARTESIAN_POINT('',(2.278304467814E2,-2.657313147026E1,2.798856175287E0));
#4333=VERTEX_POINT('',#4332);
#4334=CARTESIAN_POINT('',(2.278304467814E2,-2.848744592232E1,2.798856175288E0));
#4335=VERTEX_POINT('',#4334);
#4336=VERTEX_POINT('',#2925);
#4337=CARTESIAN_POINT('',(2.270271148682E2,-2.155005137126E1,
4.751177229423E-11));
#4338=CARTESIAN_POINT('',(2.278304467814E2,-2.059289414523E1,
4.751177229423E-11));
#4339=VERTEX_POINT('',#4337);
#4340=VERTEX_POINT('',#4338);
#4341=CARTESIAN_POINT('',(2.278304467814E2,-2.250720859729E1,
4.751177229423E-11));
#4342=VERTEX_POINT('',#4341);
#4343=CARTESIAN_POINT('',(2.278304467814E2,-2.059289414523E1,2.798856175287E0));
#4344=VERTEX_POINT('',#4343);
#4345=CARTESIAN_POINT('',(2.278304467814E2,-2.250720859729E1,2.798856175288E0));
#4346=VERTEX_POINT('',#4345);
#4347=VERTEX_POINT('',#2896);
#4348=CARTESIAN_POINT('',(2.270271148682E2,-1.556981404622E1,
4.751177229423E-11));
#4349=CARTESIAN_POINT('',(2.278304467814E2,-1.461265682020E1,
4.751177229423E-11));
#4350=VERTEX_POINT('',#4348);
#4351=VERTEX_POINT('',#4349);
#4352=CARTESIAN_POINT('',(2.278304467814E2,-1.652697127225E1,
4.751177229423E-11));
#4353=VERTEX_POINT('',#4352);
#4354=CARTESIAN_POINT('',(2.278304467814E2,-1.461265682020E1,2.798856175287E0));
#4355=VERTEX_POINT('',#4354);
#4356=CARTESIAN_POINT('',(2.278304467814E2,-1.652697127225E1,2.798856175288E0));
#4357=VERTEX_POINT('',#4356);
#4358=VERTEX_POINT('',#2867);
#4359=CARTESIAN_POINT('',(2.270271148682E2,-9.589576721191E0,
4.751177229423E-11));
#4360=CARTESIAN_POINT('',(2.278304467814E2,-8.632419495163E0,
4.751177229423E-11));
#4361=VERTEX_POINT('',#4359);
#4362=VERTEX_POINT('',#4360);
#4363=CARTESIAN_POINT('',(2.278304467814E2,-1.054673394722E1,
4.751177229423E-11));
#4364=VERTEX_POINT('',#4363);
#4365=CARTESIAN_POINT('',(2.278304467814E2,-8.632419495163E0,2.798856175288E0));
#4366=VERTEX_POINT('',#4365);
#4367=CARTESIAN_POINT('',(2.278304467814E2,-1.054673394722E1,2.798856175288E0));
#4368=VERTEX_POINT('',#4367);
#4369=VERTEX_POINT('',#2838);
#4370=CARTESIAN_POINT('',(2.270271148682E2,-3.609339396159E0,
4.751177229423E-11));
#4371=CARTESIAN_POINT('',(2.278304467814E2,-2.652182170130E0,
4.751177229423E-11));
#4372=VERTEX_POINT('',#4370);
#4373=VERTEX_POINT('',#4371);
#4374=CARTESIAN_POINT('',(2.278304467814E2,-4.566496622188E0,
4.751177229423E-11));
#4375=VERTEX_POINT('',#4374);
#4376=CARTESIAN_POINT('',(2.278304467814E2,-2.652182170130E0,2.798856175287E0));
#4377=VERTEX_POINT('',#4376);
#4378=CARTESIAN_POINT('',(2.278304467814E2,-4.566496622188E0,2.798856175287E0));
#4379=VERTEX_POINT('',#4378);
#4380=VERTEX_POINT('',#2809);
#4381=CARTESIAN_POINT('',(2.270271148682E2,2.370897928874E0,
4.751177229423E-11));
#4382=CARTESIAN_POINT('',(2.278304467814E2,3.328055154903E0,
4.751177229423E-11));
#4383=VERTEX_POINT('',#4381);
#4384=VERTEX_POINT('',#4382);
#4385=CARTESIAN_POINT('',(2.278304467814E2,1.413740702845E0,
4.751177229423E-11));
#4386=VERTEX_POINT('',#4385);
#4387=CARTESIAN_POINT('',(2.278304467814E2,3.328055154903E0,2.798856175287E0));
#4388=VERTEX_POINT('',#4387);
#4389=CARTESIAN_POINT('',(2.278304467814E2,1.413740702845E0,2.798856175287E0));
#4390=VERTEX_POINT('',#4389);
#4391=VERTEX_POINT('',#2780);
#4392=CARTESIAN_POINT('',(2.270271148682E2,8.351135253906E0,
4.751177229423E-11));
#4393=CARTESIAN_POINT('',(2.278304467814E2,9.308292479935E0,
4.751177229423E-11));
#4394=VERTEX_POINT('',#4392);
#4395=VERTEX_POINT('',#4393);
#4396=CARTESIAN_POINT('',(2.278304467814E2,7.393978027877E0,
4.751177229423E-11));
#4397=VERTEX_POINT('',#4396);
#4398=CARTESIAN_POINT('',(2.278304467814E2,9.308292479935E0,2.798856175287E0));
#4399=VERTEX_POINT('',#4398);
#4400=CARTESIAN_POINT('',(2.278304467814E2,7.393978027877E0,2.798856175288E0));
#4401=VERTEX_POINT('',#4400);
#4402=VERTEX_POINT('',#2751);
#4403=CARTESIAN_POINT('',(2.270271148682E2,1.433137257894E1,
4.751177229423E-11));
#4404=CARTESIAN_POINT('',(2.278304467814E2,1.528852980497E1,
4.751177229423E-11));
#4405=VERTEX_POINT('',#4403);
#4406=VERTEX_POINT('',#4404);
#4407=CARTESIAN_POINT('',(2.278304467814E2,1.337421535291E1,
4.751177229423E-11));
#4408=VERTEX_POINT('',#4407);
#4409=CARTESIAN_POINT('',(2.278304467814E2,1.528852980497E1,2.798856175287E0));
#4410=VERTEX_POINT('',#4409);
#4411=CARTESIAN_POINT('',(2.278304467814E2,1.337421535291E1,2.798856175287E0));
#4412=VERTEX_POINT('',#4411);
#4413=VERTEX_POINT('',#2722);
#4414=CARTESIAN_POINT('',(2.270271148682E2,2.031160990397E1,
4.751177229423E-11));
#4415=CARTESIAN_POINT('',(2.278304467814E2,2.126876713E1,4.751177229423E-11));
#4416=VERTEX_POINT('',#4414);
#4417=VERTEX_POINT('',#4415);
#4418=CARTESIAN_POINT('',(2.278304467814E2,1.935445267794E1,
4.751177229423E-11));
#4419=VERTEX_POINT('',#4418);
#4420=CARTESIAN_POINT('',(2.278304467814E2,2.126876713E1,2.798856175287E0));
#4421=VERTEX_POINT('',#4420);
#4422=CARTESIAN_POINT('',(2.278304467814E2,1.935445267794E1,2.798856175288E0));
#4423=VERTEX_POINT('',#4422);
#4424=VERTEX_POINT('',#2693);
#4425=CARTESIAN_POINT('',(2.270271148682E2,2.629184722900E1,
4.751177229423E-11));
#4426=CARTESIAN_POINT('',(2.278304467814E2,2.724900445503E1,
4.751177229423E-11));
#4427=VERTEX_POINT('',#4425);
#4428=VERTEX_POINT('',#4426);
#4429=CARTESIAN_POINT('',(2.278304467814E2,2.533469000298E1,
4.751177229423E-11));
#4430=VERTEX_POINT('',#4429);
#4431=CARTESIAN_POINT('',(2.278304467814E2,2.724900445503E1,2.798856175287E0));
#4432=VERTEX_POINT('',#4431);
#4433=CARTESIAN_POINT('',(2.278304467814E2,2.533469000298E1,2.798856175288E0));
#4434=VERTEX_POINT('',#4433);
#4435=VERTEX_POINT('',#2664);
#4436=CARTESIAN_POINT('',(2.270271148682E2,3.227208455404E1,
4.751177229423E-11));
#4437=CARTESIAN_POINT('',(2.278304467814E2,3.322924178007E1,
4.751177229423E-11));
#4438=VERTEX_POINT('',#4436);
#4439=VERTEX_POINT('',#4437);
#4440=CARTESIAN_POINT('',(2.278304467814E2,3.131492732801E1,
4.751177229423E-11));
#4441=VERTEX_POINT('',#4440);
#4442=CARTESIAN_POINT('',(2.278304467814E2,3.322924178007E1,3.294485597971E0));
#4443=VERTEX_POINT('',#4442);
#4444=CARTESIAN_POINT('',(2.278304454431E2,3.131493328520E1,2.802564524485E0));
#4445=VERTEX_POINT('',#4444);
#4446=CARTESIAN_POINT('',(2.270271148682E2,3.227208455404E1,3.798856175288E0));
#4447=VERTEX_POINT('',#4446);
#4448=CARTESIAN_POINT('',(2.270271148682E2,3.825232187907E1,
4.751177229423E-11));
#4449=CARTESIAN_POINT('',(2.278304467814E2,3.920947910510E1,
4.751177229423E-11));
#4450=VERTEX_POINT('',#4448);
#4451=VERTEX_POINT('',#4449);
#4452=CARTESIAN_POINT('',(2.278304467814E2,3.729516465304E1,
4.751177229423E-11));
#4453=VERTEX_POINT('',#4452);
#4454=CARTESIAN_POINT('',(2.278304467814E2,3.920947910510E1,3.295202750032E0));
#4455=VERTEX_POINT('',#4454);
#4456=CARTESIAN_POINT('',(2.278304467814E2,3.729516465304E1,3.295202750032E0));
#4457=VERTEX_POINT('',#4456);
#4458=CARTESIAN_POINT('',(2.270271148682E2,3.825232187907E1,3.798856175288E0));
#4459=VERTEX_POINT('',#4458);
#4460=CARTESIAN_POINT('',(2.270271148682E2,4.423255920410E1,
4.751177229423E-11));
#4461=CARTESIAN_POINT('',(2.278304467814E2,4.518971643013E1,
4.751177229423E-11));
#4462=VERTEX_POINT('',#4460);
#4463=VERTEX_POINT('',#4461);
#4464=CARTESIAN_POINT('',(2.278304467814E2,4.327540197807E1,
4.751177229423E-11));
#4465=VERTEX_POINT('',#4464);
#4466=CARTESIAN_POINT('',(2.278304467814E2,4.518971643013E1,3.295202750032E0));
#4467=VERTEX_POINT('',#4466);
#4468=CARTESIAN_POINT('',(2.278304467814E2,4.327540197807E1,3.295202750032E0));
#4469=VERTEX_POINT('',#4468);
#4470=CARTESIAN_POINT('',(2.270271148682E2,4.423255920410E1,3.798856175288E0));
#4471=VERTEX_POINT('',#4470);
#4472=CARTESIAN_POINT('',(1.826337786945E2,-4.547100067139E1,3.779326299070E0));
#4473=CARTESIAN_POINT('',(1.826337786945E2,-4.547100067139E1,
4.751177229423E-11));
#4474=VERTEX_POINT('',#4472);
#4475=VERTEX_POINT('',#4473);
#4476=CARTESIAN_POINT('',(1.826337786945E2,-3.949076334635E1,3.779326299070E0));
#4477=CARTESIAN_POINT('',(1.826337786945E2,-3.949076334635E1,
4.751177229423E-11));
#4478=VERTEX_POINT('',#4476);
#4479=VERTEX_POINT('',#4477);
#4480=CARTESIAN_POINT('',(1.826337786945E2,-3.351052602132E1,3.779326299070E0));
#4481=CARTESIAN_POINT('',(1.826337786945E2,-3.351052602132E1,
4.751177229423E-11));
#4482=VERTEX_POINT('',#4480);
#4483=VERTEX_POINT('',#4481);
#4484=CARTESIAN_POINT('',(1.826337786945E2,-2.753028869629E1,3.779326299070E0));
#4485=CARTESIAN_POINT('',(1.826337786945E2,-2.753028869629E1,
4.751177229423E-11));
#4486=VERTEX_POINT('',#4484);
#4487=VERTEX_POINT('',#4485);
#4488=CARTESIAN_POINT('',(1.826337786945E2,-2.155005137126E1,3.779326299070E0));
#4489=CARTESIAN_POINT('',(1.826337786945E2,-2.155005137126E1,
4.751177229423E-11));
#4490=VERTEX_POINT('',#4488);
#4491=VERTEX_POINT('',#4489);
#4492=CARTESIAN_POINT('',(1.826337786945E2,-1.556981404622E1,3.779326299070E0));
#4493=CARTESIAN_POINT('',(1.826337786945E2,-1.556981404622E1,
4.751177229423E-11));
#4494=VERTEX_POINT('',#4492);
#4495=VERTEX_POINT('',#4493);
#4496=CARTESIAN_POINT('',(1.826337786945E2,-9.589576721191E0,3.779326299070E0));
#4497=CARTESIAN_POINT('',(1.826337786945E2,-9.589576721191E0,
4.751177229423E-11));
#4498=VERTEX_POINT('',#4496);
#4499=VERTEX_POINT('',#4497);
#4500=CARTESIAN_POINT('',(1.826337786945E2,-3.609339396159E0,3.779326299070E0));
#4501=CARTESIAN_POINT('',(1.826337786945E2,-3.609339396159E0,
4.751177229423E-11));
#4502=VERTEX_POINT('',#4500);
#4503=VERTEX_POINT('',#4501);
#4504=CARTESIAN_POINT('',(1.826337786945E2,2.370897928874E0,3.779326299070E0));
#4505=CARTESIAN_POINT('',(1.826337786945E2,2.370897928874E0,
4.751177229423E-11));
#4506=VERTEX_POINT('',#4504);
#4507=VERTEX_POINT('',#4505);
#4508=CARTESIAN_POINT('',(1.826337786945E2,8.351135253906E0,3.779326299070E0));
#4509=CARTESIAN_POINT('',(1.826337786945E2,8.351135253906E0,
4.751177229423E-11));
#4510=VERTEX_POINT('',#4508);
#4511=VERTEX_POINT('',#4509);
#4512=CARTESIAN_POINT('',(1.826337786945E2,1.433137257894E1,3.779326299070E0));
#4513=CARTESIAN_POINT('',(1.826337786945E2,1.433137257894E1,
4.751177229423E-11));
#4514=VERTEX_POINT('',#4512);
#4515=VERTEX_POINT('',#4513);
#4516=CARTESIAN_POINT('',(1.826337786945E2,2.031160990397E1,3.779326299070E0));
#4517=CARTESIAN_POINT('',(1.826337786945E2,2.031160990397E1,
4.751177229423E-11));
#4518=VERTEX_POINT('',#4516);
#4519=VERTEX_POINT('',#4517);
#4520=CARTESIAN_POINT('',(1.826337786945E2,2.629184722900E1,3.779326299070E0));
#4521=CARTESIAN_POINT('',(1.826337786945E2,2.629184722900E1,
4.751177229423E-11));
#4522=VERTEX_POINT('',#4520);
#4523=VERTEX_POINT('',#4521);
#4524=CARTESIAN_POINT('',(1.826337786945E2,3.227208455404E1,3.779326299070E0));
#4525=CARTESIAN_POINT('',(1.826337786945E2,3.227208455404E1,
4.751177229423E-11));
#4526=VERTEX_POINT('',#4524);
#4527=VERTEX_POINT('',#4525);
#4528=CARTESIAN_POINT('',(1.826337786945E2,3.825232187907E1,3.779326299070E0));
#4529=CARTESIAN_POINT('',(1.826337786945E2,3.825232187907E1,
4.751177229423E-11));
#4530=VERTEX_POINT('',#4528);
#4531=VERTEX_POINT('',#4529);
#4532=CARTESIAN_POINT('',(1.826337786945E2,4.423255920410E1,3.779326299070E0));
#4533=CARTESIAN_POINT('',(1.826337786945E2,4.423255920410E1,
4.751177229423E-11));
#4534=VERTEX_POINT('',#4532);
#4535=VERTEX_POINT('',#4533);
#4536=CARTESIAN_POINT('',(1.818304467814E2,-4.451384344536E1,
4.751177229423E-11));
#4537=VERTEX_POINT('',#4536);
#4538=CARTESIAN_POINT('',(1.818304467814E2,-4.642815789742E1,
4.751177229423E-11));
#4539=VERTEX_POINT('',#4538);
#4540=CARTESIAN_POINT('',(1.818304467814E2,-4.451384344536E1,2.798856175287E0));
#4541=VERTEX_POINT('',#4540);
#4542=CARTESIAN_POINT('',(1.818304467814E2,-4.642815789742E1,2.798856175287E0));
#4543=VERTEX_POINT('',#4542);
#4544=CARTESIAN_POINT('',(1.818304467814E2,-3.853360612033E1,
4.751177229423E-11));
#4545=VERTEX_POINT('',#4544);
#4546=CARTESIAN_POINT('',(1.818304467814E2,-4.044792057238E1,
4.751177229423E-11));
#4547=VERTEX_POINT('',#4546);
#4548=CARTESIAN_POINT('',(1.818304467814E2,-3.853360612033E1,2.798856175288E0));
#4549=VERTEX_POINT('',#4548);
#4550=CARTESIAN_POINT('',(1.818304467814E2,-4.044792057238E1,2.798856175287E0));
#4551=VERTEX_POINT('',#4550);
#4552=CARTESIAN_POINT('',(1.818304467814E2,-3.255336879529E1,
4.751177229423E-11));
#4553=VERTEX_POINT('',#4552);
#4554=CARTESIAN_POINT('',(1.818304467814E2,-3.446768324735E1,
4.751177229423E-11));
#4555=VERTEX_POINT('',#4554);
#4556=CARTESIAN_POINT('',(1.818304467814E2,-3.255336879529E1,2.798856175288E0));
#4557=VERTEX_POINT('',#4556);
#4558=CARTESIAN_POINT('',(1.818304467814E2,-3.446768324735E1,2.798856175288E0));
#4559=VERTEX_POINT('',#4558);
#4560=CARTESIAN_POINT('',(1.818304467814E2,-2.657313147026E1,
4.751177229423E-11));
#4561=VERTEX_POINT('',#4560);
#4562=CARTESIAN_POINT('',(1.818304467814E2,-2.848744592232E1,
4.751177229423E-11));
#4563=VERTEX_POINT('',#4562);
#4564=CARTESIAN_POINT('',(1.818304467814E2,-2.657313147026E1,2.798856175288E0));
#4565=VERTEX_POINT('',#4564);
#4566=CARTESIAN_POINT('',(1.818304467814E2,-2.848744592232E1,2.798856175288E0));
#4567=VERTEX_POINT('',#4566);
#4568=CARTESIAN_POINT('',(1.818304467814E2,-2.059289414523E1,
4.751177229423E-11));
#4569=VERTEX_POINT('',#4568);
#4570=CARTESIAN_POINT('',(1.818304467814E2,-2.250720859729E1,
4.751177229423E-11));
#4571=VERTEX_POINT('',#4570);
#4572=CARTESIAN_POINT('',(1.818304467814E2,-2.059289414523E1,2.798856175288E0));
#4573=VERTEX_POINT('',#4572);
#4574=CARTESIAN_POINT('',(1.818304467814E2,-2.250720859729E1,2.798856175288E0));
#4575=VERTEX_POINT('',#4574);
#4576=CARTESIAN_POINT('',(1.818304467814E2,-1.461265682020E1,
4.751177229423E-11));
#4577=VERTEX_POINT('',#4576);
#4578=CARTESIAN_POINT('',(1.818304467814E2,-1.652697127225E1,
4.751177229423E-11));
#4579=VERTEX_POINT('',#4578);
#4580=CARTESIAN_POINT('',(1.818304467814E2,-1.461265682020E1,2.798856175288E0));
#4581=VERTEX_POINT('',#4580);
#4582=CARTESIAN_POINT('',(1.818304467814E2,-1.652697127225E1,2.798856175287E0));
#4583=VERTEX_POINT('',#4582);
#4584=CARTESIAN_POINT('',(1.818304467814E2,-8.632419495163E0,
4.751177229423E-11));
#4585=VERTEX_POINT('',#4584);
#4586=CARTESIAN_POINT('',(1.818304467814E2,-1.054673394722E1,
4.751177229423E-11));
#4587=VERTEX_POINT('',#4586);
#4588=CARTESIAN_POINT('',(1.818304467814E2,-8.632419495163E0,2.798856175288E0));
#4589=VERTEX_POINT('',#4588);
#4590=CARTESIAN_POINT('',(1.818304467814E2,-1.054673394722E1,2.798856175288E0));
#4591=VERTEX_POINT('',#4590);
#4592=CARTESIAN_POINT('',(1.818304467814E2,-2.652182170130E0,
4.751177229423E-11));
#4593=VERTEX_POINT('',#4592);
#4594=CARTESIAN_POINT('',(1.818304467814E2,-4.566496622188E0,
4.751177229423E-11));
#4595=VERTEX_POINT('',#4594);
#4596=CARTESIAN_POINT('',(1.818304467814E2,-2.652182170130E0,2.798856175288E0));
#4597=VERTEX_POINT('',#4596);
#4598=CARTESIAN_POINT('',(1.818304467814E2,-4.566496622188E0,2.798856175288E0));
#4599=VERTEX_POINT('',#4598);
#4600=CARTESIAN_POINT('',(1.818304467814E2,3.328055154903E0,
4.751177229423E-11));
#4601=VERTEX_POINT('',#4600);
#4602=CARTESIAN_POINT('',(1.818304467814E2,1.413740702845E0,
4.751177229423E-11));
#4603=VERTEX_POINT('',#4602);
#4604=CARTESIAN_POINT('',(1.818304467814E2,3.328055154902E0,2.798856175288E0));
#4605=VERTEX_POINT('',#4604);
#4606=CARTESIAN_POINT('',(1.818304467814E2,1.413740702845E0,2.798856175288E0));
#4607=VERTEX_POINT('',#4606);
#4608=CARTESIAN_POINT('',(1.818304467814E2,9.308292479935E0,
4.751177229423E-11));
#4609=VERTEX_POINT('',#4608);
#4610=CARTESIAN_POINT('',(1.818304467814E2,7.393978027877E0,
4.751177229423E-11));
#4611=VERTEX_POINT('',#4610);
#4612=CARTESIAN_POINT('',(1.818304467814E2,9.308292479935E0,2.798856175288E0));
#4613=VERTEX_POINT('',#4612);
#4614=CARTESIAN_POINT('',(1.818304467814E2,7.393978027877E0,2.798856175288E0));
#4615=VERTEX_POINT('',#4614);
#4616=CARTESIAN_POINT('',(1.818304467814E2,1.528852980497E1,
4.751177229423E-11));
#4617=VERTEX_POINT('',#4616);
#4618=CARTESIAN_POINT('',(1.818304467814E2,1.337421535291E1,
4.751177229423E-11));
#4619=VERTEX_POINT('',#4618);
#4620=CARTESIAN_POINT('',(1.818304467814E2,1.528852980497E1,2.798856175288E0));
#4621=VERTEX_POINT('',#4620);
#4622=CARTESIAN_POINT('',(1.818304467814E2,1.337421535291E1,2.798856175287E0));
#4623=VERTEX_POINT('',#4622);
#4624=CARTESIAN_POINT('',(1.818304467814E2,2.126876713E1,4.751177229423E-11));
#4625=VERTEX_POINT('',#4624);
#4626=CARTESIAN_POINT('',(1.818304467814E2,1.935445267794E1,
4.751177229423E-11));
#4627=VERTEX_POINT('',#4626);
#4628=CARTESIAN_POINT('',(1.818304467814E2,2.126876713E1,2.798856175288E0));
#4629=VERTEX_POINT('',#4628);
#4630=CARTESIAN_POINT('',(1.818304467814E2,1.935445267794E1,2.798856175288E0));
#4631=VERTEX_POINT('',#4630);
#4632=CARTESIAN_POINT('',(1.818304467814E2,2.724900445503E1,
4.751177229423E-11));
#4633=VERTEX_POINT('',#4632);
#4634=CARTESIAN_POINT('',(1.818304467814E2,2.533469000298E1,
4.751177229423E-11));
#4635=VERTEX_POINT('',#4634);
#4636=CARTESIAN_POINT('',(1.818304467814E2,2.724900445503E1,2.798856175288E0));
#4637=VERTEX_POINT('',#4636);
#4638=CARTESIAN_POINT('',(1.818304467814E2,2.533469000298E1,2.798856175288E0));
#4639=VERTEX_POINT('',#4638);
#4640=CARTESIAN_POINT('',(1.818304467814E2,3.322924178007E1,
4.751177229423E-11));
#4641=VERTEX_POINT('',#4640);
#4642=CARTESIAN_POINT('',(1.818304467814E2,3.131492732801E1,
4.751177229423E-11));
#4643=VERTEX_POINT('',#4642);
#4644=CARTESIAN_POINT('',(1.818304467814E2,3.322924178007E1,2.798856175288E0));
#4645=VERTEX_POINT('',#4644);
#4646=CARTESIAN_POINT('',(1.818304467814E2,3.131492732801E1,2.798856175288E0));
#4647=VERTEX_POINT('',#4646);
#4648=CARTESIAN_POINT('',(1.818304467814E2,3.920947910510E1,
4.751177229423E-11));
#4649=VERTEX_POINT('',#4648);
#4650=CARTESIAN_POINT('',(1.818304467814E2,3.729516465304E1,
4.751177229423E-11));
#4651=VERTEX_POINT('',#4650);
#4652=CARTESIAN_POINT('',(1.818304467814E2,3.920947910510E1,2.798856175288E0));
#4653=VERTEX_POINT('',#4652);
#4654=CARTESIAN_POINT('',(1.818304467814E2,3.729516465304E1,2.798856175288E0));
#4655=VERTEX_POINT('',#4654);
#4656=CARTESIAN_POINT('',(1.818304467814E2,4.518971643013E1,
4.751177229423E-11));
#4657=VERTEX_POINT('',#4656);
#4658=CARTESIAN_POINT('',(1.818304467814E2,4.327540197807E1,
4.751177229423E-11));
#4659=VERTEX_POINT('',#4658);
#4660=CARTESIAN_POINT('',(1.818304467814E2,4.518971643013E1,2.798856175288E0));
#4661=VERTEX_POINT('',#4660);
#4662=CARTESIAN_POINT('',(1.818304467814E2,4.327540197807E1,2.798856175288E0));
#4663=VERTEX_POINT('',#4662);
#4664=VERTEX_POINT('',#3635);
#4665=CARTESIAN_POINT('',(2.272036411109E2,4.934592890162E1,4.272536666445E0));
#4666=CARTESIAN_POINT('',(2.255610030741E2,4.934592890162E1,5.790519236726E0));
#4667=VERTEX_POINT('',#4665);
#4668=VERTEX_POINT('',#4666);
#4669=VERTEX_POINT('',#2384);
#4670=CARTESIAN_POINT('',(2.274397550825E2,3.324644514088E1,4.087942064565E0));
#4671=VERTEX_POINT('',#4670);
#4672=VERTEX_POINT('',#3710);
#4673=VERTEX_POINT('',#3724);
#4674=CARTESIAN_POINT('',(2.278304467814E2,3.324592890162E1,3.295202750656E0));
#4675=VERTEX_POINT('',#4674);
#4676=VERTEX_POINT('',#3654);
#4677=VERTEX_POINT('',#3658);
#4678=VERTEX_POINT('',#3692);
#4679=CARTESIAN_POINT('',(2.276943525790E2,3.765398590662E1,3.798856175288E0));
#4680=CARTESIAN_POINT('',(2.276943525790E2,3.885065785152E1,3.798856175288E0));
#4681=VERTEX_POINT('',#4679);
#4682=VERTEX_POINT('',#4680);
#4683=CARTESIAN_POINT('',(2.276943525790E2,4.363422323165E1,3.798856175288E0));
#4684=CARTESIAN_POINT('',(2.276943525790E2,4.483089517655E1,3.798856175288E0));
#4685=VERTEX_POINT('',#4683);
#4686=VERTEX_POINT('',#4684);
#4687=VERTEX_POINT('',#2296);
#4688=CARTESIAN_POINT('',(2.222274453911E2,5.559592890164E1,5.748958105486E0));
#4689=CARTESIAN_POINT('',(2.222274455183E2,5.384592890352E1,5.748957624038E0));
#4690=VERTEX_POINT('',#4688);
#4691=VERTEX_POINT('',#4689);
#4692=VERTEX_POINT('',#1673);
#4693=VERTEX_POINT('',#1679);
#4694=CARTESIAN_POINT('',(2.222274496655E2,5.584595850303E1,5.771266037718E0));
#4695=VERTEX_POINT('',#4694);
#4696=VERTEX_POINT('',#2134);
#4697=VERTEX_POINT('',#2166);
#4698=VERTEX_POINT('',#2132);
#4699=VERTEX_POINT('',#3512);
#4700=VERTEX_POINT('',#2185);
#4701=VERTEX_POINT('',#3534);
#4702=VERTEX_POINT('',#2178);
#4703=CARTESIAN_POINT('',(2.218551064204E2,5.384592676579E1,4.924027559312E0));
#4704=VERTEX_POINT('',#4703);
#4705=CARTESIAN_POINT('',(2.213304467814E2,5.384593161952E1,3.761626074619E0));
#4706=VERTEX_POINT('',#4705);
#4707=VERTEX_POINT('',#2278);
#4708=VERTEX_POINT('',#2335);
#4709=CARTESIAN_POINT('',(2.222274450543E2,5.220468128134E1,8.485108181946E0));
#4710=VERTEX_POINT('',#4709);
#4711=VERTEX_POINT('',#3468);
#4712=VERTEX_POINT('',#2360);
#4713=VERTEX_POINT('',#3423);
#4714=CARTESIAN_POINT('',(0.E0,0.E0,4.751166127193E-11));
#4715=DIRECTION('',(0.E0,0.E0,1.E0));
#4716=DIRECTION('',(1.E0,0.E0,0.E0));
#4717=AXIS2_PLACEMENT_3D('',#4714,#4715,#4716);
#4718=PLANE('',#4717);
#4720=ORIENTED_EDGE('',*,*,#4719,.F.);
#4722=ORIENTED_EDGE('',*,*,#4721,.F.);
#4724=ORIENTED_EDGE('',*,*,#4723,.T.);
#4726=ORIENTED_EDGE('',*,*,#4725,.F.);
#4728=ORIENTED_EDGE('',*,*,#4727,.F.);
#4730=ORIENTED_EDGE('',*,*,#4729,.T.);
#4732=ORIENTED_EDGE('',*,*,#4731,.F.);
#4734=ORIENTED_EDGE('',*,*,#4733,.F.);
#4736=ORIENTED_EDGE('',*,*,#4735,.T.);
#4738=ORIENTED_EDGE('',*,*,#4737,.F.);
#4740=ORIENTED_EDGE('',*,*,#4739,.F.);
#4742=ORIENTED_EDGE('',*,*,#4741,.T.);
#4744=ORIENTED_EDGE('',*,*,#4743,.F.);
#4746=ORIENTED_EDGE('',*,*,#4745,.F.);
#4748=ORIENTED_EDGE('',*,*,#4747,.T.);
#4750=ORIENTED_EDGE('',*,*,#4749,.F.);
#4752=ORIENTED_EDGE('',*,*,#4751,.F.);
#4754=ORIENTED_EDGE('',*,*,#4753,.T.);
#4756=ORIENTED_EDGE('',*,*,#4755,.F.);
#4758=ORIENTED_EDGE('',*,*,#4757,.F.);
#4760=ORIENTED_EDGE('',*,*,#4759,.T.);
#4762=ORIENTED_EDGE('',*,*,#4761,.F.);
#4764=ORIENTED_EDGE('',*,*,#4763,.F.);
#4766=ORIENTED_EDGE('',*,*,#4765,.T.);
#4768=ORIENTED_EDGE('',*,*,#4767,.F.);
#4770=ORIENTED_EDGE('',*,*,#4769,.F.);
#4772=ORIENTED_EDGE('',*,*,#4771,.T.);
#4774=ORIENTED_EDGE('',*,*,#4773,.F.);
#4776=ORIENTED_EDGE('',*,*,#4775,.F.);
#4778=ORIENTED_EDGE('',*,*,#4777,.T.);
#4780=ORIENTED_EDGE('',*,*,#4779,.F.);
#4782=ORIENTED_EDGE('',*,*,#4781,.F.);
#4784=ORIENTED_EDGE('',*,*,#4783,.T.);
#4786=ORIENTED_EDGE('',*,*,#4785,.F.);
#4788=ORIENTED_EDGE('',*,*,#4787,.F.);
#4790=ORIENTED_EDGE('',*,*,#4789,.T.);
#4792=ORIENTED_EDGE('',*,*,#4791,.F.);
#4794=ORIENTED_EDGE('',*,*,#4793,.F.);
#4796=ORIENTED_EDGE('',*,*,#4795,.T.);
#4798=ORIENTED_EDGE('',*,*,#4797,.F.);
#4800=ORIENTED_EDGE('',*,*,#4799,.F.);
#4802=ORIENTED_EDGE('',*,*,#4801,.T.);
#4804=ORIENTED_EDGE('',*,*,#4803,.F.);
#4806=ORIENTED_EDGE('',*,*,#4805,.F.);
#4808=ORIENTED_EDGE('',*,*,#4807,.T.);
#4810=ORIENTED_EDGE('',*,*,#4809,.F.);
#4812=ORIENTED_EDGE('',*,*,#4811,.F.);
#4814=ORIENTED_EDGE('',*,*,#4813,.T.);
#4816=ORIENTED_EDGE('',*,*,#4815,.F.);
#4818=ORIENTED_EDGE('',*,*,#4817,.T.);
#4820=ORIENTED_EDGE('',*,*,#4819,.F.);
#4822=ORIENTED_EDGE('',*,*,#4821,.T.);
#4824=ORIENTED_EDGE('',*,*,#4823,.T.);
#4826=ORIENTED_EDGE('',*,*,#4825,.T.);
#4828=ORIENTED_EDGE('',*,*,#4827,.T.);
#4830=ORIENTED_EDGE('',*,*,#4829,.T.);
#4832=ORIENTED_EDGE('',*,*,#4831,.T.);
#4834=ORIENTED_EDGE('',*,*,#4833,.T.);
#4836=ORIENTED_EDGE('',*,*,#4835,.T.);
#4838=ORIENTED_EDGE('',*,*,#4837,.T.);
#4840=ORIENTED_EDGE('',*,*,#4839,.T.);
#4842=ORIENTED_EDGE('',*,*,#4841,.T.);
#4844=ORIENTED_EDGE('',*,*,#4843,.T.);
#4846=ORIENTED_EDGE('',*,*,#4845,.T.);
#4848=ORIENTED_EDGE('',*,*,#4847,.T.);
#4850=ORIENTED_EDGE('',*,*,#4849,.T.);
#4852=ORIENTED_EDGE('',*,*,#4851,.T.);
#4854=ORIENTED_EDGE('',*,*,#4853,.T.);
#4856=ORIENTED_EDGE('',*,*,#4855,.T.);
#4858=ORIENTED_EDGE('',*,*,#4857,.T.);
#4860=ORIENTED_EDGE('',*,*,#4859,.T.);
#4862=ORIENTED_EDGE('',*,*,#4861,.T.);
#4864=ORIENTED_EDGE('',*,*,#4863,.T.);
#4866=ORIENTED_EDGE('',*,*,#4865,.T.);
#4868=ORIENTED_EDGE('',*,*,#4867,.T.);
#4870=ORIENTED_EDGE('',*,*,#4869,.T.);
#4872=ORIENTED_EDGE('',*,*,#4871,.T.);
#4874=ORIENTED_EDGE('',*,*,#4873,.T.);
#4876=ORIENTED_EDGE('',*,*,#4875,.T.);
#4878=ORIENTED_EDGE('',*,*,#4877,.T.);
#4880=ORIENTED_EDGE('',*,*,#4879,.T.);
#4882=ORIENTED_EDGE('',*,*,#4881,.T.);
#4884=ORIENTED_EDGE('',*,*,#4883,.T.);
#4886=ORIENTED_EDGE('',*,*,#4885,.T.);
#4888=ORIENTED_EDGE('',*,*,#4887,.T.);
#4890=ORIENTED_EDGE('',*,*,#4889,.T.);
#4892=ORIENTED_EDGE('',*,*,#4891,.T.);
#4894=ORIENTED_EDGE('',*,*,#4893,.T.);
#4896=ORIENTED_EDGE('',*,*,#4895,.T.);
#4898=ORIENTED_EDGE('',*,*,#4897,.T.);
#4900=ORIENTED_EDGE('',*,*,#4899,.T.);
#4902=ORIENTED_EDGE('',*,*,#4901,.T.);
#4904=ORIENTED_EDGE('',*,*,#4903,.T.);
#4906=ORIENTED_EDGE('',*,*,#4905,.T.);
#4908=ORIENTED_EDGE('',*,*,#4907,.T.);
#4910=ORIENTED_EDGE('',*,*,#4909,.T.);
#4912=ORIENTED_EDGE('',*,*,#4911,.T.);
#4914=ORIENTED_EDGE('',*,*,#4913,.T.);
#4916=ORIENTED_EDGE('',*,*,#4915,.T.);
#4918=ORIENTED_EDGE('',*,*,#4917,.T.);
#4920=ORIENTED_EDGE('',*,*,#4919,.F.);
#4922=ORIENTED_EDGE('',*,*,#4921,.T.);
#4924=ORIENTED_EDGE('',*,*,#4923,.F.);
#4926=ORIENTED_EDGE('',*,*,#4925,.T.);
#4927=EDGE_LOOP('',(#4720,#4722,#4724,#4726,#4728,#4730,#4732,#4734,#4736,#4738,
#4740,#4742,#4744,#4746,#4748,#4750,#4752,#4754,#4756,#4758,#4760,#4762,#4764,
#4766,#4768,#4770,#4772,#4774,#4776,#4778,#4780,#4782,#4784,#4786,#4788,#4790,
#4792,#4794,#4796,#4798,#4800,#4802,#4804,#4806,#4808,#4810,#4812,#4814,#4816,
#4818,#4820,#4822,#4824,#4826,#4828,#4830,#4832,#4834,#4836,#4838,#4840,#4842,
#4844,#4846,#4848,#4850,#4852,#4854,#4856,#4858,#4860,#4862,#4864,#4866,#4868,
#4870,#4872,#4874,#4876,#4878,#4880,#4882,#4884,#4886,#4888,#4890,#4892,#4894,
#4896,#4898,#4900,#4902,#4904,#4906,#4908,#4910,#4912,#4914,#4916,#4918,#4920,
#4922,#4924,#4926));
#4928=FACE_OUTER_BOUND('',#4927,.F.);
#4930=ORIENTED_EDGE('',*,*,#4929,.T.);
#4932=ORIENTED_EDGE('',*,*,#4931,.T.);
#4933=EDGE_LOOP('',(#4930,#4932));
#4934=FACE_BOUND('',#4933,.F.);
#4936=ORIENTED_EDGE('',*,*,#4935,.T.);
#4938=ORIENTED_EDGE('',*,*,#4937,.T.);
#4939=EDGE_LOOP('',(#4936,#4938));
#4940=FACE_BOUND('',#4939,.F.);
#4942=ORIENTED_EDGE('',*,*,#4941,.F.);
#4944=ORIENTED_EDGE('',*,*,#4943,.F.);
#4945=EDGE_LOOP('',(#4942,#4944));
#4946=FACE_BOUND('',#4945,.F.);
#4948=ORIENTED_EDGE('',*,*,#4947,.F.);
#4950=ORIENTED_EDGE('',*,*,#4949,.T.);
#4952=ORIENTED_EDGE('',*,*,#4951,.T.);
#4954=ORIENTED_EDGE('',*,*,#4953,.F.);
#4956=ORIENTED_EDGE('',*,*,#4955,.F.);
#4958=ORIENTED_EDGE('',*,*,#4957,.T.);
#4960=ORIENTED_EDGE('',*,*,#4959,.F.);
#4962=ORIENTED_EDGE('',*,*,#4961,.F.);
#4964=ORIENTED_EDGE('',*,*,#4963,.T.);
#4966=ORIENTED_EDGE('',*,*,#4965,.T.);
#4968=ORIENTED_EDGE('',*,*,#4967,.T.);
#4970=ORIENTED_EDGE('',*,*,#4969,.T.);
#4972=ORIENTED_EDGE('',*,*,#4971,.F.);
#4974=ORIENTED_EDGE('',*,*,#4973,.T.);
#4976=ORIENTED_EDGE('',*,*,#4975,.F.);
#4978=ORIENTED_EDGE('',*,*,#4977,.T.);
#4980=ORIENTED_EDGE('',*,*,#4979,.F.);
#4981=EDGE_LOOP('',(#4948,#4950,#4952,#4954,#4956,#4958,#4960,#4962,#4964,#4966,
#4968,#4970,#4972,#4974,#4976,#4978,#4980));
#4982=FACE_BOUND('',#4981,.F.);
#4984=ORIENTED_EDGE('',*,*,#4983,.F.);
#4986=ORIENTED_EDGE('',*,*,#4985,.F.);
#4987=EDGE_LOOP('',(#4984,#4986));
#4988=FACE_BOUND('',#4987,.F.);
#4989=ADVANCED_FACE('',(#4928,#4934,#4940,#4946,#4982,#4988),#4718,.F.);
#4990=CARTESIAN_POINT('',(1.846957646805E2,-5.612702888721E1,1.998856175288E0));
#4991=DIRECTION('',(0.E0,0.E0,1.E0));
#4992=DIRECTION('',(0.E0,-1.E0,0.E0));
#4993=AXIS2_PLACEMENT_3D('',#4990,#4991,#4992);
#4994=CYLINDRICAL_SURFACE('',#4993,1.689133695277E0);
#4995=ORIENTED_EDGE('',*,*,#4983,.T.);
#4997=ORIENTED_EDGE('',*,*,#4996,.F.);
#4999=ORIENTED_EDGE('',*,*,#4998,.F.);
#5001=ORIENTED_EDGE('',*,*,#5000,.T.);
#5002=EDGE_LOOP('',(#4995,#4997,#4999,#5001));
#5003=FACE_OUTER_BOUND('',#5002,.F.);
#5004=ADVANCED_FACE('',(#5003),#4994,.F.);
#5005=CARTESIAN_POINT('',(1.846957646805E2,-5.612702888721E1,1.998856175288E0));
#5006=DIRECTION('',(0.E0,0.E0,1.E0));
#5007=DIRECTION('',(0.E0,-1.E0,0.E0));
#5008=AXIS2_PLACEMENT_3D('',#5005,#5006,#5007);
#5009=CYLINDRICAL_SURFACE('',#5008,1.689133695277E0);
#5010=ORIENTED_EDGE('',*,*,#4985,.T.);
#5011=ORIENTED_EDGE('',*,*,#5000,.F.);
#5013=ORIENTED_EDGE('',*,*,#5012,.F.);
#5014=ORIENTED_EDGE('',*,*,#4996,.T.);
#5015=EDGE_LOOP('',(#5010,#5011,#5013,#5014));
#5016=FACE_OUTER_BOUND('',#5015,.F.);
#5017=ADVANCED_FACE('',(#5016),#5009,.F.);
#5018=CARTESIAN_POINT('',(0.E0,-5.895407109838E1,1.998856175288E0));
#5019=DIRECTION('',(0.E0,0.E0,1.E0));
#5020=DIRECTION('',(0.E0,-1.E0,0.E0));
#5021=AXIS2_PLACEMENT_3D('',#5018,#5019,#5020);
#5022=PLANE('',#5021);
#5024=ORIENTED_EDGE('',*,*,#5023,.F.);
#5026=ORIENTED_EDGE('',*,*,#5025,.F.);
#5028=ORIENTED_EDGE('',*,*,#5027,.T.);
#5030=ORIENTED_EDGE('',*,*,#5029,.F.);
#5032=ORIENTED_EDGE('',*,*,#5031,.T.);
#5034=ORIENTED_EDGE('',*,*,#5033,.F.);
#5036=ORIENTED_EDGE('',*,*,#5035,.F.);
#5038=ORIENTED_EDGE('',*,*,#5037,.F.);
#5039=EDGE_LOOP('',(#5024,#5026,#5028,#5030,#5032,#5034,#5036,#5038));
#5040=FACE_OUTER_BOUND('',#5039,.F.);
#5041=ORIENTED_EDGE('',*,*,#4998,.T.);
#5042=ORIENTED_EDGE('',*,*,#5012,.T.);
#5043=EDGE_LOOP('',(#5041,#5042));
#5044=FACE_BOUND('',#5043,.F.);
#5045=ADVANCED_FACE('',(#5040,#5044),#5022,.T.);
#5046=CARTESIAN_POINT('',(1.883304467814E2,-5.895407109838E1,2.011276242783E1));
#5047=DIRECTION('',(1.E0,0.E0,0.E0));
#5048=DIRECTION('',(0.E0,1.E0,0.E0));
#5049=AXIS2_PLACEMENT_3D('',#5046,#5047,#5048);
#5050=PLANE('',#5049);
#5052=ORIENTED_EDGE('',*,*,#5051,.T.);
#5054=ORIENTED_EDGE('',*,*,#5053,.T.);
#5055=ORIENTED_EDGE('',*,*,#5023,.T.);
#5057=ORIENTED_EDGE('',*,*,#5056,.F.);
#5058=EDGE_LOOP('',(#5052,#5054,#5055,#5057));
#5059=FACE_OUTER_BOUND('',#5058,.F.);
#5060=ADVANCED_FACE('',(#5059),#5050,.F.);
#5061=CARTESIAN_POINT('',(1.893304467814E2,-5.573563509838E1,2.809445463442E0));
#5062=DIRECTION('',(0.E0,-1.E0,0.E0));
#5063=DIRECTION('',(-9.690485461684E-2,0.E0,9.952936497093E-1));
#5064=AXIS2_PLACEMENT_3D('',#5061,#5062,#5063);
#5065=CYLINDRICAL_SURFACE('',#5064,1.E0);
#5067=ORIENTED_EDGE('',*,*,#5066,.T.);
#5069=ORIENTED_EDGE('',*,*,#5068,.T.);
#5070=ORIENTED_EDGE('',*,*,#5051,.F.);
#5072=ORIENTED_EDGE('',*,*,#5071,.F.);
#5073=EDGE_LOOP('',(#5067,#5069,#5070,#5072));
#5074=FACE_OUTER_BOUND('',#5073,.F.);
#5075=ADVANCED_FACE('',(#5074),#5065,.T.);
#5076=CARTESIAN_POINT('',(1.891124108585E2,-2.099188669337E2,5.048856175288E0));
#5077=DIRECTION('',(0.E0,1.E0,0.E0));
#5078=DIRECTION('',(8.799568606961E-1,0.E0,-4.750536004641E-1));
#5079=AXIS2_PLACEMENT_3D('',#5076,#5077,#5078);
#5080=CYLINDRICAL_SURFACE('',#5079,1.25E0);
#5082=ORIENTED_EDGE('',*,*,#5081,.F.);
#5084=ORIENTED_EDGE('',*,*,#5083,.F.);
#5085=ORIENTED_EDGE('',*,*,#5066,.F.);
#5087=ORIENTED_EDGE('',*,*,#5086,.F.);
#5089=ORIENTED_EDGE('',*,*,#5088,.T.);
#5091=ORIENTED_EDGE('',*,*,#5090,.F.);
#5093=ORIENTED_EDGE('',*,*,#5092,.F.);
#5095=ORIENTED_EDGE('',*,*,#5094,.F.);
#5097=ORIENTED_EDGE('',*,*,#5096,.F.);
#5099=ORIENTED_EDGE('',*,*,#5098,.F.);
#5100=EDGE_LOOP('',(#5082,#5084,#5085,#5087,#5089,#5091,#5093,#5095,#5097,
#5099));
#5101=FACE_OUTER_BOUND('',#5100,.F.);
#5102=ADVANCED_FACE('',(#5101),#5080,.F.);
#5103=CARTESIAN_POINT('',(1.891124108585E2,-5.795407109838E1,5.048856175288E0));
#5104=DIRECTION('',(0.E0,1.E0,0.E0));
#5105=DIRECTION('',(-1.180059890197E-1,0.E0,-9.930128833784E-1));
#5106=AXIS2_PLACEMENT_3D('',#5103,#5104,#5105);
#5107=TOROIDAL_SURFACE('',#5106,2.25E0,1.E0);
#5108=ORIENTED_EDGE('',*,*,#5081,.T.);
#5110=ORIENTED_EDGE('',*,*,#5109,.T.);
#5112=ORIENTED_EDGE('',*,*,#5111,.F.);
#5114=ORIENTED_EDGE('',*,*,#5113,.F.);
#5115=EDGE_LOOP('',(#5108,#5110,#5112,#5114));
#5116=FACE_OUTER_BOUND('',#5115,.F.);
#5117=ADVANCED_FACE('',(#5116),#5107,.T.);
#5118=CARTESIAN_POINT('',(1.910157427555E2,-5.795407109838E1,3.838150607609E0));
#5119=DIRECTION('',(4.750536004641E-1,0.E0,8.799568606961E-1));
#5120=DIRECTION('',(-8.799568606961E-1,0.E0,4.750536004641E-1));
#5121=AXIS2_PLACEMENT_3D('',#5118,#5119,#5120);
#5122=CYLINDRICAL_SURFACE('',#5121,1.E0);
#5124=ORIENTED_EDGE('',*,*,#5123,.T.);
#5126=ORIENTED_EDGE('',*,*,#5125,.T.);
#5128=ORIENTED_EDGE('',*,*,#5127,.F.);
#5129=ORIENTED_EDGE('',*,*,#5109,.F.);
#5130=EDGE_LOOP('',(#5124,#5126,#5128,#5129));
#5131=FACE_OUTER_BOUND('',#5130,.F.);
#5132=ADVANCED_FACE('',(#5131),#5122,.T.);
#5133=CARTESIAN_POINT('',(1.898581099134E2,-5.895407109838E1,3.798856175288E0));
#5134=DIRECTION('',(8.799568606961E-1,0.E0,-4.750536004641E-1));
#5135=DIRECTION('',(4.750536004641E-1,0.E0,8.799568606961E-1));
#5136=AXIS2_PLACEMENT_3D('',#5133,#5134,#5135);
#5137=PLANE('',#5136);
#5138=ORIENTED_EDGE('',*,*,#5123,.F.);
#5139=ORIENTED_EDGE('',*,*,#5098,.T.);
#5141=ORIENTED_EDGE('',*,*,#5140,.F.);
#5143=ORIENTED_EDGE('',*,*,#5142,.F.);
#5144=EDGE_LOOP('',(#5138,#5139,#5141,#5143));
#5145=FACE_OUTER_BOUND('',#5144,.F.);
#5146=ADVANCED_FACE('',(#5145),#5137,.F.);
#5147=CARTESIAN_POINT('',(1.952211589386E2,5.584592890162E1,1.162797646898E1));
#5148=DIRECTION('',(-4.750536004641E-1,0.E0,-8.799568606961E-1));
#5149=DIRECTION('',(-8.799568606961E-1,0.E0,4.750536004641E-1));
#5150=AXIS2_PLACEMENT_3D('',#5147,#5148,#5149);
#5151=CYLINDRICAL_SURFACE('',#5150,1.E0);
#5152=ORIENTED_EDGE('',*,*,#5140,.T.);
#5154=ORIENTED_EDGE('',*,*,#5153,.T.);
#5156=ORIENTED_EDGE('',*,*,#5155,.F.);
#5158=ORIENTED_EDGE('',*,*,#5157,.F.);
#5159=EDGE_LOOP('',(#5152,#5154,#5156,#5158));
#5160=FACE_OUTER_BOUND('',#5159,.F.);
#5161=ADVANCED_FACE('',(#5160),#5151,.T.);
#5162=CARTESIAN_POINT('',(1.891124108585E2,5.584592890162E1,5.048856175288E0));
#5163=DIRECTION('',(0.E0,1.E0,0.E0));
#5164=DIRECTION('',(9.337385190149E-1,0.E0,-3.579558326218E-1));
#5165=AXIS2_PLACEMENT_3D('',#5162,#5163,#5164);
#5166=TOROIDAL_SURFACE('',#5165,2.25E0,1.E0);
#5167=ORIENTED_EDGE('',*,*,#5096,.T.);
#5169=ORIENTED_EDGE('',*,*,#5168,.T.);
#5171=ORIENTED_EDGE('',*,*,#5170,.F.);
#5172=ORIENTED_EDGE('',*,*,#5153,.F.);
#5173=EDGE_LOOP('',(#5167,#5169,#5171,#5172));
#5174=FACE_OUTER_BOUND('',#5173,.F.);
#5175=ADVANCED_FACE('',(#5174),#5166,.T.);
#5176=CARTESIAN_POINT('',(1.894059071131E2,5.576884431121E1,3.831979035449E0));
#5177=CARTESIAN_POINT('',(1.893955367447E2,5.578038040714E1,3.829344100990E0));
#5178=CARTESIAN_POINT('',(1.893770502444E2,5.578942661045E1,3.825293224962E0));
#5179=CARTESIAN_POINT('',(1.893519955691E2,5.578171055145E1,3.820077541037E0));
#5180=CARTESIAN_POINT('',(1.893330967474E2,5.576335018332E1,3.816295420791E0));
#5181=CARTESIAN_POINT('',(1.893169415426E2,5.573447962992E1,3.813161368769E0));
#5182=CARTESIAN_POINT('',(1.893040761300E2,5.569591887546E1,3.810730212240E0));
#5183=CARTESIAN_POINT('',(1.892954506561E2,5.564880354004E1,3.809134030185E0));
#5184=CARTESIAN_POINT('',(1.892921615083E2,5.559256029913E1,3.808531531909E0));
#5185=CARTESIAN_POINT('',(1.892948614027E2,5.555377362642E1,3.809028606804E0));
#5186=CARTESIAN_POINT('',(1.892978552528E2,5.553418237251E1,3.809493140081E0));
#5187=CARTESIAN_POINT('',(1.896463394333E2,5.638435838143E1,3.936394299439E0));
#5188=CARTESIAN_POINT('',(1.895614384318E2,5.643359911048E1,3.910541354577E0));
#5189=CARTESIAN_POINT('',(1.894038196873E2,5.647288870279E1,3.869424279083E0));
#5190=CARTESIAN_POINT('',(1.891786042118E2,5.643941426633E1,3.827891992059E0));
#5191=CARTESIAN_POINT('',(1.890024132419E2,5.635765212422E1,3.804635578838E0));
#5192=CARTESIAN_POINT('',(1.888481806718E2,5.622715786608E1,3.791382447367E0));
#5193=CARTESIAN_POINT('',(1.887240192619E2,5.605168968587E1,3.785445723712E0));
#5194=CARTESIAN_POINT('',(1.886405882754E2,5.583691870835E1,3.783869409148E0));
#5195=CARTESIAN_POINT('',(1.886087424600E2,5.558057184228E1,3.783801519365E0));
#5196=CARTESIAN_POINT('',(1.886349850683E2,5.540380592721E1,3.783838017164E0));
#5197=CARTESIAN_POINT('',(1.886639694088E2,5.531447702154E1,3.784283775263E0));
#5198=CARTESIAN_POINT('',(1.899421120436E2,5.680710207366E1,3.507224428173E0));
#5199=CARTESIAN_POINT('',(1.897989616941E2,5.688223887331E1,3.463472548673E0));
#5200=CARTESIAN_POINT('',(1.895329662547E2,5.694230004916E1,3.393845427265E0));
#5201=CARTESIAN_POINT('',(1.891524751147E2,5.689113439797E1,3.323862526397E0));
#5202=CARTESIAN_POINT('',(1.888545916645E2,5.676582702867E1,3.284941167136E0));
#5203=CARTESIAN_POINT('',(1.885937129563E2,5.656553618546E1,3.263063525165E0));
#5204=CARTESIAN_POINT('',(1.883836552517E2,5.629603806596E1,3.253580931461E0));
#5205=CARTESIAN_POINT('',(1.882424997157E2,5.596611884311E1,3.251356916347E0));
#5206=CARTESIAN_POINT('',(1.881886193018E2,5.557233800205E1,3.251426083819E0));
#5207=CARTESIAN_POINT('',(1.882330228210E2,5.530080600901E1,3.251335382188E0));
#5208=CARTESIAN_POINT('',(1.882820617867E2,5.516358030647E1,3.251960234210E0));
#5209=CARTESIAN_POINT('',(1.900806761013E2,5.673328227283E1,2.852880533358E0));
#5210=CARTESIAN_POINT('',(1.899374169789E2,5.680389708242E1,2.809411371550E0));
#5211=CARTESIAN_POINT('',(1.896716823218E2,5.686033110974E1,2.740318317314E0));
#5212=CARTESIAN_POINT('',(1.892923852341E2,5.681225471091E1,2.670196042170E0));
#5213=CARTESIAN_POINT('',(1.889958599217E2,5.669455123980E1,2.630676265971E0));
#5214=CARTESIAN_POINT('',(1.887364046136E2,5.650644832536E1,2.607866449466E0));
#5215=CARTESIAN_POINT('',(1.885275773241E2,5.625336977999E1,2.597345824671E0));
#5216=CARTESIAN_POINT('',(1.883872603600E2,5.594355782472E1,2.594271993131E0));
#5217=CARTESIAN_POINT('',(1.883337019742E2,5.557377580102E1,2.593982174197E0));
#5218=CARTESIAN_POINT('',(1.883778337626E2,5.531879192716E1,2.594189059171E0));
#5219=CARTESIAN_POINT('',(1.884265797841E2,5.518992999697E1,2.595062173301E0));
#5220=(BOUNDED_SURFACE()B_SPLINE_SURFACE(3,3,((#5176,#5177,#5178,#5179,#5180,
#5181,#5182,#5183,#5184,#5185,#5186),(#5187,#5188,#5189,#5190,#5191,#5192,#5193,
#5194,#5195,#5196,#5197),(#5198,#5199,#5200,#5201,#5202,#5203,#5204,#5205,#5206,
#5207,#5208),(#5209,#5210,#5211,#5212,#5213,#5214,#5215,#5216,#5217,#5218,
#5219)),.UNSPECIFIED.,.F.,.F.,.F.)B_SPLINE_SURFACE_WITH_KNOTS((4,4),(4,1,1,1,1,
1,1,1,4),(0.E0,1.E0),(-2.636810885950E-1,0.E0,1.633500883848E-1,
3.232599496274E-1,4.835654123274E-1,6.462374821963E-1,8.188663843596E-1,1.E0,
1.214383706185E0),.UNSPECIFIED.)GEOMETRIC_REPRESENTATION_ITEM()RATIONAL_B_SPLINE_SURFACE(((1.219000239967E0,1.219000239967E0,1.219000239967E0,1.219000239967E0,
1.219000239967E0,1.219000239967E0,1.219000239967E0,1.219000239967E0,
1.219000239967E0,1.219000239967E0,1.219000239967E0),(9.269999200108E-1,
9.269999200108E-1,9.269999200108E-1,9.269999200108E-1,9.269999200108E-1,
9.269999200108E-1,9.269999200108E-1,9.269999200108E-1,9.269999200108E-1,
9.269999200108E-1,9.269999200108E-1),(9.269999200108E-1,9.269999200108E-1,
9.269999200108E-1,9.269999200108E-1,9.269999200108E-1,9.269999200108E-1,
9.269999200108E-1,9.269999200108E-1,9.269999200108E-1,9.269999200108E-1,
9.269999200108E-1),(1.219000239967E0,1.219000239967E0,1.219000239967E0,
1.219000239967E0,1.219000239967E0,1.219000239967E0,1.219000239967E0,
1.219000239967E0,1.219000239967E0,1.219000239967E0,1.219000239967E0)))REPRESENTATION_ITEM('')SURFACE());
#5221=ORIENTED_EDGE('',*,*,#5094,.T.);
#5223=ORIENTED_EDGE('',*,*,#5222,.T.);
#5225=ORIENTED_EDGE('',*,*,#5224,.F.);
#5226=ORIENTED_EDGE('',*,*,#5168,.F.);
#5227=EDGE_LOOP('',(#5221,#5223,#5225,#5226));
#5228=FACE_OUTER_BOUND('',#5227,.F.);
#5229=ADVANCED_FACE('',(#5228),#5220,.T.);
#5230=CARTESIAN_POINT('',(1.893304467814E2,5.574969690162E1,2.809445463442E0));
#5231=DIRECTION('',(0.E0,-1.E0,0.E0));
#5232=DIRECTION('',(-9.690485461684E-2,0.E0,9.952936497093E-1));
#5233=AXIS2_PLACEMENT_3D('',#5230,#5231,#5232);
#5234=CYLINDRICAL_SURFACE('',#5233,1.E0);
#5235=ORIENTED_EDGE('',*,*,#5092,.T.);
#5237=ORIENTED_EDGE('',*,*,#5236,.T.);
#5239=ORIENTED_EDGE('',*,*,#5238,.F.);
#5240=ORIENTED_EDGE('',*,*,#5222,.F.);
#5241=EDGE_LOOP('',(#5235,#5237,#5239,#5240));
#5242=FACE_OUTER_BOUND('',#5241,.F.);
#5243=ADVANCED_FACE('',(#5242),#5234,.T.);
#5244=CARTESIAN_POINT('',(1.894494504860E2,5.392713332748E1,3.802184202984E0));
#5245=CARTESIAN_POINT('',(1.894499260274E2,5.390007227645E1,3.802230744737E0));
#5246=CARTESIAN_POINT('',(1.894511741344E2,5.375813497530E1,3.802350181206E0));
#5247=CARTESIAN_POINT('',(1.894415507370E2,5.350055070752E1,3.801430594367E0));
#5248=CARTESIAN_POINT('',(1.894021440214E2,5.315054130759E1,3.798069235920E0));
#5249=CARTESIAN_POINT('',(1.893329133075E2,5.278874271483E1,3.793616903520E0));
#5250=CARTESIAN_POINT('',(1.892590095792E2,5.252303080549E1,3.791462457055E0));
#5251=CARTESIAN_POINT('',(1.892104945654E2,5.237704780570E1,3.791704103327E0));
#5252=CARTESIAN_POINT('',(1.892023166193E2,5.235309555519E1,3.791789276699E0));
#5253=CARTESIAN_POINT('',(1.887505734769E2,5.391523869717E1,3.886469804994E0));
#5254=CARTESIAN_POINT('',(1.887509815519E2,5.389214231125E1,3.886516445713E0));
#5255=CARTESIAN_POINT('',(1.887520529529E2,5.377099346197E1,3.886636112922E0));
#5256=CARTESIAN_POINT('',(1.887437896355E2,5.355113587954E1,3.885714745385E0));
#5257=CARTESIAN_POINT('',(1.887100331456E2,5.325297513577E1,3.882349015718E0));
#5258=CARTESIAN_POINT('',(1.886510286004E2,5.294602353113E1,3.877896851596E0));
#5259=CARTESIAN_POINT('',(1.885885829295E2,5.272211320739E1,3.875748783466E0));
#5260=CARTESIAN_POINT('',(1.885479462405E2,5.259979720580E1,3.875989737075E0));
#5261=CARTESIAN_POINT('',(1.885411062782E2,5.257974831297E1,3.876074635877E0));
#5262=CARTESIAN_POINT('',(1.882528289888E2,5.390583477678E1,3.388638057786E0));
#5263=CARTESIAN_POINT('',(1.882531783439E2,5.388587083146E1,3.388684113958E0));
#5264=CARTESIAN_POINT('',(1.882540950174E2,5.378116274613E1,3.388802418307E0));
#5265=CARTESIAN_POINT('',(1.882470286984E2,5.359114091414E1,3.387891568438E0));
#5266=CARTESIAN_POINT('',(1.882180390219E2,5.333254630476E1,3.384551657320E0));
#5267=CARTESIAN_POINT('',(1.881669094063E2,5.306440690016E1,3.380098499268E0));
#5268=CARTESIAN_POINT('',(1.881119674738E2,5.286646612105E1,3.377912757590E0));
#5269=CARTESIAN_POINT('',(1.880756624546E2,5.275724939356E1,3.378157802402E0));
#5270=CARTESIAN_POINT('',(1.880695360410E2,5.273931613731E1,3.378244322951E0));
#5271=CARTESIAN_POINT('',(1.883371223415E2,5.390611803636E1,2.689661057355E0));
#5272=CARTESIAN_POINT('',(1.883374666595E2,5.388605716699E1,2.689706292798E0));
#5273=CARTESIAN_POINT('',(1.883383689910E2,5.378086065333E1,2.689822683633E0));
#5274=CARTESIAN_POINT('',(1.883314205706E2,5.358995144820E1,2.688926601018E0));
#5275=CARTESIAN_POINT('',(1.883026664304E2,5.332836196230E1,2.685622940244E0));
#5276=CARTESIAN_POINT('',(1.882510341150E2,5.305329843840E1,2.681168386671E0));
#5277=CARTESIAN_POINT('',(1.881938992703E2,5.284562163760E1,2.678929749727E0));
#5278=CARTESIAN_POINT('',(1.881550644005E2,5.272891207348E1,2.679180538762E0));
#5279=CARTESIAN_POINT('',(1.881484810483E2,5.270968771482E1,2.679269336312E0));
#5280=(BOUNDED_SURFACE()B_SPLINE_SURFACE(3,3,((#5244,#5245,#5246,#5247,#5248,
#5249,#5250,#5251,#5252),(#5253,#5254,#5255,#5256,#5257,#5258,#5259,#5260,
#5261),(#5262,#5263,#5264,#5265,#5266,#5267,#5268,#5269,#5270),(#5271,#5272,
#5273,#5274,#5275,#5276,#5277,#5278,#5279)),.UNSPECIFIED.,.F.,.F.,.F.)B_SPLINE_SURFACE_WITH_KNOTS((4,4),(4,1,1,1,1,1,4),(0.E0,1.E0),(-5.533474966318E-2,0.E0,
2.347929522806E-1,4.710542451030E-1,7.233820924739E-1,1.E0,1.054667112859E0),
.UNSPECIFIED.)GEOMETRIC_REPRESENTATION_ITEM()RATIONAL_B_SPLINE_SURFACE(((
1.236576482419E0,1.236576482419E0,1.236576482419E0,1.236576482419E0,
1.236576482419E0,1.236576482419E0,1.236576482419E0,1.236576482419E0,
1.236576482419E0),(9.211411725270E-1,9.211411725270E-1,9.211411725270E-1,
9.211411725270E-1,9.211411725270E-1,9.211411725270E-1,9.211411725270E-1,
9.211411725270E-1,9.211411725270E-1),(9.211411725270E-1,9.211411725270E-1,
9.211411725270E-1,9.211411725270E-1,9.211411725270E-1,9.211411725270E-1,
9.211411725270E-1,9.211411725270E-1,9.211411725270E-1),(1.236576482419E0,
1.236576482419E0,1.236576482419E0,1.236576482419E0,1.236576482419E0,
1.236576482419E0,1.236576482419E0,1.236576482419E0,1.236576482419E0)))REPRESENTATION_ITEM('')SURFACE());
#5281=ORIENTED_EDGE('',*,*,#5090,.T.);
#5283=ORIENTED_EDGE('',*,*,#5282,.T.);
#5285=ORIENTED_EDGE('',*,*,#5284,.F.);
#5286=ORIENTED_EDGE('',*,*,#5236,.F.);
#5287=EDGE_LOOP('',(#5281,#5283,#5285,#5286));
#5288=FACE_OUTER_BOUND('',#5287,.F.);
#5289=ADVANCED_FACE('',(#5288),#5280,.T.);
#5290=CARTESIAN_POINT('',(1.848304467814E2,5.384592890162E1,2.798856175288E0));
#5291=DIRECTION('',(0.E0,0.E0,-1.E0));
#5292=DIRECTION('',(9.844035726916E-1,-1.759250012705E-1,0.E0));
#5293=AXIS2_PLACEMENT_3D('',#5290,#5291,#5292);
#5294=TOROIDAL_SURFACE('',#5293,4.5E0,1.E0);
#5296=ORIENTED_EDGE('',*,*,#5295,.T.);
#5298=ORIENTED_EDGE('',*,*,#5297,.T.);
#5300=ORIENTED_EDGE('',*,*,#5299,.F.);
#5301=ORIENTED_EDGE('',*,*,#5282,.F.);
#5302=EDGE_LOOP('',(#5296,#5298,#5300,#5301));
#5303=FACE_OUTER_BOUND('',#5302,.F.);
#5304=ADVANCED_FACE('',(#5303),#5294,.T.);
#5305=CARTESIAN_POINT('',(1.818304467814E2,-5.895407109838E1,3.798856175288E0));
#5306=DIRECTION('',(0.E0,0.E0,-1.E0));
#5307=DIRECTION('',(1.E0,0.E0,0.E0));
#5308=AXIS2_PLACEMENT_3D('',#5305,#5306,#5307);
#5309=PLANE('',#5308);
#5311=ORIENTED_EDGE('',*,*,#5310,.F.);
#5313=ORIENTED_EDGE('',*,*,#5312,.F.);
#5315=ORIENTED_EDGE('',*,*,#5314,.F.);
#5317=ORIENTED_EDGE('',*,*,#5316,.F.);
#5319=ORIENTED_EDGE('',*,*,#5318,.F.);
#5321=ORIENTED_EDGE('',*,*,#5320,.F.);
#5322=ORIENTED_EDGE('',*,*,#5295,.F.);
#5323=ORIENTED_EDGE('',*,*,#5088,.F.);
#5324=EDGE_LOOP('',(#5311,#5313,#5315,#5317,#5319,#5321,#5322,#5323));
#5325=FACE_OUTER_BOUND('',#5324,.F.);
#5326=ADVANCED_FACE('',(#5325),#5309,.F.);
#5327=CARTESIAN_POINT('',(1.848304467814E2,-5.595407109838E1,2.798856175288E0));
#5328=DIRECTION('',(0.E0,0.E0,1.E0));
#5329=DIRECTION('',(-6.236977847161E-2,9.980531101767E-1,0.E0));
#5330=AXIS2_PLACEMENT_3D('',#5327,#5328,#5329);
#5331=TOROIDAL_SURFACE('',#5330,4.5E0,1.E0);
#5332=ORIENTED_EDGE('',*,*,#5310,.T.);
#5334=ORIENTED_EDGE('',*,*,#5333,.T.);
#5336=ORIENTED_EDGE('',*,*,#5335,.F.);
#5338=ORIENTED_EDGE('',*,*,#5337,.F.);
#5339=EDGE_LOOP('',(#5332,#5334,#5336,#5338));
#5340=FACE_OUTER_BOUND('',#5339,.F.);
#5341=ADVANCED_FACE('',(#5340),#5331,.T.);
#5342=CARTESIAN_POINT('',(1.892023438352E2,-5.446131935902E1,3.791788701269E0));
#5343=CARTESIAN_POINT('',(1.892105123889E2,-5.448524460616E1,3.791703933995E0));
#5344=CARTESIAN_POINT('',(1.892636555666E2,-5.464515341204E1,3.791440018838E0));
#5345=CARTESIAN_POINT('',(1.893502590008E2,-5.496227056221E1,3.794291773669E0));
#5346=CARTESIAN_POINT('',(1.894306948612E2,-5.543934173282E1,3.800323396390E0));
#5347=CARTESIAN_POINT('',(1.894517168665E2,-5.580496947344E1,3.802408827604E0));
#5348=CARTESIAN_POINT('',(1.894499259213E2,-5.600821266906E1,3.802229511453E0));
#5349=CARTESIAN_POINT('',(1.894494500957E2,-5.603527112218E1,3.802180261750E0));
#5350=CARTESIAN_POINT('',(1.885411290260E2,-5.468795881550E1,3.876074081595E0));
#5351=CARTESIAN_POINT('',(1.885479611589E2,-5.470798515267E1,3.875989581912E0));
#5352=CARTESIAN_POINT('',(1.885924746041E2,-5.484196937669E1,3.875726418123E0));
#5353=CARTESIAN_POINT('',(1.886657207118E2,-5.510933988960E1,3.878570097494E0));
#5354=CARTESIAN_POINT('',(1.887344536003E2,-5.551473332465E1,3.884605045317E0));
#5355=CARTESIAN_POINT('',(1.887525194401E2,-5.582680709353E1,3.886694962211E0));
#5356=CARTESIAN_POINT('',(1.887509814557E2,-5.600028297545E1,3.886515208345E0));
#5357=CARTESIAN_POINT('',(1.887505731396E2,-5.602337717228E1,3.886465824663E0));
#5358=CARTESIAN_POINT('',(1.880695564194E2,-5.484751944255E1,3.378243738967E0));
#5359=CARTESIAN_POINT('',(1.880756757791E2,-5.486543244957E1,3.378157658764E0));
#5360=CARTESIAN_POINT('',(1.881154440662E2,-5.498506766440E1,3.377890057035E0));
#5361=CARTESIAN_POINT('',(1.881797808182E2,-5.522120786350E1,3.380781433987E0));
#5362=CARTESIAN_POINT('',(1.882390669855E2,-5.557434971971E1,3.386796742144E0));
#5363=CARTESIAN_POINT('',(1.882544932096E2,-5.584407793431E1,3.388860164438E0));
#5364=CARTESIAN_POINT('',(1.882531782478E2,-5.599401169216E1,3.388682995925E0));
#5365=CARTESIAN_POINT('',(1.882528286822E2,-5.601397370200E1,3.388634403593E0));
#5366=CARTESIAN_POINT('',(1.881485029769E2,-5.481789543188E1,2.679268703024E0));
#5367=CARTESIAN_POINT('',(1.881550786698E2,-5.483709794148E1,2.679180403705E0));
#5368=CARTESIAN_POINT('',(1.881976176663E2,-5.496494048237E1,2.678906570918E0));
#5369=CARTESIAN_POINT('',(1.882643110316E2,-5.521226608774E1,2.681864917308E0));
#5370=CARTESIAN_POINT('',(1.883236359525E2,-5.557256871008E1,2.687852650536E0));
#5371=CARTESIAN_POINT('',(1.883387591103E2,-5.584356526423E1,2.689878873282E0));
#5372=CARTESIAN_POINT('',(1.883374665621E2,-5.599419799885E1,2.689705334714E0));
#5373=CARTESIAN_POINT('',(1.883371220283E2,-5.601425683711E1,2.689657853473E0));
#5374=(BOUNDED_SURFACE()B_SPLINE_SURFACE(3,3,((#5342,#5343,#5344,#5345,#5346,
#5347,#5348,#5349),(#5350,#5351,#5352,#5353,#5354,#5355,#5356,#5357),(#5358,
#5359,#5360,#5361,#5362,#5363,#5364,#5365),(#5366,#5367,#5368,#5369,#5370,#5371,
#5372,#5373)),.UNSPECIFIED.,.F.,.F.,.F.)B_SPLINE_SURFACE_WITH_KNOTS((4,4),(4,1,
1,1,1,4),(0.E0,1.E0),(-5.461301430646E-2,0.E0,3.083260693780E-1,
6.398365372857E-1,1.E0,1.055340352575E0),.UNSPECIFIED.)GEOMETRIC_REPRESENTATION_ITEM()RATIONAL_B_SPLINE_SURFACE(((1.236576488960E0,1.236576488960E0,
1.236576488960E0,1.236576488960E0,1.236576488960E0,1.236576488960E0,
1.236576488960E0,1.236576488960E0),(9.211411703466E-1,9.211411703466E-1,
9.211411703466E-1,9.211411703466E-1,9.211411703466E-1,9.211411703466E-1,
9.211411703466E-1,9.211411703466E-1),(9.211411703466E-1,9.211411703466E-1,
9.211411703466E-1,9.211411703466E-1,9.211411703466E-1,9.211411703466E-1,
9.211411703466E-1,9.211411703466E-1),(1.236576488960E0,1.236576488960E0,
1.236576488960E0,1.236576488960E0,1.236576488960E0,1.236576488960E0,
1.236576488960E0,1.236576488960E0)))REPRESENTATION_ITEM('')SURFACE());
#5375=ORIENTED_EDGE('',*,*,#5086,.T.);
#5376=ORIENTED_EDGE('',*,*,#5071,.T.);
#5378=ORIENTED_EDGE('',*,*,#5377,.F.);
#5379=ORIENTED_EDGE('',*,*,#5333,.F.);
#5380=EDGE_LOOP('',(#5375,#5376,#5378,#5379));
#5381=FACE_OUTER_BOUND('',#5380,.F.);
#5382=ADVANCED_FACE('',(#5381),#5374,.T.);
#5383=CARTESIAN_POINT('',(1.848304467814E2,-5.595407109838E1,2.011276242783E1));
#5384=DIRECTION('',(0.E0,0.E0,1.E0));
#5385=DIRECTION('',(0.E0,-1.E0,0.E0));
#5386=AXIS2_PLACEMENT_3D('',#5383,#5384,#5385);
#5387=CYLINDRICAL_SURFACE('',#5386,3.5E0);
#5388=ORIENTED_EDGE('',*,*,#5377,.T.);
#5389=ORIENTED_EDGE('',*,*,#5056,.T.);
#5390=ORIENTED_EDGE('',*,*,#5037,.T.);
#5392=ORIENTED_EDGE('',*,*,#5391,.F.);
#5393=ORIENTED_EDGE('',*,*,#5335,.T.);
#5394=EDGE_LOOP('',(#5388,#5389,#5390,#5392,#5393));
#5395=FACE_OUTER_BOUND('',#5394,.F.);
#5396=ADVANCED_FACE('',(#5395),#5387,.F.);
#5397=CARTESIAN_POINT('',(1.848304467814E2,-5.245407109838E1,2.011276242783E1));
#5398=DIRECTION('',(0.E0,1.E0,0.E0));
#5399=DIRECTION('',(-1.E0,0.E0,0.E0));
#5400=AXIS2_PLACEMENT_3D('',#5397,#5398,#5399);
#5401=PLANE('',#5400);
#5403=ORIENTED_EDGE('',*,*,#5402,.T.);
#5404=ORIENTED_EDGE('',*,*,#5391,.T.);
#5405=ORIENTED_EDGE('',*,*,#5035,.T.);
#5407=ORIENTED_EDGE('',*,*,#5406,.T.);
#5408=EDGE_LOOP('',(#5403,#5404,#5405,#5407));
#5409=FACE_OUTER_BOUND('',#5408,.F.);
#5410=ADVANCED_FACE('',(#5409),#5401,.F.);
#5411=CARTESIAN_POINT('',(1.828620107814E2,-5.145407109838E1,2.798856175288E0));
#5412=DIRECTION('',(1.E0,0.E0,0.E0));
#5413=DIRECTION('',(0.E0,0.E0,1.E0));
#5414=AXIS2_PLACEMENT_3D('',#5411,#5412,#5413);
#5415=CYLINDRICAL_SURFACE('',#5414,1.E0);
#5416=ORIENTED_EDGE('',*,*,#5312,.T.);
#5417=ORIENTED_EDGE('',*,*,#5337,.T.);
#5418=ORIENTED_EDGE('',*,*,#5402,.F.);
#5420=ORIENTED_EDGE('',*,*,#5419,.F.);
#5421=EDGE_LOOP('',(#5416,#5417,#5418,#5420));
#5422=FACE_OUTER_BOUND('',#5421,.F.);
#5423=ADVANCED_FACE('',(#5422),#5415,.T.);
#5424=CARTESIAN_POINT('',(1.819780933620E2,-5.063014704790E1,2.679139202328E0));
#5425=CARTESIAN_POINT('',(1.819033330957E2,-5.059122421781E1,3.378117376879E0));
#5426=CARTESIAN_POINT('',(1.823449036595E2,-5.082112141968E1,3.875949965515E0));
#5427=CARTESIAN_POINT('',(1.829648875532E2,-5.114390689046E1,3.791664236488E0));
#5428=CARTESIAN_POINT('',(1.812944397602E2,-5.194326136136E1,2.679139202328E0));
#5429=CARTESIAN_POINT('',(1.811733149394E2,-5.199339234470E1,3.378117376879E0));
#5430=CARTESIAN_POINT('',(1.818887371565E2,-5.169729432795E1,3.875949965515E0));
#5431=CARTESIAN_POINT('',(1.828932204442E2,-5.128156009127E1,3.791664236488E0));
#5432=CARTESIAN_POINT('',(1.823412567877E2,-5.299007823094E1,2.679139202328E0));
#5433=CARTESIAN_POINT('',(1.822911258226E2,-5.311120305940E1,3.378117376879E0));
#5434=CARTESIAN_POINT('',(1.825872237315E2,-5.239578079760E1,3.875949965515E0));
#5435=CARTESIAN_POINT('',(1.830029578167E2,-5.139129744717E1,3.791664236488E0));
#5436=CARTESIAN_POINT('',(1.836543709981E2,-5.230642443124E1,2.679139202328E0));
#5437=CARTESIAN_POINT('',(1.836932938394E2,-5.238118469166E1,3.378117376879E0));
#5438=CARTESIAN_POINT('',(1.834633965710E2,-5.193961416245E1,3.875949965515E0));
#5439=CARTESIAN_POINT('',(1.831406110067E2,-5.131963031750E1,3.791664236488E0));
#5440=(BOUNDED_SURFACE()B_SPLINE_SURFACE(3,3,((#5424,#5425,#5426,#5427),(#5428,
#5429,#5430,#5431),(#5432,#5433,#5434,#5435),(#5436,#5437,#5438,#5439)),
.UNSPECIFIED.,.F.,.F.,.F.)B_SPLINE_SURFACE_WITH_KNOTS((4,4),(4,4),(0.E0,1.E0),(
0.E0,1.E0),.UNSPECIFIED.)GEOMETRIC_REPRESENTATION_ITEM()RATIONAL_B_SPLINE_SURFACE(((1.901467955985E0,1.416427095490E0,1.416427095490E0,1.901467955985E0),(
1.014945982876E0,7.560458676573E-1,7.560458676573E-1,1.014945982876E0),(
1.014945982876E0,7.560458676573E-1,7.560458676573E-1,1.014945982876E0),(
1.901467955985E0,1.416427095490E0,1.416427095490E0,1.901467955985E0)))REPRESENTATION_ITEM('')SURFACE());
#5441=ORIENTED_EDGE('',*,*,#5314,.T.);
#5442=ORIENTED_EDGE('',*,*,#5419,.T.);
#5444=ORIENTED_EDGE('',*,*,#5443,.F.);
#5446=ORIENTED_EDGE('',*,*,#5445,.F.);
#5447=EDGE_LOOP('',(#5441,#5442,#5444,#5446));
#5448=FACE_OUTER_BOUND('',#5447,.F.);
#5449=ADVANCED_FACE('',(#5448),#5440,.T.);
#5450=CARTESIAN_POINT('',(1.830804467814E2,-5.120407109838E1,
-2.383545190982E1));
#5451=DIRECTION('',(0.E0,0.E0,1.E0));
#5452=DIRECTION('',(-1.E0,0.E0,0.E0));
#5453=AXIS2_PLACEMENT_3D('',#5450,#5451,#5452);
#5454=CYLINDRICAL_SURFACE('',#5453,1.25E0);
#5455=ORIENTED_EDGE('',*,*,#5443,.T.);
#5456=ORIENTED_EDGE('',*,*,#5406,.F.);
#5457=ORIENTED_EDGE('',*,*,#5033,.T.);
#5459=ORIENTED_EDGE('',*,*,#5458,.T.);
#5460=EDGE_LOOP('',(#5455,#5456,#5457,#5459));
#5461=FACE_OUTER_BOUND('',#5460,.F.);
#5462=ADVANCED_FACE('',(#5461),#5454,.T.);
#5463=CARTESIAN_POINT('',(1.818304467814E2,5.684592890162E1,
4.751166127193E-11));
#5464=DIRECTION('',(-1.E0,0.E0,0.E0));
#5465=DIRECTION('',(0.E0,-1.E0,0.E0));
#5466=AXIS2_PLACEMENT_3D('',#5463,#5464,#5465);
#5467=PLANE('',#5466);
#5469=ORIENTED_EDGE('',*,*,#5468,.F.);
#5471=ORIENTED_EDGE('',*,*,#5470,.T.);
#5472=ORIENTED_EDGE('',*,*,#5458,.F.);
#5473=ORIENTED_EDGE('',*,*,#5031,.F.);
#5475=ORIENTED_EDGE('',*,*,#5474,.T.);
#5476=ORIENTED_EDGE('',*,*,#4813,.F.);
#5477=EDGE_LOOP('',(#5469,#5471,#5472,#5473,#5475,#5476));
#5478=FACE_OUTER_BOUND('',#5477,.F.);
#5479=ADVANCED_FACE('',(#5478),#5467,.T.);
#5480=CARTESIAN_POINT('',(1.818304467814E2,5.684592890162E1,
4.751166127193E-11));
#5481=DIRECTION('',(-1.E0,0.E0,0.E0));
#5482=DIRECTION('',(0.E0,-1.E0,0.E0));
#5483=AXIS2_PLACEMENT_3D('',#5480,#5481,#5482);
#5484=PLANE('',#5483);
#5486=ORIENTED_EDGE('',*,*,#5485,.F.);
#5488=ORIENTED_EDGE('',*,*,#5487,.T.);
#5490=ORIENTED_EDGE('',*,*,#5489,.T.);
#5491=ORIENTED_EDGE('',*,*,#4807,.F.);
#5492=EDGE_LOOP('',(#5486,#5488,#5490,#5491));
#5493=FACE_OUTER_BOUND('',#5492,.F.);
#5494=ADVANCED_FACE('',(#5493),#5484,.T.);
#5495=CARTESIAN_POINT('',(1.818304467814E2,5.684592890162E1,
4.751166127193E-11));
#5496=DIRECTION('',(-1.E0,0.E0,0.E0));
#5497=DIRECTION('',(0.E0,-1.E0,0.E0));
#5498=AXIS2_PLACEMENT_3D('',#5495,#5496,#5497);
#5499=PLANE('',#5498);
#5501=ORIENTED_EDGE('',*,*,#5500,.F.);
#5503=ORIENTED_EDGE('',*,*,#5502,.T.);
#5505=ORIENTED_EDGE('',*,*,#5504,.T.);
#5506=ORIENTED_EDGE('',*,*,#4801,.F.);
#5507=EDGE_LOOP('',(#5501,#5503,#5505,#5506));
#5508=FACE_OUTER_BOUND('',#5507,.F.);
#5509=ADVANCED_FACE('',(#5508),#5499,.T.);
#5510=CARTESIAN_POINT('',(1.818304467814E2,5.684592890162E1,
4.751166127193E-11));
#5511=DIRECTION('',(-1.E0,0.E0,0.E0));
#5512=DIRECTION('',(0.E0,-1.E0,0.E0));
#5513=AXIS2_PLACEMENT_3D('',#5510,#5511,#5512);
#5514=PLANE('',#5513);
#5516=ORIENTED_EDGE('',*,*,#5515,.F.);
#5518=ORIENTED_EDGE('',*,*,#5517,.T.);
#5520=ORIENTED_EDGE('',*,*,#5519,.T.);
#5521=ORIENTED_EDGE('',*,*,#4795,.F.);
#5522=EDGE_LOOP('',(#5516,#5518,#5520,#5521));
#5523=FACE_OUTER_BOUND('',#5522,.F.);
#5524=ADVANCED_FACE('',(#5523),#5514,.T.);
#5525=CARTESIAN_POINT('',(1.818304467814E2,5.684592890162E1,
4.751166127193E-11));
#5526=DIRECTION('',(-1.E0,0.E0,0.E0));
#5527=DIRECTION('',(0.E0,-1.E0,0.E0));
#5528=AXIS2_PLACEMENT_3D('',#5525,#5526,#5527);
#5529=PLANE('',#5528);
#5531=ORIENTED_EDGE('',*,*,#5530,.F.);
#5533=ORIENTED_EDGE('',*,*,#5532,.T.);
#5535=ORIENTED_EDGE('',*,*,#5534,.T.);
#5536=ORIENTED_EDGE('',*,*,#4789,.F.);
#5537=EDGE_LOOP('',(#5531,#5533,#5535,#5536));
#5538=FACE_OUTER_BOUND('',#5537,.F.);
#5539=ADVANCED_FACE('',(#5538),#5529,.T.);
#5540=CARTESIAN_POINT('',(1.818304467814E2,5.684592890162E1,
4.751166127193E-11));
#5541=DIRECTION('',(-1.E0,0.E0,0.E0));
#5542=DIRECTION('',(0.E0,-1.E0,0.E0));
#5543=AXIS2_PLACEMENT_3D('',#5540,#5541,#5542);
#5544=PLANE('',#5543);
#5546=ORIENTED_EDGE('',*,*,#5545,.F.);
#5548=ORIENTED_EDGE('',*,*,#5547,.T.);
#5550=ORIENTED_EDGE('',*,*,#5549,.T.);
#5551=ORIENTED_EDGE('',*,*,#4783,.F.);
#5552=EDGE_LOOP('',(#5546,#5548,#5550,#5551));
#5553=FACE_OUTER_BOUND('',#5552,.F.);
#5554=ADVANCED_FACE('',(#5553),#5544,.T.);
#5555=CARTESIAN_POINT('',(1.818304467814E2,5.684592890162E1,
4.751166127193E-11));
#5556=DIRECTION('',(-1.E0,0.E0,0.E0));
#5557=DIRECTION('',(0.E0,-1.E0,0.E0));
#5558=AXIS2_PLACEMENT_3D('',#5555,#5556,#5557);
#5559=PLANE('',#5558);
#5561=ORIENTED_EDGE('',*,*,#5560,.F.);
#5563=ORIENTED_EDGE('',*,*,#5562,.T.);
#5565=ORIENTED_EDGE('',*,*,#5564,.T.);
#5566=ORIENTED_EDGE('',*,*,#4777,.F.);
#5567=EDGE_LOOP('',(#5561,#5563,#5565,#5566));
#5568=FACE_OUTER_BOUND('',#5567,.F.);
#5569=ADVANCED_FACE('',(#5568),#5559,.T.);
#5570=CARTESIAN_POINT('',(1.818304467814E2,5.684592890162E1,
4.751166127193E-11));
#5571=DIRECTION('',(-1.E0,0.E0,0.E0));
#5572=DIRECTION('',(0.E0,-1.E0,0.E0));
#5573=AXIS2_PLACEMENT_3D('',#5570,#5571,#5572);
#5574=PLANE('',#5573);
#5576=ORIENTED_EDGE('',*,*,#5575,.F.);
#5578=ORIENTED_EDGE('',*,*,#5577,.T.);
#5580=ORIENTED_EDGE('',*,*,#5579,.T.);
#5581=ORIENTED_EDGE('',*,*,#4771,.F.);
#5582=EDGE_LOOP('',(#5576,#5578,#5580,#5581));
#5583=FACE_OUTER_BOUND('',#5582,.F.);
#5584=ADVANCED_FACE('',(#5583),#5574,.T.);
#5585=CARTESIAN_POINT('',(1.818304467814E2,5.684592890162E1,
4.751166127193E-11));
#5586=DIRECTION('',(-1.E0,0.E0,0.E0));
#5587=DIRECTION('',(0.E0,-1.E0,0.E0));
#5588=AXIS2_PLACEMENT_3D('',#5585,#5586,#5587);
#5589=PLANE('',#5588);
#5591=ORIENTED_EDGE('',*,*,#5590,.F.);
#5593=ORIENTED_EDGE('',*,*,#5592,.T.);
#5595=ORIENTED_EDGE('',*,*,#5594,.T.);
#5596=ORIENTED_EDGE('',*,*,#4765,.F.);
#5597=EDGE_LOOP('',(#5591,#5593,#5595,#5596));
#5598=FACE_OUTER_BOUND('',#5597,.F.);
#5599=ADVANCED_FACE('',(#5598),#5589,.T.);
#5600=CARTESIAN_POINT('',(1.818304467814E2,5.684592890162E1,
4.751166127193E-11));
#5601=DIRECTION('',(-1.E0,0.E0,0.E0));
#5602=DIRECTION('',(0.E0,-1.E0,0.E0));
#5603=AXIS2_PLACEMENT_3D('',#5600,#5601,#5602);
#5604=PLANE('',#5603);
#5606=ORIENTED_EDGE('',*,*,#5605,.F.);
#5608=ORIENTED_EDGE('',*,*,#5607,.T.);
#5610=ORIENTED_EDGE('',*,*,#5609,.T.);
#5611=ORIENTED_EDGE('',*,*,#4759,.F.);
#5612=EDGE_LOOP('',(#5606,#5608,#5610,#5611));
#5613=FACE_OUTER_BOUND('',#5612,.F.);
#5614=ADVANCED_FACE('',(#5613),#5604,.T.);
#5615=CARTESIAN_POINT('',(1.818304467814E2,5.684592890162E1,
4.751166127193E-11));
#5616=DIRECTION('',(-1.E0,0.E0,0.E0));
#5617=DIRECTION('',(0.E0,-1.E0,0.E0));
#5618=AXIS2_PLACEMENT_3D('',#5615,#5616,#5617);
#5619=PLANE('',#5618);
#5621=ORIENTED_EDGE('',*,*,#5620,.F.);
#5623=ORIENTED_EDGE('',*,*,#5622,.T.);
#5625=ORIENTED_EDGE('',*,*,#5624,.T.);
#5626=ORIENTED_EDGE('',*,*,#4753,.F.);
#5627=EDGE_LOOP('',(#5621,#5623,#5625,#5626));
#5628=FACE_OUTER_BOUND('',#5627,.F.);
#5629=ADVANCED_FACE('',(#5628),#5619,.T.);
#5630=CARTESIAN_POINT('',(1.818304467814E2,5.684592890162E1,
4.751166127193E-11));
#5631=DIRECTION('',(-1.E0,0.E0,0.E0));
#5632=DIRECTION('',(0.E0,-1.E0,0.E0));
#5633=AXIS2_PLACEMENT_3D('',#5630,#5631,#5632);
#5634=PLANE('',#5633);
#5636=ORIENTED_EDGE('',*,*,#5635,.F.);
#5638=ORIENTED_EDGE('',*,*,#5637,.T.);
#5640=ORIENTED_EDGE('',*,*,#5639,.T.);
#5641=ORIENTED_EDGE('',*,*,#4747,.F.);
#5642=EDGE_LOOP('',(#5636,#5638,#5640,#5641));
#5643=FACE_OUTER_BOUND('',#5642,.F.);
#5644=ADVANCED_FACE('',(#5643),#5634,.T.);
#5645=CARTESIAN_POINT('',(1.818304467814E2,5.684592890162E1,
4.751166127193E-11));
#5646=DIRECTION('',(-1.E0,0.E0,0.E0));
#5647=DIRECTION('',(0.E0,-1.E0,0.E0));
#5648=AXIS2_PLACEMENT_3D('',#5645,#5646,#5647);
#5649=PLANE('',#5648);
#5651=ORIENTED_EDGE('',*,*,#5650,.F.);
#5653=ORIENTED_EDGE('',*,*,#5652,.T.);
#5655=ORIENTED_EDGE('',*,*,#5654,.T.);
#5656=ORIENTED_EDGE('',*,*,#4741,.F.);
#5657=EDGE_LOOP('',(#5651,#5653,#5655,#5656));
#5658=FACE_OUTER_BOUND('',#5657,.F.);
#5659=ADVANCED_FACE('',(#5658),#5649,.T.);
#5660=CARTESIAN_POINT('',(1.818304467814E2,5.684592890162E1,
4.751166127193E-11));
#5661=DIRECTION('',(-1.E0,0.E0,0.E0));
#5662=DIRECTION('',(0.E0,-1.E0,0.E0));
#5663=AXIS2_PLACEMENT_3D('',#5660,#5661,#5662);
#5664=PLANE('',#5663);
#5666=ORIENTED_EDGE('',*,*,#5665,.F.);
#5668=ORIENTED_EDGE('',*,*,#5667,.T.);
#5670=ORIENTED_EDGE('',*,*,#5669,.T.);
#5671=ORIENTED_EDGE('',*,*,#4735,.F.);
#5672=EDGE_LOOP('',(#5666,#5668,#5670,#5671));
#5673=FACE_OUTER_BOUND('',#5672,.F.);
#5674=ADVANCED_FACE('',(#5673),#5664,.T.);
#5675=CARTESIAN_POINT('',(1.818304467814E2,5.684592890162E1,
4.751166127193E-11));
#5676=DIRECTION('',(-1.E0,0.E0,0.E0));
#5677=DIRECTION('',(0.E0,-1.E0,0.E0));
#5678=AXIS2_PLACEMENT_3D('',#5675,#5676,#5677);
#5679=PLANE('',#5678);
#5681=ORIENTED_EDGE('',*,*,#5680,.F.);
#5683=ORIENTED_EDGE('',*,*,#5682,.T.);
#5685=ORIENTED_EDGE('',*,*,#5684,.T.);
#5686=ORIENTED_EDGE('',*,*,#4729,.F.);
#5687=EDGE_LOOP('',(#5681,#5683,#5685,#5686));
#5688=FACE_OUTER_BOUND('',#5687,.F.);
#5689=ADVANCED_FACE('',(#5688),#5679,.T.);
#5690=CARTESIAN_POINT('',(1.818304467814E2,5.684592890162E1,
4.751166127193E-11));
#5691=DIRECTION('',(-1.E0,0.E0,0.E0));
#5692=DIRECTION('',(0.E0,-1.E0,0.E0));
#5693=AXIS2_PLACEMENT_3D('',#5690,#5691,#5692);
#5694=PLANE('',#5693);
#5696=ORIENTED_EDGE('',*,*,#5695,.T.);
#5697=ORIENTED_EDGE('',*,*,#4925,.F.);
#5699=ORIENTED_EDGE('',*,*,#5698,.F.);
#5701=ORIENTED_EDGE('',*,*,#5700,.F.);
#5703=ORIENTED_EDGE('',*,*,#5702,.F.);
#5705=ORIENTED_EDGE('',*,*,#5704,.T.);
#5706=EDGE_LOOP('',(#5696,#5697,#5699,#5701,#5703,#5705));
#5707=FACE_OUTER_BOUND('',#5706,.F.);
#5708=ADVANCED_FACE('',(#5707),#5694,.T.);
#5709=CARTESIAN_POINT('',(1.818304467814E2,5.684592890162E1,
4.751166127193E-11));
#5710=DIRECTION('',(-1.E0,0.E0,0.E0));
#5711=DIRECTION('',(0.E0,-1.E0,0.E0));
#5712=AXIS2_PLACEMENT_3D('',#5709,#5710,#5711);
#5713=PLANE('',#5712);
#5715=ORIENTED_EDGE('',*,*,#5714,.F.);
#5717=ORIENTED_EDGE('',*,*,#5716,.T.);
#5719=ORIENTED_EDGE('',*,*,#5718,.T.);
#5720=ORIENTED_EDGE('',*,*,#4723,.F.);
#5721=EDGE_LOOP('',(#5715,#5717,#5719,#5720));
#5722=FACE_OUTER_BOUND('',#5721,.F.);
#5723=ADVANCED_FACE('',(#5722),#5713,.T.);
#5724=CARTESIAN_POINT('',(1.831575386557E2,-4.672627944689E1,3.798856175288E0));
#5725=DIRECTION('',(0.E0,0.E0,-1.E0));
#5726=DIRECTION('',(0.E0,1.E0,0.E0));
#5727=AXIS2_PLACEMENT_3D('',#5724,#5725,#5726);
#5728=CYLINDRICAL_SURFACE('',#5727,1.360165174201E0);
#5730=ORIENTED_EDGE('',*,*,#5729,.F.);
#5732=ORIENTED_EDGE('',*,*,#5731,.T.);
#5733=ORIENTED_EDGE('',*,*,#5468,.T.);
#5734=ORIENTED_EDGE('',*,*,#4811,.T.);
#5735=EDGE_LOOP('',(#5730,#5732,#5733,#5734));
#5736=FACE_OUTER_BOUND('',#5735,.F.);
#5737=ADVANCED_FACE('',(#5736),#5728,.T.);
#5738=CARTESIAN_POINT('',(1.831575386557E2,-4.421572189588E1,3.798856175288E0));
#5739=DIRECTION('',(0.E0,0.E0,-1.E0));
#5740=DIRECTION('',(0.E0,1.E0,0.E0));
#5741=AXIS2_PLACEMENT_3D('',#5738,#5739,#5740);
#5742=CYLINDRICAL_SURFACE('',#5741,1.360165174201E0);
#5743=ORIENTED_EDGE('',*,*,#5729,.T.);
#5744=ORIENTED_EDGE('',*,*,#4809,.T.);
#5745=ORIENTED_EDGE('',*,*,#5489,.F.);
#5747=ORIENTED_EDGE('',*,*,#5746,.T.);
#5748=EDGE_LOOP('',(#5743,#5744,#5745,#5747));
#5749=FACE_OUTER_BOUND('',#5748,.F.);
#5750=ADVANCED_FACE('',(#5749),#5742,.T.);
#5751=CARTESIAN_POINT('',(1.828304467814E2,5.574969690162E1,2.798856175288E0));
#5752=DIRECTION('',(0.E0,-1.E0,0.E0));
#5753=DIRECTION('',(0.E0,0.E0,1.E0));
#5754=AXIS2_PLACEMENT_3D('',#5751,#5752,#5753);
#5755=CYLINDRICAL_SURFACE('',#5754,1.E0);
#5757=ORIENTED_EDGE('',*,*,#5756,.F.);
#5758=ORIENTED_EDGE('',*,*,#5704,.F.);
#5760=ORIENTED_EDGE('',*,*,#5759,.F.);
#5761=ORIENTED_EDGE('',*,*,#5316,.T.);
#5762=ORIENTED_EDGE('',*,*,#5445,.T.);
#5763=ORIENTED_EDGE('',*,*,#5470,.F.);
#5764=ORIENTED_EDGE('',*,*,#5731,.F.);
#5765=ORIENTED_EDGE('',*,*,#5746,.F.);
#5766=ORIENTED_EDGE('',*,*,#5487,.F.);
#5768=ORIENTED_EDGE('',*,*,#5767,.F.);
#5770=ORIENTED_EDGE('',*,*,#5769,.F.);
#5771=ORIENTED_EDGE('',*,*,#5502,.F.);
#5773=ORIENTED_EDGE('',*,*,#5772,.F.);
#5775=ORIENTED_EDGE('',*,*,#5774,.F.);
#5776=ORIENTED_EDGE('',*,*,#5517,.F.);
#5778=ORIENTED_EDGE('',*,*,#5777,.F.);
#5780=ORIENTED_EDGE('',*,*,#5779,.F.);
#5781=ORIENTED_EDGE('',*,*,#5532,.F.);
#5783=ORIENTED_EDGE('',*,*,#5782,.F.);
#5785=ORIENTED_EDGE('',*,*,#5784,.F.);
#5786=ORIENTED_EDGE('',*,*,#5547,.F.);
#5788=ORIENTED_EDGE('',*,*,#5787,.F.);
#5790=ORIENTED_EDGE('',*,*,#5789,.F.);
#5791=ORIENTED_EDGE('',*,*,#5562,.F.);
#5793=ORIENTED_EDGE('',*,*,#5792,.F.);
#5795=ORIENTED_EDGE('',*,*,#5794,.F.);
#5796=ORIENTED_EDGE('',*,*,#5577,.F.);
#5798=ORIENTED_EDGE('',*,*,#5797,.F.);
#5800=ORIENTED_EDGE('',*,*,#5799,.F.);
#5801=ORIENTED_EDGE('',*,*,#5592,.F.);
#5803=ORIENTED_EDGE('',*,*,#5802,.F.);
#5805=ORIENTED_EDGE('',*,*,#5804,.F.);
#5806=ORIENTED_EDGE('',*,*,#5607,.F.);
#5808=ORIENTED_EDGE('',*,*,#5807,.F.);
#5810=ORIENTED_EDGE('',*,*,#5809,.F.);
#5811=ORIENTED_EDGE('',*,*,#5622,.F.);
#5813=ORIENTED_EDGE('',*,*,#5812,.F.);
#5815=ORIENTED_EDGE('',*,*,#5814,.F.);
#5816=ORIENTED_EDGE('',*,*,#5637,.F.);
#5818=ORIENTED_EDGE('',*,*,#5817,.F.);
#5820=ORIENTED_EDGE('',*,*,#5819,.F.);
#5821=ORIENTED_EDGE('',*,*,#5652,.F.);
#5823=ORIENTED_EDGE('',*,*,#5822,.F.);
#5825=ORIENTED_EDGE('',*,*,#5824,.F.);
#5826=ORIENTED_EDGE('',*,*,#5667,.F.);
#5828=ORIENTED_EDGE('',*,*,#5827,.F.);
#5830=ORIENTED_EDGE('',*,*,#5829,.F.);
#5831=ORIENTED_EDGE('',*,*,#5682,.F.);
#5833=ORIENTED_EDGE('',*,*,#5832,.F.);
#5835=ORIENTED_EDGE('',*,*,#5834,.F.);
#5836=ORIENTED_EDGE('',*,*,#5716,.F.);
#5838=ORIENTED_EDGE('',*,*,#5837,.F.);
#5839=EDGE_LOOP('',(#5757,#5758,#5760,#5761,#5762,#5763,#5764,#5765,#5766,#5768,
#5770,#5771,#5773,#5775,#5776,#5778,#5780,#5781,#5783,#5785,#5786,#5788,#5790,
#5791,#5793,#5795,#5796,#5798,#5800,#5801,#5803,#5805,#5806,#5808,#5810,#5811,
#5813,#5815,#5816,#5818,#5820,#5821,#5823,#5825,#5826,#5828,#5830,#5831,#5833,
#5835,#5836,#5838));
#5840=FACE_OUTER_BOUND('',#5839,.F.);
#5841=ADVANCED_FACE('',(#5840),#5755,.T.);
#5842=CARTESIAN_POINT('',(1.831575386557E2,4.548783797961E1,3.798856175288E0));
#5843=DIRECTION('',(0.E0,0.E0,-1.E0));
#5844=DIRECTION('',(0.E0,1.E0,0.E0));
#5845=AXIS2_PLACEMENT_3D('',#5842,#5843,#5844);
#5846=CYLINDRICAL_SURFACE('',#5845,1.360165174201E0);
#5848=ORIENTED_EDGE('',*,*,#5847,.T.);
#5849=ORIENTED_EDGE('',*,*,#4719,.T.);
#5850=ORIENTED_EDGE('',*,*,#5695,.F.);
#5851=ORIENTED_EDGE('',*,*,#5756,.T.);
#5852=EDGE_LOOP('',(#5848,#5849,#5850,#5851));
#5853=FACE_OUTER_BOUND('',#5852,.F.);
#5854=ADVANCED_FACE('',(#5853),#5846,.T.);
#5855=CARTESIAN_POINT('',(1.831575386557E2,4.297728042859E1,3.798856175288E0));
#5856=DIRECTION('',(0.E0,0.E0,-1.E0));
#5857=DIRECTION('',(0.E0,1.E0,0.E0));
#5858=AXIS2_PLACEMENT_3D('',#5855,#5856,#5857);
#5859=CYLINDRICAL_SURFACE('',#5858,1.360165174201E0);
#5860=ORIENTED_EDGE('',*,*,#5847,.F.);
#5861=ORIENTED_EDGE('',*,*,#5837,.T.);
#5862=ORIENTED_EDGE('',*,*,#5714,.T.);
#5863=ORIENTED_EDGE('',*,*,#4721,.T.);
#5864=EDGE_LOOP('',(#5860,#5861,#5862,#5863));
#5865=FACE_OUTER_BOUND('',#5864,.F.);
#5866=ADVANCED_FACE('',(#5865),#5859,.T.);
#5867=CARTESIAN_POINT('',(1.829648875573E2,4.903576468576E1,3.791664236488E0));
#5868=CARTESIAN_POINT('',(1.823449036859E2,4.871297917231E1,3.875949965515E0));
#5869=CARTESIAN_POINT('',(1.819033331378E2,4.848308194006E1,3.378117376879E0));
#5870=CARTESIAN_POINT('',(1.819780934014E2,4.852200477529E1,2.679139202328E0));
#5871=CARTESIAN_POINT('',(1.828932204434E2,4.917341787294E1,3.791664236488E0));
#5872=CARTESIAN_POINT('',(1.818887371514E2,4.958915199385E1,3.875949965515E0));
#5873=CARTESIAN_POINT('',(1.811733149312E2,4.988524992814E1,3.378117376879E0));
#5874=CARTESIAN_POINT('',(1.812944397526E2,4.983511895876E1,2.679139202328E0));
#5875=CARTESIAN_POINT('',(1.830029577968E2,4.928315523406E1,3.791664236488E0));
#5876=CARTESIAN_POINT('',(1.825872236049E2,5.028763849672E1,3.875949965515E0));
#5877=CARTESIAN_POINT('',(1.822911256200E2,5.100306069601E1,3.378117376879E0));
#5878=CARTESIAN_POINT('',(1.823412565979E2,5.088193587814E1,2.679139202328E0));
#5879=CARTESIAN_POINT('',(1.831406109890E2,4.921148812993E1,3.791664236488E0));
#5880=CARTESIAN_POINT('',(1.834633964587E2,4.983147202416E1,3.875949965515E0));
#5881=CARTESIAN_POINT('',(1.836932936597E2,5.027304258847E1,3.378117376879E0));
#5882=CARTESIAN_POINT('',(1.836543708297E2,5.019828232211E1,2.679139202328E0));
#5883=(BOUNDED_SURFACE()B_SPLINE_SURFACE(3,3,((#5867,#5868,#5869,#5870),(#5871,
#5872,#5873,#5874),(#5875,#5876,#5877,#5878),(#5879,#5880,#5881,#5882)),
.UNSPECIFIED.,.F.,.F.,.F.)B_SPLINE_SURFACE_WITH_KNOTS((4,4),(4,4),(0.E0,1.E0),(
0.E0,1.E0),.UNSPECIFIED.)GEOMETRIC_REPRESENTATION_ITEM()RATIONAL_B_SPLINE_SURFACE(((1.901467897514E0,1.416427051934E0,1.416427051934E0,1.901467897514E0),(
1.014946002367E0,7.560458821758E-1,7.560458821758E-1,1.014946002367E0),(
1.014946002367E0,7.560458821758E-1,7.560458821758E-1,1.014946002367E0),(
1.901467897514E0,1.416427051934E0,1.416427051934E0,1.901467897514E0)))REPRESENTATION_ITEM('')SURFACE());
#5884=ORIENTED_EDGE('',*,*,#5318,.T.);
#5885=ORIENTED_EDGE('',*,*,#5759,.T.);
#5887=ORIENTED_EDGE('',*,*,#5886,.F.);
#5889=ORIENTED_EDGE('',*,*,#5888,.F.);
#5890=EDGE_LOOP('',(#5884,#5885,#5887,#5889));
#5891=FACE_OUTER_BOUND('',#5890,.F.);
#5892=ADVANCED_FACE('',(#5891),#5883,.T.);
#5893=CARTESIAN_POINT('',(1.830804467814E2,4.909592890162E1,4.211978138971E1));
#5894=DIRECTION('',(0.E0,0.E0,-1.E0));
#5895=DIRECTION('',(-1.E0,0.E0,0.E0));
#5896=AXIS2_PLACEMENT_3D('',#5893,#5894,#5895);
#5897=CYLINDRICAL_SURFACE('',#5896,1.25E0);
#5898=ORIENTED_EDGE('',*,*,#5886,.T.);
#5899=ORIENTED_EDGE('',*,*,#5702,.T.);
#5901=ORIENTED_EDGE('',*,*,#5900,.T.);
#5903=ORIENTED_EDGE('',*,*,#5902,.F.);
#5904=EDGE_LOOP('',(#5898,#5899,#5901,#5903));
#5905=FACE_OUTER_BOUND('',#5904,.F.);
#5906=ADVANCED_FACE('',(#5905),#5897,.T.);
#5907=CARTESIAN_POINT('',(0.E0,5.684592890162E1,1.998856175288E0));
#5908=DIRECTION('',(0.E0,0.E0,-1.E0));
#5909=DIRECTION('',(0.E0,1.E0,0.E0));
#5910=AXIS2_PLACEMENT_3D('',#5907,#5908,#5909);
#5911=PLANE('',#5910);
#5913=ORIENTED_EDGE('',*,*,#5912,.T.);
#5914=ORIENTED_EDGE('',*,*,#5900,.F.);
#5915=ORIENTED_EDGE('',*,*,#5700,.T.);
#5917=ORIENTED_EDGE('',*,*,#5916,.F.);
#5919=ORIENTED_EDGE('',*,*,#5918,.T.);
#5921=ORIENTED_EDGE('',*,*,#5920,.F.);
#5923=ORIENTED_EDGE('',*,*,#5922,.T.);
#5925=ORIENTED_EDGE('',*,*,#5924,.T.);
#5926=EDGE_LOOP('',(#5913,#5914,#5915,#5917,#5919,#5921,#5923,#5925));
#5927=FACE_OUTER_BOUND('',#5926,.F.);
#5929=ORIENTED_EDGE('',*,*,#5928,.F.);
#5931=ORIENTED_EDGE('',*,*,#5930,.F.);
#5932=EDGE_LOOP('',(#5929,#5931));
#5933=FACE_BOUND('',#5932,.F.);
#5934=ADVANCED_FACE('',(#5927,#5933),#5911,.F.);
#5935=CARTESIAN_POINT('',(1.848304467814E2,5.034592890162E1,2.011276242783E1));
#5936=DIRECTION('',(0.E0,1.E0,0.E0));
#5937=DIRECTION('',(-1.E0,0.E0,0.E0));
#5938=AXIS2_PLACEMENT_3D('',#5935,#5936,#5937);
#5939=PLANE('',#5938);
#5941=ORIENTED_EDGE('',*,*,#5940,.T.);
#5942=ORIENTED_EDGE('',*,*,#5902,.T.);
#5943=ORIENTED_EDGE('',*,*,#5912,.F.);
#5945=ORIENTED_EDGE('',*,*,#5944,.F.);
#5946=EDGE_LOOP('',(#5941,#5942,#5943,#5945));
#5947=FACE_OUTER_BOUND('',#5946,.F.);
#5948=ADVANCED_FACE('',(#5947),#5939,.T.);
#5949=CARTESIAN_POINT('',(1.849842147814E2,4.934592890162E1,2.798856175288E0));
#5950=DIRECTION('',(-1.E0,0.E0,0.E0));
#5951=DIRECTION('',(0.E0,0.E0,1.E0));
#5952=AXIS2_PLACEMENT_3D('',#5949,#5950,#5951);
#5953=CYLINDRICAL_SURFACE('',#5952,1.E0);
#5954=ORIENTED_EDGE('',*,*,#5320,.T.);
#5955=ORIENTED_EDGE('',*,*,#5888,.T.);
#5956=ORIENTED_EDGE('',*,*,#5940,.F.);
#5957=ORIENTED_EDGE('',*,*,#5297,.F.);
#5958=EDGE_LOOP('',(#5954,#5955,#5956,#5957));
#5959=FACE_OUTER_BOUND('',#5958,.F.);
#5960=ADVANCED_FACE('',(#5959),#5953,.T.);
#5961=CARTESIAN_POINT('',(1.848304467814E2,5.384592890162E1,2.011276242783E1));
#5962=DIRECTION('',(0.E0,0.E0,-1.E0));
#5963=DIRECTION('',(0.E0,1.E0,0.E0));
#5964=AXIS2_PLACEMENT_3D('',#5961,#5962,#5963);
#5965=CYLINDRICAL_SURFACE('',#5964,3.5E0);
#5966=ORIENTED_EDGE('',*,*,#5299,.T.);
#5967=ORIENTED_EDGE('',*,*,#5944,.T.);
#5968=ORIENTED_EDGE('',*,*,#5924,.F.);
#5970=ORIENTED_EDGE('',*,*,#5969,.F.);
#5971=ORIENTED_EDGE('',*,*,#5284,.T.);
#5972=EDGE_LOOP('',(#5966,#5967,#5968,#5970,#5971));
#5973=FACE_OUTER_BOUND('',#5972,.F.);
#5974=ADVANCED_FACE('',(#5973),#5965,.F.);
#5975=CARTESIAN_POINT('',(1.883304467814E2,5.684592890162E1,2.011276242783E1));
#5976=DIRECTION('',(-1.E0,0.E0,0.E0));
#5977=DIRECTION('',(0.E0,-1.E0,0.E0));
#5978=AXIS2_PLACEMENT_3D('',#5975,#5976,#5977);
#5979=PLANE('',#5978);
#5980=ORIENTED_EDGE('',*,*,#5238,.T.);
#5981=ORIENTED_EDGE('',*,*,#5969,.T.);
#5982=ORIENTED_EDGE('',*,*,#5922,.F.);
#5984=ORIENTED_EDGE('',*,*,#5983,.T.);
#5985=EDGE_LOOP('',(#5980,#5981,#5982,#5984));
#5986=FACE_OUTER_BOUND('',#5985,.F.);
#5987=ADVANCED_FACE('',(#5986),#5979,.T.);
#5988=CARTESIAN_POINT('',(1.895804467814E2,5.559592890162E1,-2.383545190982E1));
#5989=DIRECTION('',(0.E0,0.E0,1.E0));
#5990=DIRECTION('',(0.E0,1.E0,0.E0));
#5991=AXIS2_PLACEMENT_3D('',#5988,#5989,#5990);
#5992=CYLINDRICAL_SURFACE('',#5991,1.25E0);
#5993=ORIENTED_EDGE('',*,*,#5224,.T.);
#5994=ORIENTED_EDGE('',*,*,#5983,.F.);
#5995=ORIENTED_EDGE('',*,*,#5920,.T.);
#5997=ORIENTED_EDGE('',*,*,#5996,.F.);
#5998=EDGE_LOOP('',(#5993,#5994,#5995,#5997));
#5999=FACE_OUTER_BOUND('',#5998,.F.);
#6000=ADVANCED_FACE('',(#5999),#5992,.T.);
#6001=CARTESIAN_POINT('',(2.278304467814E2,5.684592890162E1,
4.751166127193E-11));
#6002=DIRECTION('',(0.E0,1.E0,0.E0));
#6003=DIRECTION('',(-1.E0,0.E0,0.E0));
#6004=AXIS2_PLACEMENT_3D('',#6001,#6002,#6003);
#6005=PLANE('',#6004);
#6007=ORIENTED_EDGE('',*,*,#6006,.T.);
#6009=ORIENTED_EDGE('',*,*,#6008,.T.);
#6011=ORIENTED_EDGE('',*,*,#6010,.T.);
#6013=ORIENTED_EDGE('',*,*,#6012,.T.);
#6015=ORIENTED_EDGE('',*,*,#6014,.T.);
#6017=ORIENTED_EDGE('',*,*,#6016,.T.);
#6018=ORIENTED_EDGE('',*,*,#5155,.T.);
#6019=ORIENTED_EDGE('',*,*,#5170,.T.);
#6020=ORIENTED_EDGE('',*,*,#5996,.T.);
#6021=ORIENTED_EDGE('',*,*,#5918,.F.);
#6023=ORIENTED_EDGE('',*,*,#6022,.T.);
#6024=ORIENTED_EDGE('',*,*,#4921,.F.);
#6026=ORIENTED_EDGE('',*,*,#6025,.F.);
#6028=ORIENTED_EDGE('',*,*,#6027,.F.);
#6030=ORIENTED_EDGE('',*,*,#6029,.F.);
#6031=EDGE_LOOP('',(#6007,#6009,#6011,#6013,#6015,#6017,#6018,#6019,#6020,#6021,
#6023,#6024,#6026,#6028,#6030));
#6032=FACE_OUTER_BOUND('',#6031,.F.);
#6034=ORIENTED_EDGE('',*,*,#6033,.T.);
#6036=ORIENTED_EDGE('',*,*,#6035,.T.);
#6037=EDGE_LOOP('',(#6034,#6036));
#6038=FACE_BOUND('',#6037,.F.);
#6039=ADVANCED_FACE('',(#6032,#6038),#6005,.T.);
#6040=CARTESIAN_POINT('',(2.157274455183E2,5.684592890162E1,1.042653700036E1));
#6041=DIRECTION('',(0.E0,1.E0,0.E0));
#6042=DIRECTION('',(1.E0,0.E0,0.E0));
#6043=AXIS2_PLACEMENT_3D('',#6040,#6041,#6042);
#6044=CYLINDRICAL_SURFACE('',#6043,5.25E0);
#6045=ORIENTED_EDGE('',*,*,#6033,.F.);
#6047=ORIENTED_EDGE('',*,*,#6046,.T.);
#6049=ORIENTED_EDGE('',*,*,#6048,.T.);
#6051=ORIENTED_EDGE('',*,*,#6050,.F.);
#6052=EDGE_LOOP('',(#6045,#6047,#6049,#6051));
#6053=FACE_OUTER_BOUND('',#6052,.F.);
#6054=ADVANCED_FACE('',(#6053),#6044,.F.);
#6055=CARTESIAN_POINT('',(2.157274455183E2,5.684592890162E1,1.042653700036E1));
#6056=DIRECTION('',(0.E0,1.E0,0.E0));
#6057=DIRECTION('',(1.E0,0.E0,0.E0));
#6058=AXIS2_PLACEMENT_3D('',#6055,#6056,#6057);
#6059=CYLINDRICAL_SURFACE('',#6058,5.25E0);
#6060=ORIENTED_EDGE('',*,*,#6035,.F.);
#6061=ORIENTED_EDGE('',*,*,#6050,.T.);
#6063=ORIENTED_EDGE('',*,*,#6062,.T.);
#6064=ORIENTED_EDGE('',*,*,#6046,.F.);
#6065=EDGE_LOOP('',(#6060,#6061,#6063,#6064));
#6066=FACE_OUTER_BOUND('',#6065,.F.);
#6067=ADVANCED_FACE('',(#6066),#6059,.F.);
#6068=CARTESIAN_POINT('',(0.E0,5.534592890162E1,4.751166127193E-11));
#6069=DIRECTION('',(0.E0,1.E0,0.E0));
#6070=DIRECTION('',(1.E0,0.E0,0.E0));
#6071=AXIS2_PLACEMENT_3D('',#6068,#6069,#6070);
#6072=PLANE('',#6071);
#6073=ORIENTED_EDGE('',*,*,#6048,.F.);
#6074=ORIENTED_EDGE('',*,*,#6062,.F.);
#6075=EDGE_LOOP('',(#6073,#6074));
#6076=FACE_OUTER_BOUND('',#6075,.F.);
#6078=ORIENTED_EDGE('',*,*,#6077,.T.);
#6080=ORIENTED_EDGE('',*,*,#6079,.T.);
#6081=EDGE_LOOP('',(#6078,#6080));
#6082=FACE_BOUND('',#6081,.F.);
#6083=ADVANCED_FACE('',(#6076,#6082),#6072,.T.);
#6084=CARTESIAN_POINT('',(2.157274455183E2,5.534592890162E1,1.042653700036E1));
#6085=DIRECTION('',(0.E0,1.E0,0.E0));
#6086=DIRECTION('',(1.E0,0.E0,0.E0));
#6087=AXIS2_PLACEMENT_3D('',#6084,#6085,#6086);
#6088=CYLINDRICAL_SURFACE('',#6087,3.E0);
#6090=ORIENTED_EDGE('',*,*,#6089,.T.);
#6092=ORIENTED_EDGE('',*,*,#6091,.F.);
#6093=ORIENTED_EDGE('',*,*,#6077,.F.);
#6095=ORIENTED_EDGE('',*,*,#6094,.T.);
#6096=EDGE_LOOP('',(#6090,#6092,#6093,#6095));
#6097=FACE_OUTER_BOUND('',#6096,.F.);
#6098=ADVANCED_FACE('',(#6097),#6088,.F.);
#6099=CARTESIAN_POINT('',(0.E0,5.364592890162E1,4.751166127193E-11));
#6100=DIRECTION('',(0.E0,1.E0,0.E0));
#6101=DIRECTION('',(1.E0,0.E0,0.E0));
#6102=AXIS2_PLACEMENT_3D('',#6099,#6100,#6101);
#6103=PLANE('',#6102);
#6105=ORIENTED_EDGE('',*,*,#6104,.F.);
#6107=ORIENTED_EDGE('',*,*,#6106,.F.);
#6109=ORIENTED_EDGE('',*,*,#6108,.T.);
#6111=ORIENTED_EDGE('',*,*,#6110,.F.);
#6112=ORIENTED_EDGE('',*,*,#4977,.F.);
#6114=ORIENTED_EDGE('',*,*,#6113,.T.);
#6116=ORIENTED_EDGE('',*,*,#6115,.T.);
#6117=EDGE_LOOP('',(#6105,#6107,#6109,#6111,#6112,#6114,#6116));
#6118=FACE_OUTER_BOUND('',#6117,.F.);
#6119=ORIENTED_EDGE('',*,*,#6089,.F.);
#6121=ORIENTED_EDGE('',*,*,#6120,.F.);
#6122=EDGE_LOOP('',(#6119,#6121));
#6123=FACE_BOUND('',#6122,.F.);
#6124=ADVANCED_FACE('',(#6118,#6123),#6103,.F.);
#6125=CARTESIAN_POINT('',(2.157274455183E2,5.534592890162E1,1.042653700036E1));
#6126=DIRECTION('',(0.E0,1.E0,0.E0));
#6127=DIRECTION('',(1.E0,0.E0,0.E0));
#6128=AXIS2_PLACEMENT_3D('',#6125,#6126,#6127);
#6129=CYLINDRICAL_SURFACE('',#6128,3.E0);
#6130=ORIENTED_EDGE('',*,*,#6120,.T.);
#6131=ORIENTED_EDGE('',*,*,#6094,.F.);
#6132=ORIENTED_EDGE('',*,*,#6079,.F.);
#6133=ORIENTED_EDGE('',*,*,#6091,.T.);
#6134=EDGE_LOOP('',(#6130,#6131,#6132,#6133));
#6135=FACE_OUTER_BOUND('',#6134,.F.);
#6136=ADVANCED_FACE('',(#6135),#6129,.F.);
#6137=CARTESIAN_POINT('',(2.157274455183E2,5.364592890162E1,1.042653700036E1));
#6138=DIRECTION('',(0.E0,1.E0,0.E0));
#6139=DIRECTION('',(1.E0,0.E0,0.E0));
#6140=AXIS2_PLACEMENT_3D('',#6137,#6138,#6139);
#6141=CYLINDRICAL_SURFACE('',#6140,6.E0);
#6143=ORIENTED_EDGE('',*,*,#6142,.F.);
#6144=ORIENTED_EDGE('',*,*,#6104,.T.);
#6146=ORIENTED_EDGE('',*,*,#6145,.F.);
#6148=ORIENTED_EDGE('',*,*,#6147,.F.);
#6150=ORIENTED_EDGE('',*,*,#6149,.T.);
#6152=ORIENTED_EDGE('',*,*,#6151,.F.);
#6154=ORIENTED_EDGE('',*,*,#6153,.T.);
#6156=ORIENTED_EDGE('',*,*,#6155,.F.);
#6157=EDGE_LOOP('',(#6143,#6144,#6146,#6148,#6150,#6152,#6154,#6156));
#6158=FACE_OUTER_BOUND('',#6157,.F.);
#6159=ADVANCED_FACE('',(#6158),#6141,.F.);
#6160=CARTESIAN_POINT('',(2.193977111235E2,5.391153148406E1,5.671417521487E0));
#6161=CARTESIAN_POINT('',(2.193983918352E2,5.390990476305E1,5.671946739801E0));
#6162=CARTESIAN_POINT('',(2.194193666179E2,5.386021968920E1,5.688260020708E0));
#6163=CARTESIAN_POINT('',(2.194698635391E2,5.376714189005E1,5.727932803535E0));
#6164=CARTESIAN_POINT('',(2.195691244997E2,5.364901483258E1,5.808751388376E0));
#6165=CARTESIAN_POINT('',(2.196928376881E2,5.355578661334E1,5.914338540664E0));
#6166=CARTESIAN_POINT('',(2.197873731085E2,5.351692477769E1,6.000011238035E0));
#6167=CARTESIAN_POINT('',(2.198368936706E2,5.350383835612E1,6.046495567256E0));
#6168=CARTESIAN_POINT('',(2.188798504052E2,5.352192280764E1,5.374099693608E0));
#6169=CARTESIAN_POINT('',(2.188814296357E2,5.351868722684E1,5.375170721739E0));
#6170=CARTESIAN_POINT('',(2.189300244383E2,5.341997534377E1,5.408151153783E0));
#6171=CARTESIAN_POINT('',(2.190428739522E2,5.324196694875E1,5.486248800440E0));
#6172=CARTESIAN_POINT('',(2.192440750585E2,5.303316297794E1,5.634221070632E0));
#6173=CARTESIAN_POINT('',(2.194707962856E2,5.288122341170E1,5.814086569604E0));
#6174=CARTESIAN_POINT('',(2.196281773585E2,5.282251482620E1,5.950789366919E0));
#6175=CARTESIAN_POINT('',(2.197074182044E2,5.280307862740E1,6.023102610519E0));
#6176=CARTESIAN_POINT('',(2.187854852667E2,5.322102434436E1,4.734624283286E0));
#6177=CARTESIAN_POINT('',(2.187878294326E2,5.321654622592E1,4.736166698172E0));
#6178=CARTESIAN_POINT('',(2.188599422396E2,5.307997047472E1,4.783650782098E0));
#6179=CARTESIAN_POINT('',(2.190261523182E2,5.283636937776E1,4.895361527345E0));
#6180=CARTESIAN_POINT('',(2.193160171983E2,5.255753476971E1,5.103057627021E0));
#6181=CARTESIAN_POINT('',(2.196343278932E2,5.236025187525E1,5.350364569924E0));
#6182=CARTESIAN_POINT('',(2.198492135399E2,5.228621545725E1,5.534520575198E0));
#6183=CARTESIAN_POINT('',(2.199560594095E2,5.226187526548E1,5.631118485989E0));
#6184=CARTESIAN_POINT('',(2.191710983659E2,5.318894015881E1,4.135752037648E0));
#6185=CARTESIAN_POINT('',(2.191736160287E2,5.318432955113E1,4.137413265665E0));
#6186=CARTESIAN_POINT('',(2.192510680222E2,5.304371645338E1,4.188556279235E0));
#6187=CARTESIAN_POINT('',(2.194297074429E2,5.279312134125E1,4.308949093633E0));
#6188=CARTESIAN_POINT('',(2.197418896430E2,5.250681951009E1,4.533191212856E0));
#6189=CARTESIAN_POINT('',(2.200855499664E2,5.230470174961E1,4.800735331673E0));
#6190=CARTESIAN_POINT('',(2.203181794991E2,5.222903095629E1,5.000364331951E0));
#6191=CARTESIAN_POINT('',(2.204339920270E2,5.220416786182E1,5.105166971132E0));
#6192=(BOUNDED_SURFACE()B_SPLINE_SURFACE(3,3,((#6160,#6161,#6162,#6163,#6164,
#6165,#6166,#6167),(#6168,#6169,#6170,#6171,#6172,#6173,#6174,#6175),(#6176,
#6177,#6178,#6179,#6180,#6181,#6182,#6183),(#6184,#6185,#6186,#6187,#6188,#6189,
#6190,#6191)),.UNSPECIFIED.,.F.,.F.,.F.)B_SPLINE_SURFACE_WITH_KNOTS((4,4),(4,1,
1,1,1,4),(0.E0,1.E0),(8.611335735963E-1,8.622016422230E-1,8.938155299187E-1,
9.260566379581E-1,9.607553195423E-1,9.976338511324E-1),.UNSPECIFIED.)GEOMETRIC_REPRESENTATION_ITEM()RATIONAL_B_SPLINE_SURFACE(((1.175970553519E0,
1.175970553519E0,1.175970553519E0,1.175970553519E0,1.175970553519E0,
1.175970553519E0,1.175970553519E0,1.175970553519E0),(9.413431488269E-1,
9.413431488269E-1,9.413431488269E-1,9.413431488269E-1,9.413431488269E-1,
9.413431488269E-1,9.413431488269E-1,9.413431488269E-1),(9.413431488269E-1,
9.413431488269E-1,9.413431488269E-1,9.413431488269E-1,9.413431488269E-1,
9.413431488269E-1,9.413431488269E-1,9.413431488269E-1),(1.175970553519E0,
1.175970553519E0,1.175970553519E0,1.175970553519E0,1.175970553519E0,
1.175970553519E0,1.175970553519E0,1.175970553519E0)))REPRESENTATION_ITEM('')SURFACE());
#6193=ORIENTED_EDGE('',*,*,#6142,.T.);
#6195=ORIENTED_EDGE('',*,*,#6194,.T.);
#6197=ORIENTED_EDGE('',*,*,#6196,.F.);
#6199=ORIENTED_EDGE('',*,*,#6198,.T.);
#6200=ORIENTED_EDGE('',*,*,#6106,.T.);
#6201=EDGE_LOOP('',(#6193,#6195,#6197,#6199,#6200));
#6202=FACE_OUTER_BOUND('',#6201,.F.);
#6203=ADVANCED_FACE('',(#6202),#6192,.T.);
#6204=CARTESIAN_POINT('',(2.197506152847E2,5.351461527317E1,5.969080868817E0));
#6205=CARTESIAN_POINT('',(2.197664540107E2,5.351505525300E1,5.982758808980E0));
#6206=CARTESIAN_POINT('',(2.199819223755E2,5.351939549408E1,6.170217155743E0));
#6207=CARTESIAN_POINT('',(2.204005334775E2,5.348282262553E1,6.570897010699E0));
#6208=CARTESIAN_POINT('',(2.209826250914E2,5.331693966280E1,7.233802342137E0));
#6209=CARTESIAN_POINT('',(2.215473314393E2,5.302767649025E1,8.009520115359E0));
#6210=CARTESIAN_POINT('',(2.220742350929E2,5.260237715402E1,8.911095659473E0));
#6211=CARTESIAN_POINT('',(2.225317244627E2,5.202867327709E1,9.948856117155E0));
#6212=CARTESIAN_POINT('',(2.227521614044E2,5.155541319182E1,1.071180286512E1));
#6213=CARTESIAN_POINT('',(2.228370558471E2,5.128562919503E1,1.112860386133E1));
#6214=CARTESIAN_POINT('',(2.228409169213E2,5.127309568981E1,1.114793233192E1));
#6215=CARTESIAN_POINT('',(2.196085888740E2,5.281729510514E1,5.924950105787E0));
#6216=CARTESIAN_POINT('',(2.196206031814E2,5.281850844399E1,5.938724608968E0));
#6217=CARTESIAN_POINT('',(2.197842187947E2,5.283377713662E1,6.127488110176E0));
#6218=CARTESIAN_POINT('',(2.201068152480E2,5.282935255290E1,6.530507461365E0));
#6219=CARTESIAN_POINT('',(2.205658795734E2,5.273382454675E1,7.196167919508E0));
#6220=CARTESIAN_POINT('',(2.210211811961E2,5.254022980150E1,7.974106065835E0));
#6221=CARTESIAN_POINT('',(2.214563976849E2,5.223676410731E1,8.877354226102E0));
#6222=CARTESIAN_POINT('',(2.218464148109E2,5.181147109019E1,9.916196159115E0));
#6223=CARTESIAN_POINT('',(2.220450618253E2,5.145081514997E1,1.067940266691E1));
#6224=CARTESIAN_POINT('',(2.221260739578E2,5.124273480188E1,1.109619221417E1));
#6225=CARTESIAN_POINT('',(2.221297720290E2,5.123306288209E1,1.111551978868E1));
#6226=CARTESIAN_POINT('',(2.198410940477E2,5.228527478626E1,5.511099877129E0));
#6227=CARTESIAN_POINT('',(2.198511161711E2,5.228491500023E1,5.525779930647E0));
#6228=CARTESIAN_POINT('',(2.199873296688E2,5.227897186848E1,5.726782931654E0));
#6229=CARTESIAN_POINT('',(2.202485367520E2,5.223891214149E1,6.151741650872E0));
#6230=CARTESIAN_POINT('',(2.206041465844E2,5.211196324605E1,6.843239183618E0));
#6231=CARTESIAN_POINT('',(2.209419176353E2,5.191019313508E1,7.641999583037E0));
#6232=CARTESIAN_POINT('',(2.212495363857E2,5.162719284012E1,8.560933231831E0));
#6233=CARTESIAN_POINT('',(2.215078241747E2,5.125700403175E1,9.609917042804E0));
#6234=CARTESIAN_POINT('',(2.216244991757E2,5.095875474888E1,1.037555953083E1));
#6235=CARTESIAN_POINT('',(2.216661611482E2,5.079054074881E1,1.079224171194E1));
#6236=CARTESIAN_POINT('',(2.216680461274E2,5.078272957626E1,1.081156088311E1));
#6237=CARTESIAN_POINT('',(2.203089641791E2,5.223699657694E1,4.975241402905E0));
#6238=CARTESIAN_POINT('',(2.203200187804E2,5.223365878046E1,4.991093974375E0));
#6239=CARTESIAN_POINT('',(2.204696824118E2,5.218705994563E1,5.207944833455E0));
#6240=CARTESIAN_POINT('',(2.207408701842E2,5.206491116265E1,5.661310921964E0));
#6241=CARTESIAN_POINT('',(2.210745212972E2,5.182357259384E1,6.386262623434E0));
#6242=CARTESIAN_POINT('',(2.213569841846E2,5.151467671231E1,7.211983937695E0));
#6243=CARTESIAN_POINT('',(2.215774686086E2,5.113852395140E1,8.151227354051E0));
#6244=CARTESIAN_POINT('',(2.217186169331E2,5.069714992139E1,9.213342995993E0));
#6245=CARTESIAN_POINT('',(2.217422024141E2,5.037375612764E1,9.982139621808E0));
#6246=CARTESIAN_POINT('',(2.217325995258E2,5.019970905999E1,1.039868278388E1));
#6247=CARTESIAN_POINT('',(2.217321065555E2,5.019164404097E1,1.041799107432E1));
#6248=(BOUNDED_SURFACE()B_SPLINE_SURFACE(3,3,((#6204,#6205,#6206,#6207,#6208,
#6209,#6210,#6211,#6212,#6213,#6214),(#6215,#6216,#6217,#6218,#6219,#6220,#6221,
#6222,#6223,#6224,#6225),(#6226,#6227,#6228,#6229,#6230,#6231,#6232,#6233,#6234,
#6235,#6236),(#6237,#6238,#6239,#6240,#6241,#6242,#6243,#6244,#6245,#6246,
#6247)),.UNSPECIFIED.,.F.,.F.,.F.)B_SPLINE_SURFACE_WITH_KNOTS((4,4),(4,1,1,1,1,
1,1,1,4),(0.E0,1.E0),(-1.023460884392E-2,0.E0,1.292593412881E-1,
2.680350160973E-1,4.227770302134E-1,5.945139542551E-1,7.857040028724E-1,1.E0,
1.010414855252E0),.UNSPECIFIED.)GEOMETRIC_REPRESENTATION_ITEM()RATIONAL_B_SPLINE_SURFACE(((1.175970045826E0,1.175970045826E0,1.175970045826E0,1.175970045826E0,
1.175970045826E0,1.175970045826E0,1.175970045826E0,1.175970045826E0,
1.175970045826E0,1.175970045826E0,1.175970045826E0),(9.413433180581E-1,
9.413433180581E-1,9.413433180581E-1,9.413433180581E-1,9.413433180581E-1,
9.413433180581E-1,9.413433180581E-1,9.413433180581E-1,9.413433180581E-1,
9.413433180581E-1,9.413433180581E-1),(9.413433180581E-1,9.413433180581E-1,
9.413433180581E-1,9.413433180581E-1,9.413433180581E-1,9.413433180581E-1,
9.413433180581E-1,9.413433180581E-1,9.413433180581E-1,9.413433180581E-1,
9.413433180581E-1),(1.175970045826E0,1.175970045826E0,1.175970045826E0,
1.175970045826E0,1.175970045826E0,1.175970045826E0,1.175970045826E0,
1.175970045826E0,1.175970045826E0,1.175970045826E0,1.175970045826E0)))REPRESENTATION_ITEM('')SURFACE());
#6250=ORIENTED_EDGE('',*,*,#6249,.F.);
#6251=ORIENTED_EDGE('',*,*,#6194,.F.);
#6252=ORIENTED_EDGE('',*,*,#6155,.T.);
#6253=EDGE_LOOP('',(#6250,#6251,#6252));
#6254=FACE_OUTER_BOUND('',#6253,.F.);
#6255=ADVANCED_FACE('',(#6254),#6248,.T.);
#6256=CARTESIAN_POINT('',(2.197274455183E2,5.031553053242E1,
4.751166127193E-11));
#6257=DIRECTION('',(0.E0,0.E0,-1.E0));
#6258=DIRECTION('',(-1.E0,0.E0,0.E0));
#6259=AXIS2_PLACEMENT_3D('',#6256,#6257,#6258);
#6260=CYLINDRICAL_SURFACE('',#6259,2.E0);
#6261=ORIENTED_EDGE('',*,*,#6249,.T.);
#6263=ORIENTED_EDGE('',*,*,#6262,.F.);
#6264=ORIENTED_EDGE('',*,*,#4949,.F.);
#6266=ORIENTED_EDGE('',*,*,#6265,.F.);
#6267=EDGE_LOOP('',(#6261,#6263,#6264,#6266));
#6268=FACE_OUTER_BOUND('',#6267,.F.);
#6269=ADVANCED_FACE('',(#6268),#6260,.F.);
#6270=CARTESIAN_POINT('',(2.217274455183E2,5.031553053242E1,
4.751166127193E-11));
#6271=DIRECTION('',(1.E0,0.E0,0.E0));
#6272=DIRECTION('',(0.E0,-1.E0,0.E0));
#6273=AXIS2_PLACEMENT_3D('',#6270,#6271,#6272);
#6274=PLANE('',#6273);
#6275=ORIENTED_EDGE('',*,*,#6262,.T.);
#6276=ORIENTED_EDGE('',*,*,#6153,.F.);
#6278=ORIENTED_EDGE('',*,*,#6277,.F.);
#6279=ORIENTED_EDGE('',*,*,#4951,.F.);
#6280=EDGE_LOOP('',(#6275,#6276,#6278,#6279));
#6281=FACE_OUTER_BOUND('',#6280,.F.);
#6282=ADVANCED_FACE('',(#6281),#6274,.F.);
#6283=CARTESIAN_POINT('',(2.203274455183E2,3.524592890162E1,-2.383502291707E1));
#6284=DIRECTION('',(0.E0,0.E0,1.E0));
#6285=DIRECTION('',(0.E0,-1.E0,0.E0));
#6286=AXIS2_PLACEMENT_3D('',#6283,#6284,#6285);
#6287=CYLINDRICAL_SURFACE('',#6286,1.4E0);
#6289=ORIENTED_EDGE('',*,*,#6288,.T.);
#6290=ORIENTED_EDGE('',*,*,#4953,.T.);
#6291=ORIENTED_EDGE('',*,*,#6277,.T.);
#6293=ORIENTED_EDGE('',*,*,#6292,.F.);
#6295=ORIENTED_EDGE('',*,*,#6294,.F.);
#6296=EDGE_LOOP('',(#6289,#6290,#6291,#6293,#6295));
#6297=FACE_OUTER_BOUND('',#6296,.F.);
#6298=ADVANCED_FACE('',(#6297),#6287,.F.);
#6299=CARTESIAN_POINT('',(2.194126495561E2,3.273664487390E1,1.607405793218E0));
#6300=CARTESIAN_POINT('',(2.194656972864E2,3.271728983338E1,1.507252625313E0));
#6301=CARTESIAN_POINT('',(2.196444107448E2,3.265856714379E1,1.173546187471E0));
#6302=CARTESIAN_POINT('',(2.199471611600E2,3.259397090476E1,6.278910856614E-1));
#6303=CARTESIAN_POINT('',(2.203053367614E2,3.257110920367E1,1.129903902744E-2));
#6304=CARTESIAN_POINT('',(2.205361155227E2,3.258657892834E1,
-3.706799654590E-1));
#6305=CARTESIAN_POINT('',(2.206405116692E2,3.260018609030E1,
-5.403685652297E-1));
#6306=CARTESIAN_POINT('',(2.193455636422E2,3.343644843346E1,1.569316041811E0));
#6307=CARTESIAN_POINT('',(2.193838011796E2,3.341567410012E1,1.469170327632E0));
#6308=CARTESIAN_POINT('',(2.195134881880E2,3.335067198762E1,1.135420828391E0));
#6309=CARTESIAN_POINT('',(2.197377941251E2,3.326750065135E1,5.893311654329E-1));
#6310=CARTESIAN_POINT('',(2.200100622207E2,3.321097790090E1,
-2.835603214928E-2));
#6311=CARTESIAN_POINT('',(2.201892718342E2,3.319847999700E1,
-4.114082604989E-1));
#6312=CARTESIAN_POINT('',(2.202711445269E2,3.319813247597E1,
-5.816732573955E-1));
#6313=CARTESIAN_POINT('',(2.197954060391E2,3.392910252802E1,1.794286007877E0));
#6314=CARTESIAN_POINT('',(2.198232419474E2,3.391784577566E1,1.694096269663E0));
#6315=CARTESIAN_POINT('',(2.199171588281E2,3.388337479111E1,1.360601104490E0));
#6316=CARTESIAN_POINT('',(2.200770026020E2,3.384357401325E1,8.170780953741E-1));
#6317=CARTESIAN_POINT('',(2.202672219482E2,3.382511880326E1,2.058592012742E-1));
#6318=CARTESIAN_POINT('',(2.203903936893E2,3.382942182860E1,
-1.708542318052E-1));
#6319=CARTESIAN_POINT('',(2.204462420070E2,3.383492387102E1,
-3.377148472852E-1));
#6320=CARTESIAN_POINT('',(2.204179276136E2,3.383759568368E1,2.110153804561E0));
#6321=CARTESIAN_POINT('',(2.204477304706E2,3.383950990410E1,2.009902254650E0));
#6322=CARTESIAN_POINT('',(2.205465072114E2,3.384901616137E1,1.676764185774E0));
#6323=CARTESIAN_POINT('',(2.207052018452E2,3.388134157980E1,1.136844872334E0));
#6324=CARTESIAN_POINT('',(2.208800203240E2,3.394355070217E1,5.347077628160E-1));
#6325=CARTESIAN_POINT('',(2.209855693518E2,3.399656603308E1,1.668942790529E-1));
#6326=CARTESIAN_POINT('',(2.210318079452E2,3.402324541284E1,4.813565867813E-3));
#6327=(BOUNDED_SURFACE()B_SPLINE_SURFACE(3,3,((#6299,#6300,#6301,#6302,#6303,
#6304,#6305),(#6306,#6307,#6308,#6309,#6310,#6311,#6312),(#6313,#6314,#6315,
#6316,#6317,#6318,#6319),(#6320,#6321,#6322,#6323,#6324,#6325,#6326)),
.UNSPECIFIED.,.F.,.F.,.F.)B_SPLINE_SURFACE_WITH_KNOTS((4,4),(4,1,1,1,4),(0.E0,
1.E0),(2.123700833727E-2,3.496165521389E-2,6.685497860159E-2,9.541383708E-2,
1.181677982513E-1),.UNSPECIFIED.)GEOMETRIC_REPRESENTATION_ITEM()RATIONAL_B_SPLINE_SURFACE(((1.236577757046E0,1.236577757046E0,1.236577757046E0,1.236577757046E0,
1.236577757046E0,1.236577757046E0,1.236577757046E0),(9.211407476512E-1,
9.211407476512E-1,9.211407476512E-1,9.211407476512E-1,9.211407476512E-1,
9.211407476512E-1,9.211407476512E-1),(9.211407476512E-1,9.211407476512E-1,
9.211407476512E-1,9.211407476512E-1,9.211407476512E-1,9.211407476512E-1,
9.211407476512E-1),(1.236577757046E0,1.236577757046E0,1.236577757046E0,
1.236577757046E0,1.236577757046E0,1.236577757046E0,1.236577757046E0)))REPRESENTATION_ITEM('')SURFACE());
#6328=ORIENTED_EDGE('',*,*,#4955,.T.);
#6329=ORIENTED_EDGE('',*,*,#6288,.F.);
#6331=ORIENTED_EDGE('',*,*,#6330,.F.);
#6333=ORIENTED_EDGE('',*,*,#6332,.T.);
#6334=EDGE_LOOP('',(#6328,#6329,#6331,#6333));
#6335=FACE_OUTER_BOUND('',#6334,.F.);
#6336=ADVANCED_FACE('',(#6335),#6327,.T.);
#6337=CARTESIAN_POINT('',(2.159114402285E2,3.284592890162E1,1.071916559981E1));
#6338=DIRECTION('',(4.518732054226E-1,0.E0,-8.920821745899E-1));
#6339=DIRECTION('',(-8.920821745899E-1,0.E0,-4.518732054226E-1));
#6340=AXIS2_PLACEMENT_3D('',#6337,#6338,#6339);
#6341=CYLINDRICAL_SURFACE('',#6340,1.E0);
#6343=ORIENTED_EDGE('',*,*,#6342,.T.);
#6344=ORIENTED_EDGE('',*,*,#6330,.T.);
#6346=ORIENTED_EDGE('',*,*,#6345,.F.);
#6348=ORIENTED_EDGE('',*,*,#6347,.F.);
#6349=EDGE_LOOP('',(#6343,#6344,#6346,#6348));
#6350=FACE_OUTER_BOUND('',#6349,.F.);
#6351=ADVANCED_FACE('',(#6350),#6341,.T.);
#6352=CARTESIAN_POINT('',(2.150921927847E2,4.414592890162E1,1.012350302116E1));
#6353=DIRECTION('',(-8.920821745899E-1,0.E0,-4.518732054226E-1));
#6354=DIRECTION('',(4.518732054226E-1,0.E0,-8.920821745899E-1));
#6355=AXIS2_PLACEMENT_3D('',#6352,#6353,#6354);
#6356=PLANE('',#6355);
#6357=ORIENTED_EDGE('',*,*,#6332,.F.);
#6358=ORIENTED_EDGE('',*,*,#6342,.F.);
#6360=ORIENTED_EDGE('',*,*,#6359,.T.);
#6362=ORIENTED_EDGE('',*,*,#6361,.T.);
#6363=ORIENTED_EDGE('',*,*,#4957,.F.);
#6364=EDGE_LOOP('',(#6357,#6358,#6360,#6362,#6363));
#6365=FACE_OUTER_BOUND('',#6364,.F.);
#6366=ADVANCED_FACE('',(#6365),#6356,.T.);
#6367=CARTESIAN_POINT('',(2.048304467814E2,4.414592890162E1,4.925542349103E0));
#6368=DIRECTION('',(0.E0,-1.E0,0.E0));
#6369=DIRECTION('',(1.E0,0.E0,0.E0));
#6370=AXIS2_PLACEMENT_3D('',#6367,#6368,#6369);
#6371=CYLINDRICAL_SURFACE('',#6370,1.150313984029E1);
#6373=ORIENTED_EDGE('',*,*,#6372,.F.);
#6375=ORIENTED_EDGE('',*,*,#6374,.F.);
#6377=ORIENTED_EDGE('',*,*,#6376,.F.);
#6379=ORIENTED_EDGE('',*,*,#6378,.T.);
#6381=ORIENTED_EDGE('',*,*,#6380,.F.);
#6383=ORIENTED_EDGE('',*,*,#6382,.T.);
#6384=ORIENTED_EDGE('',*,*,#6359,.F.);
#6385=EDGE_LOOP('',(#6373,#6375,#6377,#6379,#6381,#6383,#6384));
#6386=FACE_OUTER_BOUND('',#6385,.F.);
#6387=ADVANCED_FACE('',(#6386),#6371,.F.);
#6388=CARTESIAN_POINT('',(2.048304467814E2,3.284592890162E1,4.925542349103E0));
#6389=DIRECTION('',(0.E0,-1.E0,0.E0));
#6390=DIRECTION('',(5.626969684604E-1,0.E0,8.266632456360E-1));
#6391=AXIS2_PLACEMENT_3D('',#6388,#6389,#6390);
#6392=TOROIDAL_SURFACE('',#6391,1.250313984029E1,1.E0);
#6393=ORIENTED_EDGE('',*,*,#6372,.T.);
#6394=ORIENTED_EDGE('',*,*,#6347,.T.);
#6396=ORIENTED_EDGE('',*,*,#6395,.F.);
#6398=ORIENTED_EDGE('',*,*,#6397,.F.);
#6399=EDGE_LOOP('',(#6393,#6394,#6396,#6398));
#6400=FACE_OUTER_BOUND('',#6399,.F.);
#6401=ADVANCED_FACE('',(#6400),#6392,.T.);
#6402=CARTESIAN_POINT('',(0.E0,3.384592890162E1,4.751166127193E-11));
#6403=DIRECTION('',(0.E0,1.E0,0.E0));
#6404=DIRECTION('',(-1.E0,0.E0,0.E0));
#6405=AXIS2_PLACEMENT_3D('',#6402,#6403,#6404);
#6406=PLANE('',#6405);
#6407=ORIENTED_EDGE('',*,*,#6345,.T.);
#6408=ORIENTED_EDGE('',*,*,#6294,.T.);
#6410=ORIENTED_EDGE('',*,*,#6409,.T.);
#6411=ORIENTED_EDGE('',*,*,#6395,.T.);
#6412=EDGE_LOOP('',(#6407,#6408,#6410,#6411));
#6413=FACE_OUTER_BOUND('',#6412,.F.);
#6414=ADVANCED_FACE('',(#6413),#6406,.T.);
#6415=CARTESIAN_POINT('',(2.157274455183E2,3.524592890162E1,1.042653700036E1));
#6416=DIRECTION('',(0.E0,1.E0,0.E0));
#6417=DIRECTION('',(3.759074260528E-1,0.E0,-9.266572219750E-1));
#6418=AXIS2_PLACEMENT_3D('',#6415,#6416,#6417);
#6419=TOROIDAL_SURFACE('',#6418,4.599999997661E0,1.4E0);
#6421=ORIENTED_EDGE('',*,*,#6420,.T.);
#6422=ORIENTED_EDGE('',*,*,#6409,.F.);
#6423=ORIENTED_EDGE('',*,*,#6292,.T.);
#6424=ORIENTED_EDGE('',*,*,#6151,.T.);
#6425=EDGE_LOOP('',(#6421,#6422,#6423,#6424));
#6426=FACE_OUTER_BOUND('',#6425,.F.);
#6427=ADVANCED_FACE('',(#6426),#6419,.F.);
#6428=CARTESIAN_POINT('',(2.103180146322E2,3.537008083971E1,1.515629942975E1));
#6429=CARTESIAN_POINT('',(2.103162605509E2,3.532876316628E1,1.515735954713E1));
#6430=CARTESIAN_POINT('',(2.103108933068E2,3.507352246622E1,1.516067313766E1));
#6431=CARTESIAN_POINT('',(2.103618141865E2,3.460483143307E1,1.512899057035E1));
#6432=CARTESIAN_POINT('',(2.105600489271E2,3.401489092350E1,1.500285774732E1));
#6433=CARTESIAN_POINT('',(2.108591254638E2,3.351591435014E1,1.480478309687E1));
#6434=CARTESIAN_POINT('',(2.112285644543E2,3.312680415023E1,1.454617225983E1));
#6435=CARTESIAN_POINT('',(2.116431388395E2,3.285573744233E1,1.423592957575E1));
#6436=CARTESIAN_POINT('',(2.120791102306E2,3.271249590836E1,1.388356983211E1));
#6437=CARTESIAN_POINT('',(2.123903937735E2,3.270662964997E1,1.360987294289E1));
#6438=CARTESIAN_POINT('',(2.125506169598E2,3.273359801466E1,1.346191366723E1));
#6439=CARTESIAN_POINT('',(2.125743496052E2,3.273830074175E1,1.343984191048E1));
#6440=CARTESIAN_POINT('',(2.107115064034E2,3.534094650011E1,1.457321921010E1));
#6441=CARTESIAN_POINT('',(2.107100587318E2,3.530932858581E1,1.457399537504E1));
#6442=CARTESIAN_POINT('',(2.107056308399E2,3.511397153999E1,1.457644094754E1));
#6443=CARTESIAN_POINT('',(2.107476388513E2,3.475526421690E1,1.455297648486E1));
#6444=CARTESIAN_POINT('',(2.109102915356E2,3.430862796174E1,1.446033074162E1));
#6445=CARTESIAN_POINT('',(2.111533087610E2,3.393901861087E1,1.431719031222E1));
#6446=CARTESIAN_POINT('',(2.114497887858E2,3.366062486397E1,1.413439669337E1));
#6447=CARTESIAN_POINT('',(2.117780612316E2,3.347754024360E1,1.392085196490E1));
#6448=CARTESIAN_POINT('',(2.121188465456E2,3.339370221549E1,1.368561353681E1));
#6449=CARTESIAN_POINT('',(2.123597615464E2,3.340540494474E1,1.350890781835E1));
#6450=CARTESIAN_POINT('',(2.124834943633E2,3.343294797304E1,1.341528007439E1));
#6451=CARTESIAN_POINT('',(2.125018205636E2,3.343753485209E1,1.340135740432E1));
#6452=CARTESIAN_POINT('',(2.114131686315E2,3.531196715360E1,1.452336491700E1));
#6453=CARTESIAN_POINT('',(2.114121080705E2,3.528999029663E1,1.452382689308E1));
#6454=CARTESIAN_POINT('',(2.114088618875E2,3.515422191809E1,1.452527972780E1));
#6455=CARTESIAN_POINT('',(2.114396601231E2,3.490491781943E1,1.451135389857E1));
#6456=CARTESIAN_POINT('',(2.115598681821E2,3.459190438399E1,1.445604910473E1));
#6457=CARTESIAN_POINT('',(2.117421828783E2,3.432847104425E1,1.436962926032E1));
#6458=CARTESIAN_POINT('',(2.119692563217E2,3.412462745331E1,1.425750993235E1));
#6459=CARTESIAN_POINT('',(2.122270865507E2,3.398437399583E1,1.412398343519E1));
#6460=CARTESIAN_POINT('',(2.125027688640E2,3.391234130781E1,1.397360077081E1));
#6461=CARTESIAN_POINT('',(2.127042461087E2,3.391183263739E1,1.385794486728E1));
#6462=CARTESIAN_POINT('',(2.128098206344E2,3.392729093854E1,1.379586128627E1));
#6463=CARTESIAN_POINT('',(2.128255034943E2,3.392995169964E1,1.378661065914E1));
#6464=CARTESIAN_POINT('',(2.118860454027E2,3.530531961242E1,1.504488818014E1));
#6465=CARTESIAN_POINT('',(2.118851564118E2,3.528554716964E1,1.504524616797E1));
#6466=CARTESIAN_POINT('',(2.118824299767E2,3.516347148849E1,1.504634125031E1));
#6467=CARTESIAN_POINT('',(2.119082999519E2,3.493926792442E1,1.503597502321E1));
#6468=CARTESIAN_POINT('',(2.120116821043E2,3.464793931751E1,1.499328941353E1));
#6469=CARTESIAN_POINT('',(2.121751044333E2,3.438623823921E1,1.492197037145E1));
#6470=CARTESIAN_POINT('',(2.123894379458E2,3.416372805540E1,1.482129801015E1));
#6471=CARTESIAN_POINT('',(2.126465924799E2,3.398837774587E1,1.468987505423E1));
#6472=CARTESIAN_POINT('',(2.129370757653E2,3.387151804603E1,1.452714565297E1));
#6473=CARTESIAN_POINT('',(2.131602262827E2,3.383836251702E1,1.438987906385E1));
#6474=CARTESIAN_POINT('',(2.132798704579E2,3.383832469087E1,1.431241270649E1));
#6475=CARTESIAN_POINT('',(2.132976959317E2,3.383872305031E1,1.430078173850E1));
#6476=(BOUNDED_SURFACE()B_SPLINE_SURFACE(3,3,((#6428,#6429,#6430,#6431,#6432,
#6433,#6434,#6435,#6436,#6437,#6438,#6439),(#6440,#6441,#6442,#6443,#6444,#6445,
#6446,#6447,#6448,#6449,#6450,#6451),(#6452,#6453,#6454,#6455,#6456,#6457,#6458,
#6459,#6460,#6461,#6462,#6463),(#6464,#6465,#6466,#6467,#6468,#6469,#6470,#6471,
#6472,#6473,#6474,#6475)),.UNSPECIFIED.,.F.,.F.,.F.)B_SPLINE_SURFACE_WITH_KNOTS(
(4,4),(4,1,1,1,1,1,1,1,1,4),(0.E0,1.E0),(-2.752203358410E-2,0.E0,
1.421322732486E-1,2.830000476490E-1,4.241002770765E-1,5.630070950035E-1,
7.042346041149E-1,8.513888398433E-1,1.E0,1.026106163479E0),.UNSPECIFIED.)GEOMETRIC_REPRESENTATION_ITEM()RATIONAL_B_SPLINE_SURFACE(((1.236576450714E0,
1.236576450714E0,1.236576450714E0,1.236576450714E0,1.236576450714E0,
1.236576450714E0,1.236576450714E0,1.236576450714E0,1.236576450714E0,
1.236576450714E0,1.236576450714E0,1.236576450714E0),(9.211411830954E-1,
9.211411830954E-1,9.211411830954E-1,9.211411830954E-1,9.211411830954E-1,
9.211411830954E-1,9.211411830954E-1,9.211411830954E-1,9.211411830954E-1,
9.211411830954E-1,9.211411830954E-1,9.211411830954E-1),(9.211411830954E-1,
9.211411830954E-1,9.211411830954E-1,9.211411830954E-1,9.211411830954E-1,
9.211411830954E-1,9.211411830954E-1,9.211411830954E-1,9.211411830954E-1,
9.211411830954E-1,9.211411830954E-1,9.211411830954E-1),(1.236576450714E0,
1.236576450714E0,1.236576450714E0,1.236576450714E0,1.236576450714E0,
1.236576450714E0,1.236576450714E0,1.236576450714E0,1.236576450714E0,
1.236576450714E0,1.236576450714E0,1.236576450714E0)))REPRESENTATION_ITEM('')SURFACE());
#6477=ORIENTED_EDGE('',*,*,#6374,.T.);
#6478=ORIENTED_EDGE('',*,*,#6397,.T.);
#6479=ORIENTED_EDGE('',*,*,#6420,.F.);
#6481=ORIENTED_EDGE('',*,*,#6480,.F.);
#6482=EDGE_LOOP('',(#6477,#6478,#6479,#6481));
#6483=FACE_OUTER_BOUND('',#6482,.F.);
#6484=ADVANCED_FACE('',(#6483),#6476,.T.);
#6485=CARTESIAN_POINT('',(2.111441856706E2,2.089126621406E2,1.571744705144E1));
#6486=DIRECTION('',(0.E0,-1.E0,0.E0));
#6487=DIRECTION('',(-5.049722685565E-1,0.E0,-8.631355675610E-1));
#6488=AXIS2_PLACEMENT_3D('',#6485,#6486,#6487);
#6489=CYLINDRICAL_SURFACE('',#6488,1.E0);
#6490=ORIENTED_EDGE('',*,*,#6376,.T.);
#6491=ORIENTED_EDGE('',*,*,#6480,.T.);
#6492=ORIENTED_EDGE('',*,*,#6149,.F.);
#6494=ORIENTED_EDGE('',*,*,#6493,.T.);
#6495=EDGE_LOOP('',(#6490,#6491,#6492,#6494));
#6496=FACE_OUTER_BOUND('',#6495,.F.);
#6497=ADVANCED_FACE('',(#6496),#6489,.T.);
#6498=CARTESIAN_POINT('',(0.E0,4.414592890162E1,0.E0));
#6499=DIRECTION('',(0.E0,-1.E0,0.E0));
#6500=DIRECTION('',(1.E0,0.E0,0.E0));
#6501=AXIS2_PLACEMENT_3D('',#6498,#6499,#6500);
#6502=PLANE('',#6501);
#6503=ORIENTED_EDGE('',*,*,#6378,.F.);
#6504=ORIENTED_EDGE('',*,*,#6493,.F.);
#6505=ORIENTED_EDGE('',*,*,#6147,.T.);
#6507=ORIENTED_EDGE('',*,*,#6506,.T.);
#6509=ORIENTED_EDGE('',*,*,#6508,.T.);
#6510=ORIENTED_EDGE('',*,*,#4963,.F.);
#6512=ORIENTED_EDGE('',*,*,#6511,.F.);
#6513=EDGE_LOOP('',(#6503,#6504,#6505,#6507,#6509,#6510,#6512));
#6514=FACE_OUTER_BOUND('',#6513,.F.);
#6515=ADVANCED_FACE('',(#6514),#6502,.T.);
#6516=CARTESIAN_POINT('',(0.E0,0.E0,1.200000000005E1));
#6517=DIRECTION('',(0.E0,0.E0,-1.E0));
#6518=DIRECTION('',(-1.E0,0.E0,0.E0));
#6519=AXIS2_PLACEMENT_3D('',#6516,#6517,#6518);
#6520=PLANE('',#6519);
#6522=ORIENTED_EDGE('',*,*,#6521,.F.);
#6524=ORIENTED_EDGE('',*,*,#6523,.F.);
#6526=ORIENTED_EDGE('',*,*,#6525,.F.);
#6528=ORIENTED_EDGE('',*,*,#6527,.F.);
#6530=ORIENTED_EDGE('',*,*,#6529,.F.);
#6532=ORIENTED_EDGE('',*,*,#6531,.F.);
#6533=ORIENTED_EDGE('',*,*,#6506,.F.);
#6534=ORIENTED_EDGE('',*,*,#6145,.T.);
#6535=ORIENTED_EDGE('',*,*,#6115,.F.);
#6536=EDGE_LOOP('',(#6522,#6524,#6526,#6528,#6530,#6532,#6533,#6534,#6535));
#6537=FACE_OUTER_BOUND('',#6536,.F.);
#6538=ADVANCED_FACE('',(#6537),#6520,.T.);
#6539=CARTESIAN_POINT('',(2.093380918580E2,5.264592890162E1,-2.383502291707E1));
#6540=DIRECTION('',(0.E0,0.E0,1.E0));
#6541=DIRECTION('',(0.E0,1.E0,0.E0));
#6542=AXIS2_PLACEMENT_3D('',#6539,#6540,#6541);
#6543=CYLINDRICAL_SURFACE('',#6542,1.E0);
#6544=ORIENTED_EDGE('',*,*,#6521,.T.);
#6545=ORIENTED_EDGE('',*,*,#6113,.F.);
#6546=ORIENTED_EDGE('',*,*,#4975,.T.);
#6548=ORIENTED_EDGE('',*,*,#6547,.T.);
#6549=EDGE_LOOP('',(#6544,#6545,#6546,#6548));
#6550=FACE_OUTER_BOUND('',#6549,.F.);
#6551=ADVANCED_FACE('',(#6550),#6543,.F.);
#6552=CARTESIAN_POINT('',(2.083380918580E2,5.231553053242E1,
4.751166127193E-11));
#6553=DIRECTION('',(-1.E0,0.E0,0.E0));
#6554=DIRECTION('',(0.E0,1.E0,0.E0));
#6555=AXIS2_PLACEMENT_3D('',#6552,#6553,#6554);
#6556=PLANE('',#6555);
#6557=ORIENTED_EDGE('',*,*,#6547,.F.);
#6558=ORIENTED_EDGE('',*,*,#4973,.F.);
#6560=ORIENTED_EDGE('',*,*,#6559,.F.);
#6561=ORIENTED_EDGE('',*,*,#6523,.T.);
#6562=EDGE_LOOP('',(#6557,#6558,#6560,#6561));
#6563=FACE_OUTER_BOUND('',#6562,.F.);
#6564=ADVANCED_FACE('',(#6563),#6556,.F.);
#6565=CARTESIAN_POINT('',(1.953503339740E2,5.231553053242E1,
4.751166127193E-11));
#6566=DIRECTION('',(0.E0,1.E0,0.E0));
#6567=DIRECTION('',(1.E0,0.E0,0.E0));
#6568=AXIS2_PLACEMENT_3D('',#6565,#6566,#6567);
#6569=PLANE('',#6568);
#6570=ORIENTED_EDGE('',*,*,#6559,.T.);
#6571=ORIENTED_EDGE('',*,*,#4971,.T.);
#6573=ORIENTED_EDGE('',*,*,#6572,.T.);
#6574=ORIENTED_EDGE('',*,*,#6525,.T.);
#6575=EDGE_LOOP('',(#6570,#6571,#6573,#6574));
#6576=FACE_OUTER_BOUND('',#6575,.F.);
#6577=ADVANCED_FACE('',(#6576),#6569,.F.);
#6578=CARTESIAN_POINT('',(1.953503339740E2,4.515434798814E1,
4.751166127193E-11));
#6579=DIRECTION('',(-1.E0,0.E0,0.E0));
#6580=DIRECTION('',(0.E0,1.E0,0.E0));
#6581=AXIS2_PLACEMENT_3D('',#6578,#6579,#6580);
#6582=PLANE('',#6581);
#6583=ORIENTED_EDGE('',*,*,#4969,.F.);
#6585=ORIENTED_EDGE('',*,*,#6584,.T.);
#6586=ORIENTED_EDGE('',*,*,#6527,.T.);
#6587=ORIENTED_EDGE('',*,*,#6572,.F.);
#6588=EDGE_LOOP('',(#6583,#6585,#6586,#6587));
#6589=FACE_OUTER_BOUND('',#6588,.F.);
#6590=ADVANCED_FACE('',(#6589),#6582,.F.);
#6591=CARTESIAN_POINT('',(2.143531944544E2,4.515434798814E1,
4.751166127193E-11));
#6592=DIRECTION('',(0.E0,-1.E0,0.E0));
#6593=DIRECTION('',(-1.E0,0.E0,0.E0));
#6594=AXIS2_PLACEMENT_3D('',#6591,#6592,#6593);
#6595=PLANE('',#6594);
#6597=ORIENTED_EDGE('',*,*,#6596,.F.);
#6598=ORIENTED_EDGE('',*,*,#6529,.T.);
#6599=ORIENTED_EDGE('',*,*,#6584,.F.);
#6600=ORIENTED_EDGE('',*,*,#4967,.F.);
#6601=EDGE_LOOP('',(#6597,#6598,#6599,#6600));
#6602=FACE_OUTER_BOUND('',#6601,.F.);
#6603=ADVANCED_FACE('',(#6602),#6595,.F.);
#6604=CARTESIAN_POINT('',(1.973384416863E2,4.388718773175E1,
4.751166127193E-11));
#6605=DIRECTION('',(-1.E0,0.E0,0.E0));
#6606=DIRECTION('',(0.E0,1.E0,0.E0));
#6607=AXIS2_PLACEMENT_3D('',#6604,#6605,#6606);
#6608=PLANE('',#6607);
#6609=ORIENTED_EDGE('',*,*,#6508,.F.);
#6610=ORIENTED_EDGE('',*,*,#6531,.T.);
#6611=ORIENTED_EDGE('',*,*,#6596,.T.);
#6612=ORIENTED_EDGE('',*,*,#4965,.F.);
#6613=EDGE_LOOP('',(#6609,#6610,#6611,#6612));
#6614=FACE_OUTER_BOUND('',#6613,.F.);
#6615=ADVANCED_FACE('',(#6614),#6608,.F.);
#6616=CARTESIAN_POINT('',(1.945687007780E2,4.414592890162E1,1.012350302116E1));
#6617=DIRECTION('',(-8.920821745899E-1,0.E0,4.518732054226E-1));
#6618=DIRECTION('',(-4.518732054226E-1,0.E0,-8.920821745899E-1));
#6619=AXIS2_PLACEMENT_3D('',#6616,#6617,#6618);
#6620=PLANE('',#6619);
#6621=ORIENTED_EDGE('',*,*,#4961,.T.);
#6623=ORIENTED_EDGE('',*,*,#6622,.F.);
#6624=ORIENTED_EDGE('',*,*,#6380,.T.);
#6625=ORIENTED_EDGE('',*,*,#6511,.T.);
#6626=EDGE_LOOP('',(#6621,#6623,#6624,#6625));
#6627=FACE_OUTER_BOUND('',#6626,.F.);
#6628=ADVANCED_FACE('',(#6627),#6620,.F.);
#6629=CARTESIAN_POINT('',(0.E0,-5.582300186157E1,0.E0));
#6630=DIRECTION('',(0.E0,-1.E0,0.E0));
#6631=DIRECTION('',(1.E0,0.E0,0.E0));
#6632=AXIS2_PLACEMENT_3D('',#6629,#6630,#6631);
#6633=PLANE('',#6632);
#6634=ORIENTED_EDGE('',*,*,#4959,.T.);
#6635=ORIENTED_EDGE('',*,*,#6361,.F.);
#6636=ORIENTED_EDGE('',*,*,#6382,.F.);
#6637=ORIENTED_EDGE('',*,*,#6622,.T.);
#6638=EDGE_LOOP('',(#6634,#6635,#6636,#6637));
#6639=FACE_OUTER_BOUND('',#6638,.F.);
#6640=ADVANCED_FACE('',(#6639),#6633,.F.);
#6641=CARTESIAN_POINT('',(2.208273994327E2,5.426522689873E1,4.275495089613E1));
#6642=DIRECTION('',(0.E0,0.E0,-1.E0));
#6643=DIRECTION('',(-2.682814425550E-1,-9.633405771484E-1,0.E0));
#6644=AXIS2_PLACEMENT_3D('',#6641,#6642,#6643);
#6645=CYLINDRICAL_SURFACE('',#6644,2.1E0);
#6646=ORIENTED_EDGE('',*,*,#6196,.T.);
#6647=ORIENTED_EDGE('',*,*,#6265,.T.);
#6648=ORIENTED_EDGE('',*,*,#4947,.T.);
#6650=ORIENTED_EDGE('',*,*,#6649,.F.);
#6651=EDGE_LOOP('',(#6646,#6647,#6648,#6650));
#6652=FACE_OUTER_BOUND('',#6651,.F.);
#6653=ADVANCED_FACE('',(#6652),#6645,.T.);
#6654=CARTESIAN_POINT('',(2.181839407142E2,5.264592890162E1,-2.383502291707E1));
#6655=DIRECTION('',(0.E0,0.E0,1.E0));
#6656=DIRECTION('',(1.E0,0.E0,0.E0));
#6657=AXIS2_PLACEMENT_3D('',#6654,#6655,#6656);
#6658=CYLINDRICAL_SURFACE('',#6657,1.E0);
#6660=ORIENTED_EDGE('',*,*,#6659,.T.);
#6661=ORIENTED_EDGE('',*,*,#6649,.T.);
#6662=ORIENTED_EDGE('',*,*,#4979,.T.);
#6663=ORIENTED_EDGE('',*,*,#6110,.T.);
#6664=EDGE_LOOP('',(#6660,#6661,#6662,#6663));
#6665=FACE_OUTER_BOUND('',#6664,.F.);
#6666=ADVANCED_FACE('',(#6665),#6658,.F.);
#6667=CARTESIAN_POINT('',(2.178017025025E2,5.410863319733E1,4.528673246191E0));
#6668=CARTESIAN_POINT('',(2.178178490437E2,5.411377256455E1,4.537808136471E0));
#6669=CARTESIAN_POINT('',(2.179218035591E2,5.414493822061E1,4.597495272123E0));
#6670=CARTESIAN_POINT('',(2.181302273932E2,5.418330802004E1,4.727188511104E0));
#6671=CARTESIAN_POINT('',(2.184491996239E2,5.417416953170E1,4.946476197721E0));
#6672=CARTESIAN_POINT('',(2.187987183050E2,5.407563643009E1,5.204875686164E0));
#6673=CARTESIAN_POINT('',(2.190978293007E2,5.389092800013E1,5.437682189212E0));
#6674=CARTESIAN_POINT('',(2.192650422854E2,5.371811902911E1,5.571222248428E0));
#6675=CARTESIAN_POINT('',(2.193194528584E2,5.365035080435E1,5.614921427169E0));
#6676=CARTESIAN_POINT('',(2.179019994327E2,5.376951768397E1,4.284702751254E0));
#6677=CARTESIAN_POINT('',(2.179145613461E2,5.377331002448E1,4.294231911874E0));
#6678=CARTESIAN_POINT('',(2.179953898164E2,5.379621668004E1,4.356442182994E0));
#6679=CARTESIAN_POINT('',(2.181567907184E2,5.382326928575E1,4.490936077894E0));
#6680=CARTESIAN_POINT('',(2.184018338247E2,5.381246876459E1,4.714911843830E0));
#6681=CARTESIAN_POINT('',(2.186682748910E2,5.373345742059E1,4.974012014864E0));
#6682=CARTESIAN_POINT('',(2.188947111896E2,5.359027607718E1,5.202439921038E0));
#6683=CARTESIAN_POINT('',(2.190207328581E2,5.345804775553E1,5.330998125634E0));
#6684=CARTESIAN_POINT('',(2.190616877882E2,5.340636034189E1,5.372815252970E0));
#6685=CARTESIAN_POINT('',(2.180384298200E2,5.360324352860E1,3.912792827971E0));
#6686=CARTESIAN_POINT('',(2.180504206631E2,5.360521353275E1,3.922923016399E0));
#6687=CARTESIAN_POINT('',(2.181271940830E2,5.361634888907E1,3.988979568680E0));
#6688=CARTESIAN_POINT('',(2.182752393832E2,5.361976058776E1,4.130791609059E0));
#6689=CARTESIAN_POINT('',(2.184841971437E2,5.357989788330E1,4.361913908105E0));
#6690=CARTESIAN_POINT('',(2.186946271103E2,5.348563611548E1,4.622082203417E0));
#6691=CARTESIAN_POINT('',(2.188605621836E2,5.335313336270E1,4.843835353170E0));
#6692=CARTESIAN_POINT('',(2.189482732659E2,5.324466039395E1,4.964799192022E0));
#6693=CARTESIAN_POINT('',(2.189763470907E2,5.320361706624E1,5.003747310160E0));
#6694=CARTESIAN_POINT('',(2.181758489108E2,5.365264330166E1,3.508748250994E0));
#6695=CARTESIAN_POINT('',(2.181904293504E2,5.365278509745E1,3.519531398676E0));
#6696=CARTESIAN_POINT('',(2.182832633038E2,5.365166916713E1,3.589766567734E0));
#6697=CARTESIAN_POINT('',(2.184550607636E2,5.362520619262E1,3.739529073559E0));
#6698=CARTESIAN_POINT('',(2.186750726173E2,5.353636763363E1,3.978415397619E0));
#6699=CARTESIAN_POINT('',(2.188709865763E2,5.339601180164E1,4.239744107845E0));
#6700=CARTESIAN_POINT('',(2.190041791381E2,5.324058831630E1,4.454245772855E0));
#6701=CARTESIAN_POINT('',(2.190663292515E2,5.313292597533E1,4.566959059350E0));
#6702=CARTESIAN_POINT('',(2.190854147082E2,5.309434806956E1,4.602790273272E0));
#6703=(BOUNDED_SURFACE()B_SPLINE_SURFACE(3,3,((#6667,#6668,#6669,#6670,#6671,
#6672,#6673,#6674,#6675),(#6676,#6677,#6678,#6679,#6680,#6681,#6682,#6683,
#6684),(#6685,#6686,#6687,#6688,#6689,#6690,#6691,#6692,#6693),(#6694,#6695,
#6696,#6697,#6698,#6699,#6700,#6701,#6702)),.UNSPECIFIED.,.F.,.F.,.F.)B_SPLINE_SURFACE_WITH_KNOTS((4,4),(4,1,1,1,1,1,4),(0.E0,1.E0),(1.15247538E-1,
1.436866721768E-1,2.969705940076E-1,4.627572825264E-1,6.421881397834E-1,
8.258361452572E-1,9.234025938186E-1),.UNSPECIFIED.)GEOMETRIC_REPRESENTATION_ITEM()RATIONAL_B_SPLINE_SURFACE(((1.068833432312E0,1.068833432312E0,1.068833432312E0,
1.068833432312E0,1.068833432312E0,1.068833432312E0,1.068833432312E0,
1.068833432312E0,1.068833432312E0),(9.770555225627E-1,9.770555225627E-1,
9.770555225627E-1,9.770555225627E-1,9.770555225627E-1,9.770555225627E-1,
9.770555225627E-1,9.770555225627E-1,9.770555225627E-1),(9.770555225627E-1,
9.770555225627E-1,9.770555225627E-1,9.770555225627E-1,9.770555225627E-1,
9.770555225627E-1,9.770555225627E-1,9.770555225627E-1,9.770555225627E-1),(
1.068833432312E0,1.068833432312E0,1.068833432312E0,1.068833432312E0,
1.068833432312E0,1.068833432312E0,1.068833432312E0,1.068833432312E0,
1.068833432312E0)))REPRESENTATION_ITEM('')SURFACE());
#6704=ORIENTED_EDGE('',*,*,#6659,.F.);
#6705=ORIENTED_EDGE('',*,*,#6108,.F.);
#6706=ORIENTED_EDGE('',*,*,#6198,.F.);
#6707=EDGE_LOOP('',(#6704,#6705,#6706));
#6708=FACE_OUTER_BOUND('',#6707,.F.);
#6709=ADVANCED_FACE('',(#6708),#6703,.T.);
#6710=CARTESIAN_POINT('',(2.201094816169E2,5.684468558684E1,3.860661123514E0));
#6711=CARTESIAN_POINT('',(2.201377160312E2,5.684358040829E1,3.869856086608E0));
#6712=CARTESIAN_POINT('',(2.202755543142E2,5.683381247772E1,3.914791718123E0));
#6713=CARTESIAN_POINT('',(2.205043242718E2,5.678241806093E1,3.991153189755E0));
#6714=CARTESIAN_POINT('',(2.207591565288E2,5.666441881659E1,4.090559454228E0));
#6715=CARTESIAN_POINT('',(2.209550110029E2,5.653087427720E1,4.185360261140E0));
#6716=CARTESIAN_POINT('',(2.211103571901E2,5.639525501867E1,4.280678179602E0));
#6717=CARTESIAN_POINT('',(2.212386229546E2,5.626496223420E1,4.380171236672E0));
#6718=CARTESIAN_POINT('',(2.213480066809E2,5.614945145767E1,4.482514991859E0));
#6719=CARTESIAN_POINT('',(2.214469079381E2,5.605369739235E1,4.584080702139E0));
#6720=CARTESIAN_POINT('',(2.215446644669E2,5.597526149695E1,4.684216015398E0));
#6721=CARTESIAN_POINT('',(2.216520666024E2,5.590926073126E1,4.785543529456E0));
#6722=CARTESIAN_POINT('',(2.217441219740E2,5.586880010985E1,4.859743356151E0));
#6723=CARTESIAN_POINT('',(2.218016004157E2,5.584862005297E1,4.899892834881E0));
#6724=CARTESIAN_POINT('',(2.218152605142E2,5.584407288223E1,4.909088115723E0));
#6725=CARTESIAN_POINT('',(2.195065810971E2,5.687559513348E1,4.063962859804E0));
#6726=CARTESIAN_POINT('',(2.195354312805E2,5.688966049409E1,4.072773594274E0));
#6727=CARTESIAN_POINT('',(2.196790683527E2,5.695397148164E1,4.115419640419E0));
#6728=CARTESIAN_POINT('',(2.199401234013E2,5.702512816557E1,4.185114955257E0));
#6729=CARTESIAN_POINT('',(2.202701658218E2,5.703884739893E1,4.271767299422E0));
#6730=CARTESIAN_POINT('',(2.205512970600E2,5.699973705083E1,4.351207213868E0));
#6731=CARTESIAN_POINT('',(2.207930258419E2,5.693075470886E1,4.428566884726E0));
#6732=CARTESIAN_POINT('',(2.210036355627E2,5.684557144878E1,4.507223369172E0));
#6733=CARTESIAN_POINT('',(2.211847845102E2,5.675779182708E1,4.586524335396E0));
#6734=CARTESIAN_POINT('',(2.213413281408E2,5.667765409619E1,4.664162783392E0));
#6735=CARTESIAN_POINT('',(2.214838747628E2,5.660749616669E1,4.740025024352E0));
#6736=CARTESIAN_POINT('',(2.216257287382E2,5.654541436999E1,4.816249226822E0));
#6737=CARTESIAN_POINT('',(2.217356662744E2,5.650578710841E1,4.871615370713E0));
#6738=CARTESIAN_POINT('',(2.218006553073E2,5.648566729887E1,4.901322931159E0));
#6739=CARTESIAN_POINT('',(2.218159222114E2,5.648111093951E1,4.908106673701E0));
#6740=CARTESIAN_POINT('',(2.190820009527E2,5.642280528017E1,4.207097722060E0));
#6741=CARTESIAN_POINT('',(2.191005696021E2,5.644752949862E1,4.219268936015E0));
#6742=CARTESIAN_POINT('',(2.191958468664E2,5.656596049516E1,4.277994273638E0));
#6743=CARTESIAN_POINT('',(2.193921629848E2,5.674335123927E1,4.372700551766E0));
#6744=CARTESIAN_POINT('',(2.196817837957E2,5.690100146394E1,4.488514202459E0));
#6745=CARTESIAN_POINT('',(2.199581826420E2,5.698828282070E1,4.593098781797E0));
#6746=CARTESIAN_POINT('',(2.202187297584E2,5.702810537200E1,4.693645064350E0));
#6747=CARTESIAN_POINT('',(2.204647610144E2,5.703482048664E1,4.794760215456E0));
#6748=CARTESIAN_POINT('',(2.206913161075E2,5.702032233424E1,4.895821971377E0));
#6749=CARTESIAN_POINT('',(2.208971691623E2,5.699600739213E1,4.994172494E0));
#6750=CARTESIAN_POINT('',(2.210907693314E2,5.696856047124E1,5.089885966349E0));
#6751=CARTESIAN_POINT('',(2.212869302162E2,5.694038300452E1,5.185746582711E0));
#6752=CARTESIAN_POINT('',(2.214399861318E2,5.692049195022E1,5.255116011994E0));
#6753=CARTESIAN_POINT('',(2.215303793392E2,5.690997830377E1,5.292191493002E0));
#6754=CARTESIAN_POINT('',(2.215515998317E2,5.690757129258E1,5.300645955583E0));
#6755=CARTESIAN_POINT('',(2.191176102463E2,5.578691287084E1,4.195041743786E0));
#6756=CARTESIAN_POINT('',(2.191218257340E2,5.581070809348E1,4.212087199744E0));
#6757=CARTESIAN_POINT('',(2.191466895654E2,5.592737115178E1,4.294586031262E0));
#6758=CARTESIAN_POINT('',(2.192242214299E2,5.612415254887E1,4.429376185374E0));
#6759=CARTESIAN_POINT('',(2.193846238415E2,5.634239378008E1,4.596906843940E0));
#6760=CARTESIAN_POINT('',(2.195694228669E2,5.650411578862E1,4.750448676699E0));
#6761=CARTESIAN_POINT('',(2.197687309951E2,5.662267812588E1,4.899933368219E0));
#6762=CARTESIAN_POINT('',(2.199797458168E2,5.670707123316E1,5.051892629328E0));
#6763=CARTESIAN_POINT('',(2.201952038767E2,5.676275497046E1,5.205072262246E0));
#6764=CARTESIAN_POINT('',(2.204092980060E2,5.679740979676E1,5.355023923032E0));
#6765=CARTESIAN_POINT('',(2.206263218918E2,5.681875206391E1,5.501534151254E0));
#6766=CARTESIAN_POINT('',(2.208605916385E2,5.683195597768E1,5.648734740213E0));
#6767=CARTESIAN_POINT('',(2.210533768408E2,5.683760156082E1,5.755647961684E0));
#6768=CARTESIAN_POINT('',(2.211702025549E2,5.683986268088E1,5.813009807888E0));
#6769=CARTESIAN_POINT('',(2.211977709668E2,5.684033665148E1,5.826108095964E0));
#6770=(BOUNDED_SURFACE()B_SPLINE_SURFACE(3,3,((#6710,#6711,#6712,#6713,#6714,
#6715,#6716,#6717,#6718,#6719,#6720,#6721,#6722,#6723,#6724),(#6725,#6726,#6727,
#6728,#6729,#6730,#6731,#6732,#6733,#6734,#6735,#6736,#6737,#6738,#6739),(#6740,
#6741,#6742,#6743,#6744,#6745,#6746,#6747,#6748,#6749,#6750,#6751,#6752,#6753,
#6754),(#6755,#6756,#6757,#6758,#6759,#6760,#6761,#6762,#6763,#6764,#6765,#6766,
#6767,#6768,#6769)),.UNSPECIFIED.,.F.,.F.,.F.)B_SPLINE_SURFACE_WITH_KNOTS((4,4),
(4,1,1,1,1,1,1,1,1,1,1,1,4),(0.E0,1.E0),(-3.083091730426E-2,0.E0,
1.200723725301E-1,2.258815619995E-1,3.200824498649E-1,4.101016036780E-1,
5.032455170773E-1,5.983157980089E-1,6.907330949285E-1,7.839519139322E-1,
8.848967631527E-1,1.E0,1.035406398689E0),.UNSPECIFIED.)GEOMETRIC_REPRESENTATION_ITEM()RATIONAL_B_SPLINE_SURFACE(((1.198996618894E0,1.198996618894E0,
1.198996618894E0,1.198996618894E0,1.198996618894E0,1.198996618894E0,
1.198996618894E0,1.198996618894E0,1.198996618894E0,1.198996618894E0,
1.198996618894E0,1.198996618894E0,1.198996618894E0,1.198996618894E0,
1.198996618894E0),(9.336677937020E-1,9.336677937020E-1,9.336677937020E-1,
9.336677937020E-1,9.336677937020E-1,9.336677937020E-1,9.336677937020E-1,
9.336677937020E-1,9.336677937020E-1,9.336677937020E-1,9.336677937020E-1,
9.336677937020E-1,9.336677937020E-1,9.336677937020E-1,9.336677937020E-1),(
9.336677937020E-1,9.336677937020E-1,9.336677937020E-1,9.336677937020E-1,
9.336677937020E-1,9.336677937020E-1,9.336677937020E-1,9.336677937020E-1,
9.336677937020E-1,9.336677937020E-1,9.336677937020E-1,9.336677937020E-1,
9.336677937020E-1,9.336677937020E-1,9.336677937020E-1),(1.198996618894E0,
1.198996618894E0,1.198996618894E0,1.198996618894E0,1.198996618894E0,
1.198996618894E0,1.198996618894E0,1.198996618894E0,1.198996618894E0,
1.198996618894E0,1.198996618894E0,1.198996618894E0,1.198996618894E0,
1.198996618894E0,1.198996618894E0)))REPRESENTATION_ITEM('')SURFACE());
#6772=ORIENTED_EDGE('',*,*,#6771,.T.);
#6774=ORIENTED_EDGE('',*,*,#6773,.T.);
#6775=ORIENTED_EDGE('',*,*,#6006,.F.);
#6776=EDGE_LOOP('',(#6772,#6774,#6775));
#6777=FACE_OUTER_BOUND('',#6776,.F.);
#6778=ADVANCED_FACE('',(#6777),#6770,.T.);
#6779=CARTESIAN_POINT('',(2.199241581647E2,5.744424343383E1,5.153981612335E0));
#6780=CARTESIAN_POINT('',(2.199918261093E2,5.744896180390E1,5.154718242032E0));
#6781=CARTESIAN_POINT('',(2.200945744022E2,5.745135354432E1,5.154789520365E0));
#6782=CARTESIAN_POINT('',(2.201985490228E2,5.744730351893E1,5.152450823211E0));
#6783=CARTESIAN_POINT('',(2.202952899220E2,5.743857986806E1,5.149399060550E0));
#6784=CARTESIAN_POINT('',(2.203817571196E2,5.742631407182E1,5.146161250239E0));
#6785=CARTESIAN_POINT('',(2.204597328177E2,5.741165632287E1,5.143079449269E0));
#6786=CARTESIAN_POINT('',(2.205301372052E2,5.739536975269E1,5.140355075534E0));
#6787=CARTESIAN_POINT('',(2.205948298507E2,5.737788397527E1,5.138158587207E0));
#6788=CARTESIAN_POINT('',(2.206602115223E2,5.735771810933E1,5.136058603825E0));
#6789=CARTESIAN_POINT('',(2.207229687797E2,5.733581256799E1,5.133882562576E0));
#6790=CARTESIAN_POINT('',(2.207834021768E2,5.731230693811E1,5.131588147328E0));
#6791=CARTESIAN_POINT('',(2.208416989701E2,5.728726629308E1,5.129200197870E0));
#6792=CARTESIAN_POINT('',(2.208977245226E2,5.726089432235E1,5.126796863615E0));
#6793=CARTESIAN_POINT('',(2.209523567089E2,5.723294032764E1,5.124480532723E0));
#6794=CARTESIAN_POINT('',(2.210084405272E2,5.720187032287E1,5.122074433252E0));
#6795=CARTESIAN_POINT('',(2.210662153468E2,5.716716275453E1,5.119445184860E0));
#6796=CARTESIAN_POINT('',(2.211272566460E2,5.712731034902E1,5.116441668292E0));
#6797=CARTESIAN_POINT('',(2.211916442487E2,5.708140939244E1,5.113017617835E0));
#6798=CARTESIAN_POINT('',(2.212610265218E2,5.702713977796E1,5.109104006173E0));
#6799=CARTESIAN_POINT('',(2.213337302463E2,5.696417924684E1,5.104500341725E0));
#6800=CARTESIAN_POINT('',(2.214063979247E2,5.689408916421E1,5.099217600243E0));
#6801=CARTESIAN_POINT('',(2.214764022425E2,5.681870055258E1,5.093383991351E0));
#6802=CARTESIAN_POINT('',(2.215406406228E2,5.674134793324E1,5.087007281385E0));
#6803=CARTESIAN_POINT('',(2.215946868522E2,5.666888714377E1,5.080496054673E0));
#6804=CARTESIAN_POINT('',(2.216403317913E2,5.660181023750E1,5.074023431556E0));
#6805=CARTESIAN_POINT('',(2.216772874573E2,5.654251655925E1,5.067590164667E0));
#6806=CARTESIAN_POINT('',(2.217085277588E2,5.648892471741E1,5.061304592397E0));
#6807=CARTESIAN_POINT('',(2.217346110511E2,5.644103535295E1,5.054947788308E0));
#6808=CARTESIAN_POINT('',(2.217567464903E2,5.639881201983E1,5.048871350071E0));
#6809=CARTESIAN_POINT('',(2.217758999702E2,5.636084082887E1,5.042753067449E0));
#6810=CARTESIAN_POINT('',(2.217923352766E2,5.632833895417E1,5.037119691125E0));
#6811=CARTESIAN_POINT('',(2.218115922693E2,5.629019427838E1,5.029864789876E0));
#6812=CARTESIAN_POINT('',(2.218225320074E2,5.627099875052E1,5.026043256283E0));
#6813=CARTESIAN_POINT('',(2.218284772381E2,5.626744876015E1,5.026436117841E0));
#6814=CARTESIAN_POINT('',(2.199619453400E2,5.702207631640E1,4.827510241064E0));
#6815=CARTESIAN_POINT('',(2.200128811555E2,5.702560794802E1,4.828338086181E0));
#6816=CARTESIAN_POINT('',(2.200907951236E2,5.702743028878E1,4.828509019256E0));
#6817=CARTESIAN_POINT('',(2.201707253943E2,5.702436153680E1,4.826202044253E0));
#6818=CARTESIAN_POINT('',(2.202451366442E2,5.701769456477E1,4.823186122425E0));
#6819=CARTESIAN_POINT('',(2.203117565487E2,5.700829692352E1,4.819966415677E0));
#6820=CARTESIAN_POINT('',(2.203719304227E2,5.699703777479E1,4.816883713141E0));
#6821=CARTESIAN_POINT('',(2.204263581469E2,5.698449679729E1,4.814141196389E0));
#6822=CARTESIAN_POINT('',(2.204764228277E2,5.697100502528E1,4.811922234012E0));
#6823=CARTESIAN_POINT('',(2.205268321283E2,5.695549043178E1,4.809829060049E0));
#6824=CARTESIAN_POINT('',(2.205751882700E2,5.693864746392E1,4.807665094567E0));
#6825=CARTESIAN_POINT('',(2.206217534868E2,5.692057394825E1,4.805384022108E0));
#6826=CARTESIAN_POINT('',(2.206667004949E2,5.690130899243E1,4.803004963891E0));
#6827=CARTESIAN_POINT('',(2.207099487503E2,5.688099553259E1,4.800600314193E0));
#6828=CARTESIAN_POINT('',(2.207521482626E2,5.685944652719E1,4.798277556225E0));
#6829=CARTESIAN_POINT('',(2.207954036295E2,5.683552651629E1,4.795878105431E0));
#6830=CARTESIAN_POINT('',(2.208399482584E2,5.680881485796E1,4.793259845725E0));
#6831=CARTESIAN_POINT('',(2.208870064473E2,5.677814800920E1,4.790270959275E0));
#6832=CARTESIAN_POINT('',(2.209366902702E2,5.674279673221E1,4.786853056157E0));
#6833=CARTESIAN_POINT('',(2.209901956901E2,5.670102278630E1,4.782955806826E0));
#6834=CARTESIAN_POINT('',(2.210462325936E2,5.665258863446E1,4.778382653708E0));
#6835=CARTESIAN_POINT('',(2.211022603964E2,5.659866163199E1,4.773132392044E0));
#6836=CARTESIAN_POINT('',(2.211562218649E2,5.654067746621E1,4.767341930454E0));
#6837=CARTESIAN_POINT('',(2.212056742545E2,5.648127289485E1,4.761051574330E0));
#6838=CARTESIAN_POINT('',(2.212473137084E2,5.642560215494E1,4.754614786807E0));
#6839=CARTESIAN_POINT('',(2.212823739955E2,5.637422735949E1,4.748299043149E0));
#6840=CARTESIAN_POINT('',(2.213107812686E2,5.632880532131E1,4.742011553928E0));
#6841=CARTESIAN_POINT('',(2.213346793665E2,5.628793996069E1,4.735992878582E0));
#6842=CARTESIAN_POINT('',(2.213546259439E2,5.625145262939E1,4.729923147869E0));
#6843=CARTESIAN_POINT('',(2.213714216101E2,5.621950518343E1,4.724316530485E0));
#6844=CARTESIAN_POINT('',(2.213859086533E2,5.619086337106E1,4.718763524304E0));
#6845=CARTESIAN_POINT('',(2.213982013183E2,5.616658440953E1,4.713949687140E0));
#6846=CARTESIAN_POINT('',(2.214125429452E2,5.613820056196E1,4.707924313106E0));
#6847=CARTESIAN_POINT('',(2.214204174041E2,5.612439884742E1,4.705627694005E0));
#6848=CARTESIAN_POINT('',(2.214243877006E2,5.612252879225E1,4.707314737610E0));
#6849=CARTESIAN_POINT('',(2.199959705352E2,5.680634884648E1,4.338701844252E0));
#6850=CARTESIAN_POINT('',(2.200293729540E2,5.680851179306E1,4.339653472764E0));
#6851=CARTESIAN_POINT('',(2.200849845645E2,5.680988419672E1,4.339961097967E0));
#6852=CARTESIAN_POINT('',(2.201505508688E2,5.680771166417E1,4.337701621328E0));
#6853=CARTESIAN_POINT('',(2.202119130321E2,5.680254603574E1,4.334739364876E0));
#6854=CARTESIAN_POINT('',(2.202677057593E2,5.679508143296E1,4.331546765041E0));
#6855=CARTESIAN_POINT('',(2.203188417108E2,5.678591476998E1,4.328462712569E0));
#6856=CARTESIAN_POINT('',(2.203658370496E2,5.677546773976E1,4.325693029826E0));
#6857=CARTESIAN_POINT('',(2.204094681900E2,5.676401782208E1,4.323440416494E0));
#6858=CARTESIAN_POINT('',(2.204519545882E2,5.675119776528E1,4.321357438443E0));
#6859=CARTESIAN_POINT('',(2.204924818529E2,5.673735744881E1,4.319211554307E0));
#6860=CARTESIAN_POINT('',(2.205315056169E2,5.672250399539E1,4.316950460338E0));
#6861=CARTESIAN_POINT('',(2.205693894083E2,5.670658527868E1,4.314584715197E0));
#6862=CARTESIAN_POINT('',(2.206062442331E2,5.668961326763E1,4.312178095854E0));
#6863=CARTESIAN_POINT('',(2.206424115837E2,5.667147836057E1,4.309845714466E0));
#6864=CARTESIAN_POINT('',(2.206789816135E2,5.665158688990E1,4.307456218903E0));
#6865=CARTESIAN_POINT('',(2.207165267509E2,5.662944186841E1,4.304854412828E0));
#6866=CARTESIAN_POINT('',(2.207561527260E2,5.660405159828E1,4.301887432418E0));
#6867=CARTESIAN_POINT('',(2.207983425955E2,5.657455171610E1,4.298478733864E0));
#6868=CARTESIAN_POINT('',(2.208435281121E2,5.653986603628E1,4.294605984259E0));
#6869=CARTESIAN_POINT('',(2.208906214662E2,5.649987837176E1,4.290078516517E0));
#6870=CARTESIAN_POINT('',(2.209378508914E2,5.645529222280E1,4.284876887692E0));
#6871=CARTESIAN_POINT('',(2.209832396826E2,5.640750195413E1,4.279151031631E0));
#6872=CARTESIAN_POINT('',(2.210243394518E2,5.635923624453E1,4.272989975266E0));
#6873=CARTESIAN_POINT('',(2.210592020021E2,5.631382703085E1,4.266664647395E0));
#6874=CARTESIAN_POINT('',(2.210877367966E2,5.627315343733E1,4.260583803259E0));
#6875=CARTESIAN_POINT('',(2.211110212328E2,5.623712696678E1,4.254514590571E0));
#6876=CARTESIAN_POINT('',(2.211297159583E2,5.620617577232E1,4.248895546637E0));
#6877=CARTESIAN_POINT('',(2.211452689254E2,5.617877158949E1,4.243255658042E0));
#6878=CARTESIAN_POINT('',(2.211573424499E2,5.615651169098E1,4.238352515122E0));
#6879=CARTESIAN_POINT('',(2.211673969040E2,5.613724728658E1,4.233645911438E0));
#6880=CARTESIAN_POINT('',(2.211748430880E2,5.612278287117E1,4.230059190669E0));
#6881=CARTESIAN_POINT('',(2.211830428905E2,5.610674842202E1,4.225874818360E0));
#6882=CARTESIAN_POINT('',(2.211853723805E2,5.610279142073E1,4.225861491710E0));
#6883=CARTESIAN_POINT('',(2.211840006983E2,5.610788286380E1,4.229486346329E0));
#6884=CARTESIAN_POINT('',(2.200180337033E2,5.684905118493E1,3.805358884414E0));
#6885=CARTESIAN_POINT('',(2.200373269935E2,5.684999335198E1,3.806437032588E0));
#6886=CARTESIAN_POINT('',(2.200785430654E2,5.685114371560E1,3.806885444601E0));
#6887=CARTESIAN_POINT('',(2.201428874919E2,5.684956636031E1,3.804677795472E0));
#6888=CARTESIAN_POINT('',(2.202036259518E2,5.684498491754E1,3.801774095617E0));
#6889=CARTESIAN_POINT('',(2.202602209590E2,5.683805237583E1,3.798611073303E0));
#6890=CARTESIAN_POINT('',(2.203132610222E2,5.682916779662E1,3.795525547857E0));
#6891=CARTESIAN_POINT('',(2.203631594529E2,5.681865842852E1,3.792726223132E0));
#6892=CARTESIAN_POINT('',(2.204101019559E2,5.680680612872E1,3.790436891796E0));
#6893=CARTESIAN_POINT('',(2.204536243336E2,5.679407449153E1,3.788365038944E0));
#6894=CARTESIAN_POINT('',(2.204947817137E2,5.678045326760E1,3.786238884143E0));
#6895=CARTESIAN_POINT('',(2.205344082370E2,5.676583179182E1,3.783999589562E0));
#6896=CARTESIAN_POINT('',(2.205732176102E2,5.675002342297E1,3.781648370892E0));
#6897=CARTESIAN_POINT('',(2.206116036829E2,5.673287051193E1,3.779239602386E0));
#6898=CARTESIAN_POINT('',(2.206495931309E2,5.671433601705E1,3.776896720468E0));
#6899=CARTESIAN_POINT('',(2.206872320990E2,5.669438075776E1,3.774518087486E0));
#6900=CARTESIAN_POINT('',(2.207256953165E2,5.667227254385E1,3.771934234677E0));
#6901=CARTESIAN_POINT('',(2.207662311322E2,5.664697822267E1,3.768991156890E0));
#6902=CARTESIAN_POINT('',(2.208099429117E2,5.661722126869E1,3.765592501831E0));
#6903=CARTESIAN_POINT('',(2.208563705658E2,5.658250818559E1,3.761746484931E0));
#6904=CARTESIAN_POINT('',(2.209043990310E2,5.654285151921E1,3.757268866468E0));
#6905=CARTESIAN_POINT('',(2.209527919790E2,5.649853285834E1,3.752120303026E0));
#6906=CARTESIAN_POINT('',(2.209991442736E2,5.645126921636E1,3.746464940837E0));
#6907=CARTESIAN_POINT('',(2.210403377681E2,5.640464872485E1,3.740444969001E0));
#6908=CARTESIAN_POINT('',(2.210756865155E2,5.636049949383E1,3.734241259551E0));
#6909=CARTESIAN_POINT('',(2.211033276159E2,5.632294721160E1,3.728416724388E0));
#6910=CARTESIAN_POINT('',(2.211261493709E2,5.628957591138E1,3.722585682616E0));
#6911=CARTESIAN_POINT('',(2.211430335644E2,5.626333726128E1,3.717402693706E0));
#6912=CARTESIAN_POINT('',(2.211569948824E2,5.624050831017E1,3.712231824336E0));
#6913=CARTESIAN_POINT('',(2.211661019291E2,5.622501292763E1,3.708096272667E0));
#6914=CARTESIAN_POINT('',(2.211730258924E2,5.621291401217E1,3.704313215158E0));
#6915=CARTESIAN_POINT('',(2.211760897543E2,5.620749047748E1,3.702065453877E0));
#6916=CARTESIAN_POINT('',(2.211784014488E2,5.620341780106E1,3.699889877745E0));
#6917=CARTESIAN_POINT('',(2.211740426136E2,5.621138384432E1,3.702367949712E0));
#6918=CARTESIAN_POINT('',(2.211652493210E2,5.622704063272E1,3.708107233291E0));
#6919=(BOUNDED_SURFACE()B_SPLINE_SURFACE(3,3,((#6779,#6780,#6781,#6782,#6783,
#6784,#6785,#6786,#6787,#6788,#6789,#6790,#6791,#6792,#6793,#6794,#6795,#6796,
#6797,#6798,#6799,#6800,#6801,#6802,#6803,#6804,#6805,#6806,#6807,#6808,#6809,
#6810,#6811,#6812,#6813),(#6814,#6815,#6816,#6817,#6818,#6819,#6820,#6821,#6822,
#6823,#6824,#6825,#6826,#6827,#6828,#6829,#6830,#6831,#6832,#6833,#6834,#6835,
#6836,#6837,#6838,#6839,#6840,#6841,#6842,#6843,#6844,#6845,#6846,#6847,#6848),(
#6849,#6850,#6851,#6852,#6853,#6854,#6855,#6856,#6857,#6858,#6859,#6860,#6861,
#6862,#6863,#6864,#6865,#6866,#6867,#6868,#6869,#6870,#6871,#6872,#6873,#6874,
#6875,#6876,#6877,#6878,#6879,#6880,#6881,#6882,#6883),(#6884,#6885,#6886,#6887,
#6888,#6889,#6890,#6891,#6892,#6893,#6894,#6895,#6896,#6897,#6898,#6899,#6900,
#6901,#6902,#6903,#6904,#6905,#6906,#6907,#6908,#6909,#6910,#6911,#6912,#6913,
#6914,#6915,#6916,#6917,#6918)),.UNSPECIFIED.,.F.,.F.,.F.)B_SPLINE_SURFACE_WITH_KNOTS((4,4),(4,1,1,1,1,1,1,1,1,1,1,1,1,1,1,1,1,1,1,1,1,1,1,1,1,1,1,1,1,1,1,1,4),(
0.E0,1.E0),(-4.487963236666E-2,0.E0,4.392448040057E-2,8.448250093091E-2,
1.223567862925E-1,1.579201229807E-1,1.914445615564E-1,2.231515039562E-1,
2.532214212176E-1,2.820426173200E-1,3.101288784477E-1,3.380863626399E-1,
3.661066930463E-1,3.940719478421E-1,4.222793210040E-1,4.517276029227E-1,
4.835884816274E-1,5.190030051778E-1,5.584570662549E-1,6.014481054741E-1,
6.468652797702E-1,6.938847393677E-1,7.396195892566E-1,7.808142343713E-1,
8.167450062311E-1,8.488103942560E-1,8.774209101850E-1,9.038150751850E-1,
9.284868821632E-1,9.524307519979E-1,9.760547299047E-1,1.E0,1.043412660358E0),
.UNSPECIFIED.)GEOMETRIC_REPRESENTATION_ITEM()RATIONAL_B_SPLINE_SURFACE(((
1.064112586821E0,1.064112586821E0,1.064112586821E0,1.064112586821E0,
1.064112586821E0,1.064112586821E0,1.064112586821E0,1.064112586821E0,
1.064112586821E0,1.064112586821E0,1.064112586821E0,1.064112586821E0,
1.064112586821E0,1.064112586821E0,1.064112586821E0,1.064112586821E0,
1.064112586821E0,1.064112586821E0,1.064112586821E0,1.064112586821E0,
1.064112586821E0,1.064112586821E0,1.064112586821E0,1.064112586821E0,
1.064112586821E0,1.064112586821E0,1.064112586821E0,1.064112586821E0,
1.064112586821E0,1.064112586821E0,1.064112586821E0,1.064112586821E0,
1.064112586821E0,1.064112586821E0,1.064112586821E0),(9.786291377262E-1,
9.786291377262E-1,9.786291377262E-1,9.786291377262E-1,9.786291377262E-1,
9.786291377262E-1,9.786291377262E-1,9.786291377262E-1,9.786291377262E-1,
9.786291377262E-1,9.786291377262E-1,9.786291377262E-1,9.786291377262E-1,
9.786291377262E-1,9.786291377262E-1,9.786291377262E-1,9.786291377262E-1,
9.786291377262E-1,9.786291377262E-1,9.786291377262E-1,9.786291377262E-1,
9.786291377262E-1,9.786291377262E-1,9.786291377262E-1,9.786291377262E-1,
9.786291377262E-1,9.786291377262E-1,9.786291377262E-1,9.786291377262E-1,
9.786291377262E-1,9.786291377262E-1,9.786291377262E-1,9.786291377262E-1,
9.786291377262E-1,9.786291377262E-1),(9.786291377262E-1,9.786291377262E-1,
9.786291377262E-1,9.786291377262E-1,9.786291377262E-1,9.786291377262E-1,
9.786291377262E-1,9.786291377262E-1,9.786291377262E-1,9.786291377262E-1,
9.786291377262E-1,9.786291377262E-1,9.786291377262E-1,9.786291377262E-1,
9.786291377262E-1,9.786291377262E-1,9.786291377262E-1,9.786291377262E-1,
9.786291377262E-1,9.786291377262E-1,9.786291377262E-1,9.786291377262E-1,
9.786291377262E-1,9.786291377262E-1,9.786291377262E-1,9.786291377262E-1,
9.786291377262E-1,9.786291377262E-1,9.786291377262E-1,9.786291377262E-1,
9.786291377262E-1,9.786291377262E-1,9.786291377262E-1,9.786291377262E-1,
9.786291377262E-1),(1.064112586821E0,1.064112586821E0,1.064112586821E0,
1.064112586821E0,1.064112586821E0,1.064112586821E0,1.064112586821E0,
1.064112586821E0,1.064112586821E0,1.064112586821E0,1.064112586821E0,
1.064112586821E0,1.064112586821E0,1.064112586821E0,1.064112586821E0,
1.064112586821E0,1.064112586821E0,1.064112586821E0,1.064112586821E0,
1.064112586821E0,1.064112586821E0,1.064112586821E0,1.064112586821E0,
1.064112586821E0,1.064112586821E0,1.064112586821E0,1.064112586821E0,
1.064112586821E0,1.064112586821E0,1.064112586821E0,1.064112586821E0,
1.064112586821E0,1.064112586821E0,1.064112586821E0,1.064112586821E0)))REPRESENTATION_ITEM('')SURFACE());
#6921=ORIENTED_EDGE('',*,*,#6920,.T.);
#6923=ORIENTED_EDGE('',*,*,#6922,.F.);
#6924=ORIENTED_EDGE('',*,*,#6771,.F.);
#6925=EDGE_LOOP('',(#6921,#6923,#6924));
#6926=FACE_OUTER_BOUND('',#6925,.F.);
#6927=ADVANCED_FACE('',(#6926),#6919,.F.);
#6928=CARTESIAN_POINT('',(2.200804467814E2,5.559592890162E1,4.211978138971E1));
#6929=DIRECTION('',(0.E0,0.E0,-1.E0));
#6930=DIRECTION('',(0.E0,1.E0,0.E0));
#6931=AXIS2_PLACEMENT_3D('',#6928,#6929,#6930);
#6932=CYLINDRICAL_SURFACE('',#6931,1.25E0);
#6933=ORIENTED_EDGE('',*,*,#6920,.F.);
#6934=ORIENTED_EDGE('',*,*,#6029,.T.);
#6936=ORIENTED_EDGE('',*,*,#6935,.T.);
#6938=ORIENTED_EDGE('',*,*,#6937,.F.);
#6940=ORIENTED_EDGE('',*,*,#6939,.F.);
#6942=ORIENTED_EDGE('',*,*,#6941,.F.);
#6943=EDGE_LOOP('',(#6933,#6934,#6936,#6938,#6940,#6942));
#6944=FACE_OUTER_BOUND('',#6943,.F.);
#6945=ADVANCED_FACE('',(#6944),#6932,.T.);
#6946=CARTESIAN_POINT('',(4.096608935627E2,5.684592890162E1,1.998856175288E0));
#6947=DIRECTION('',(0.E0,0.E0,1.E0));
#6948=DIRECTION('',(0.E0,1.E0,0.E0));
#6949=AXIS2_PLACEMENT_3D('',#6946,#6947,#6948);
#6950=PLANE('',#6949);
#6952=ORIENTED_EDGE('',*,*,#6951,.F.);
#6953=ORIENTED_EDGE('',*,*,#6935,.F.);
#6954=ORIENTED_EDGE('',*,*,#6027,.T.);
#6956=ORIENTED_EDGE('',*,*,#6955,.F.);
#6958=ORIENTED_EDGE('',*,*,#6957,.T.);
#6960=ORIENTED_EDGE('',*,*,#6959,.F.);
#6962=ORIENTED_EDGE('',*,*,#6961,.F.);
#6964=ORIENTED_EDGE('',*,*,#6963,.F.);
#6965=EDGE_LOOP('',(#6952,#6953,#6954,#6956,#6958,#6960,#6962,#6964));
#6966=FACE_OUTER_BOUND('',#6965,.F.);
#6968=ORIENTED_EDGE('',*,*,#6967,.T.);
#6970=ORIENTED_EDGE('',*,*,#6969,.T.);
#6971=EDGE_LOOP('',(#6968,#6970));
#6972=FACE_BOUND('',#6971,.F.);
#6973=ADVANCED_FACE('',(#6966,#6972),#6950,.T.);
#6974=CARTESIAN_POINT('',(2.213304467814E2,5.684592890162E1,3.798856175288E0));
#6975=DIRECTION('',(-1.E0,0.E0,0.E0));
#6976=DIRECTION('',(0.E0,-1.E0,0.E0));
#6977=AXIS2_PLACEMENT_3D('',#6974,#6975,#6976);
#6978=PLANE('',#6977);
#6980=ORIENTED_EDGE('',*,*,#6979,.F.);
#6981=ORIENTED_EDGE('',*,*,#6937,.T.);
#6982=ORIENTED_EDGE('',*,*,#6951,.T.);
#6984=ORIENTED_EDGE('',*,*,#6983,.F.);
#6985=EDGE_LOOP('',(#6980,#6981,#6982,#6984));
#6986=FACE_OUTER_BOUND('',#6985,.F.);
#6987=ADVANCED_FACE('',(#6986),#6978,.F.);
#6988=CARTESIAN_POINT('',(2.228804467814E2,5.574673290162E1,3.761626103686E0));
#6989=DIRECTION('',(0.E0,-1.E0,0.E0));
#6990=DIRECTION('',(-6.615099106015E-1,0.E0,7.499364227560E-1));
#6991=AXIS2_PLACEMENT_3D('',#6988,#6989,#6990);
#6992=CYLINDRICAL_SURFACE('',#6991,1.55E0);
#6994=ORIENTED_EDGE('',*,*,#6993,.F.);
#6996=ORIENTED_EDGE('',*,*,#6995,.T.);
#6997=ORIENTED_EDGE('',*,*,#6979,.T.);
#6999=ORIENTED_EDGE('',*,*,#6998,.F.);
#7000=EDGE_LOOP('',(#6994,#6996,#6997,#6999));
#7001=FACE_OUTER_BOUND('',#7000,.F.);
#7002=ADVANCED_FACE('',(#7001),#6992,.F.);
#7003=CARTESIAN_POINT('',(2.211274455183E2,5.575240890162E1,5.748957623989E0));
#7004=DIRECTION('',(0.E0,-1.E0,0.E0));
#7005=DIRECTION('',(6.100005491713E-1,0.E0,-7.924009906674E-1));
#7006=AXIS2_PLACEMENT_3D('',#7003,#7004,#7005);
#7007=CYLINDRICAL_SURFACE('',#7006,1.1E0);
#7008=ORIENTED_EDGE('',*,*,#6993,.T.);
#7010=ORIENTED_EDGE('',*,*,#7009,.T.);
#7012=ORIENTED_EDGE('',*,*,#7011,.F.);
#7014=ORIENTED_EDGE('',*,*,#7013,.F.);
#7015=EDGE_LOOP('',(#7008,#7010,#7012,#7014));
#7016=FACE_OUTER_BOUND('',#7015,.F.);
#7017=ADVANCED_FACE('',(#7016),#7007,.T.);
#7018=CARTESIAN_POINT('',(2.217580257600E2,5.390876014506E1,4.847140877842E0));
#7019=CARTESIAN_POINT('',(2.217578557404E2,5.388782320303E1,4.847356558078E0));
#7020=CARTESIAN_POINT('',(2.217571239355E2,5.370654156117E1,4.848294988748E0));
#7021=CARTESIAN_POINT('',(2.217672170389E2,5.337968321227E1,4.835311978613E0));
#7022=CARTESIAN_POINT('',(2.218032708344E2,5.295811909481E1,4.781503168694E0));
#7023=CARTESIAN_POINT('',(2.218480930697E2,5.260265128588E1,4.696381733929E0));
#7024=CARTESIAN_POINT('',(2.218923008468E2,5.231448234573E1,4.583085691739E0));
#7025=CARTESIAN_POINT('',(2.219263681785E2,5.211465735653E1,4.459813687440E0));
#7026=CARTESIAN_POINT('',(2.219435815136E2,5.201832855644E1,4.372141989182E0));
#7027=CARTESIAN_POINT('',(2.219495014454E2,5.198559734740E1,4.336910922127E0));
#7028=CARTESIAN_POINT('',(2.220957513483E2,5.391256061028E1,5.083387814418E0));
#7029=CARTESIAN_POINT('',(2.220956197668E2,5.389035462227E1,5.083557964876E0));
#7030=CARTESIAN_POINT('',(2.220950672410E2,5.369811911611E1,5.084303054454E0));
#7031=CARTESIAN_POINT('',(2.221025723080E2,5.335151395999E1,5.073999812104E0));
#7032=CARTESIAN_POINT('',(2.221286727833E2,5.289516346522E1,5.027673217634E0));
#7033=CARTESIAN_POINT('',(2.221597627257E2,5.249553562935E1,4.945637907851E0));
#7034=CARTESIAN_POINT('',(2.221887861951E2,5.215452864990E1,4.823060941439E0));
#7035=CARTESIAN_POINT('',(2.222098230903E2,5.190367957754E1,4.674697479632E0));
#7036=CARTESIAN_POINT('',(2.222199400905E2,5.177682993144E1,4.560432245194E0));
#7037=CARTESIAN_POINT('',(2.222233687654E2,5.173305405290E1,4.513262503171E0));
#7038=CARTESIAN_POINT('',(2.222658795807E2,5.391859908228E1,5.458760602032E0));
#7039=CARTESIAN_POINT('',(2.222658135407E2,5.389437792334E1,5.458927373006E0));
#7040=CARTESIAN_POINT('',(2.222655550213E2,5.368473337004E1,5.459662067470E0));
#7041=CARTESIAN_POINT('',(2.222689058411E2,5.330673097153E1,5.449507102772E0));
#7042=CARTESIAN_POINT('',(2.222795572514E2,5.279899146232E1,5.400514278681E0));
#7043=CARTESIAN_POINT('',(2.222902722584E2,5.233944110209E1,5.306340253553E0));
#7044=CARTESIAN_POINT('',(2.222977889122E2,5.193169691510E1,5.155486994901E0));
#7045=CARTESIAN_POINT('',(2.223011087493E2,5.161986712136E1,4.962784994753E0));
#7046=CARTESIAN_POINT('',(2.223018329455E2,5.145775085898E1,4.809066653465E0));
#7047=CARTESIAN_POINT('',(2.223019876551E2,5.140133217563E1,4.744909237795E0));
#7048=CARTESIAN_POINT('',(2.222208918122E2,5.392518895087E1,5.868413584014E0));
#7049=CARTESIAN_POINT('',(2.222209001106E2,5.389876935498E1,5.868620069724E0));
#7050=CARTESIAN_POINT('',(2.222209682058E2,5.367012310578E1,5.869530218521E0));
#7051=CARTESIAN_POINT('',(2.222197588935E2,5.325784261722E1,5.856950625799E0));
#7052=CARTESIAN_POINT('',(2.222137805838E2,5.269646496084E1,5.795887833623E0));
#7053=CARTESIAN_POINT('',(2.222031689516E2,5.217796658434E1,5.677740726571E0));
#7054=CARTESIAN_POINT('',(2.221888633671E2,5.170822644139E1,5.487513680191E0));
#7055=CARTESIAN_POINT('',(2.221747280891E2,5.134249185937E1,5.243610291485E0));
#7056=CARTESIAN_POINT('',(2.221663865233E2,5.115021355566E1,5.048598949733E0));
#7057=CARTESIAN_POINT('',(2.221633990133E2,5.108308520353E1,4.967149701685E0));
#7058=(BOUNDED_SURFACE()B_SPLINE_SURFACE(3,3,((#7018,#7019,#7020,#7021,#7022,
#7023,#7024,#7025,#7026,#7027),(#7028,#7029,#7030,#7031,#7032,#7033,#7034,#7035,
#7036,#7037),(#7038,#7039,#7040,#7041,#7042,#7043,#7044,#7045,#7046,#7047),(
#7048,#7049,#7050,#7051,#7052,#7053,#7054,#7055,#7056,#7057)),.UNSPECIFIED.,.F.,
.F.,.F.)B_SPLINE_SURFACE_WITH_KNOTS((4,4),(4,1,1,1,1,1,1,4),(0.E0,1.E0),(
-5.866626924890E-3,0.E0,4.490712685846E-2,8.560060618016E-2,1.223831944197E-1,
1.554292919203E-1,1.852604489421E-1,2.035362967242E-1),.UNSPECIFIED.)GEOMETRIC_REPRESENTATION_ITEM()RATIONAL_B_SPLINE_SURFACE(((1.075069627286E0,
1.075069627286E0,1.075069627286E0,1.075069627286E0,1.075069627286E0,
1.075069627286E0,1.075069627286E0,1.075069627286E0,1.075069627286E0,
1.075069627286E0),(9.749767909046E-1,9.749767909046E-1,9.749767909046E-1,
9.749767909046E-1,9.749767909046E-1,9.749767909046E-1,9.749767909046E-1,
9.749767909046E-1,9.749767909046E-1,9.749767909046E-1),(9.749767909046E-1,
9.749767909046E-1,9.749767909046E-1,9.749767909046E-1,9.749767909046E-1,
9.749767909046E-1,9.749767909046E-1,9.749767909046E-1,9.749767909046E-1,
9.749767909046E-1),(1.075069627286E0,1.075069627286E0,1.075069627286E0,
1.075069627286E0,1.075069627286E0,1.075069627286E0,1.075069627286E0,
1.075069627286E0,1.075069627286E0,1.075069627286E0)))REPRESENTATION_ITEM('')SURFACE());
#7060=ORIENTED_EDGE('',*,*,#7059,.T.);
#7062=ORIENTED_EDGE('',*,*,#7061,.F.);
#7063=ORIENTED_EDGE('',*,*,#7009,.F.);
#7064=EDGE_LOOP('',(#7060,#7062,#7063));
#7065=FACE_OUTER_BOUND('',#7064,.F.);
#7066=ADVANCED_FACE('',(#7065),#7058,.T.);
#7067=CARTESIAN_POINT('',(2.219483289060E2,5.392165831045E1,4.999433766065E0));
#7068=CARTESIAN_POINT('',(2.219481654054E2,5.389642256204E1,4.999710979536E0));
#7069=CARTESIAN_POINT('',(2.219478772405E2,5.380662618645E1,5.000209926608E0));
#7070=CARTESIAN_POINT('',(2.219490921175E2,5.365774496981E1,4.998084451221E0));
#7071=CARTESIAN_POINT('',(2.219531675138E2,5.347953545964E1,4.990364655014E0));
#7072=CARTESIAN_POINT('',(2.219590531920E2,5.331575186499E1,4.978581074277E0));
#7073=CARTESIAN_POINT('',(2.219661830694E2,5.316383228590E1,4.963110137065E0));
#7074=CARTESIAN_POINT('',(2.219740357730E2,5.302262775175E1,4.944127921962E0));
#7075=CARTESIAN_POINT('',(2.219822834800E2,5.289157055872E1,4.921971762252E0));
#7076=CARTESIAN_POINT('',(2.219905712276E2,5.276961613051E1,4.896681503201E0));
#7077=CARTESIAN_POINT('',(2.219986044616E2,5.265668878933E1,4.868466724965E0));
#7078=CARTESIAN_POINT('',(2.220062278533E2,5.255266462082E1,4.837723135296E0));
#7079=CARTESIAN_POINT('',(2.220132813220E2,5.245663790822E1,4.804483650604E0));
#7080=CARTESIAN_POINT('',(2.220196426993E2,5.236828098297E1,4.768918025459E0));
#7081=CARTESIAN_POINT('',(2.220252649890E2,5.228748675495E1,4.731398855553E0));
#7082=CARTESIAN_POINT('',(2.220301295600E2,5.221405942115E1,4.692333481735E0));
#7083=CARTESIAN_POINT('',(2.220341825642E2,5.214805444873E1,4.652248498485E0));
#7084=CARTESIAN_POINT('',(2.220374347375E2,5.209014619177E1,4.612339629496E0));
#7085=CARTESIAN_POINT('',(2.220401397539E2,5.204172229038E1,4.575247048178E0));
#7086=CARTESIAN_POINT('',(2.220429925489E2,5.200657082393E1,4.547480038100E0));
#7087=CARTESIAN_POINT('',(2.220475096399E2,5.199057650213E1,4.540831614187E0));
#7088=CARTESIAN_POINT('',(2.220543722553E2,5.198973408891E1,4.554674755918E0));
#7089=CARTESIAN_POINT('',(2.220633782281E2,5.199643645170E1,4.580861971149E0));
#7090=CARTESIAN_POINT('',(2.220745776250E2,5.200795136417E1,4.616555296446E0));
#7091=CARTESIAN_POINT('',(2.220879585567E2,5.202322833098E1,4.660656402383E0));
#7092=CARTESIAN_POINT('',(2.221033609162E2,5.204180520922E1,4.712595766189E0));
#7093=CARTESIAN_POINT('',(2.221203910960E2,5.206333111590E1,4.771736536069E0));
#7094=CARTESIAN_POINT('',(2.221385749625E2,5.208783680382E1,4.837867116107E0));
#7095=CARTESIAN_POINT('',(2.221574564257E2,5.211559917419E1,4.911347759218E0));
#7096=CARTESIAN_POINT('',(2.221765555454E2,5.214730599765E1,4.993249537903E0));
#7097=CARTESIAN_POINT('',(2.221951433023E2,5.218353353064E1,5.084654745882E0));
#7098=CARTESIAN_POINT('',(2.222120252595E2,5.222459080329E1,5.186342934059E0));
#7099=CARTESIAN_POINT('',(2.222255601838E2,5.227160989941E1,5.299151895188E0));
#7100=CARTESIAN_POINT('',(2.222315043179E2,5.231165736622E1,5.390715393293E0));
#7101=CARTESIAN_POINT('',(2.222328652328E2,5.233625432880E1,5.444393753511E0));
#7102=CARTESIAN_POINT('',(2.222330668289E2,5.234226113500E1,5.457344166053E0));
#7103=CARTESIAN_POINT('',(2.214434972282E2,5.393826380576E1,4.618634230131E0));
#7104=CARTESIAN_POINT('',(2.214430043006E2,5.390749388227E1,4.619109398578E0));
#7105=CARTESIAN_POINT('',(2.214421281577E2,5.379800579306E1,4.619961762868E0));
#7106=CARTESIAN_POINT('',(2.214458347329E2,5.361660488341E1,4.616337605351E0));
#7107=CARTESIAN_POINT('',(2.214586598970E2,5.340024288017E1,4.603326603597E0));
#7108=CARTESIAN_POINT('',(2.214775510665E2,5.320236711588E1,4.583771793437E0));
#7109=CARTESIAN_POINT('',(2.215010466273E2,5.302046560045E1,4.558593535450E0));
#7110=CARTESIAN_POINT('',(2.215280206867E2,5.285296905006E1,4.528425048268E0));
#7111=CARTESIAN_POINT('',(2.215576696039E2,5.269885842466E1,4.494101496120E0));
#7112=CARTESIAN_POINT('',(2.215891752447E2,5.255720359094E1,4.455935458244E0));
#7113=CARTESIAN_POINT('',(2.216219242191E2,5.242748139228E1,4.414521680142E0));
#7114=CARTESIAN_POINT('',(2.216555730997E2,5.230893716429E1,4.370682797975E0));
#7115=CARTESIAN_POINT('',(2.216898198978E2,5.220050122401E1,4.324632946238E0));
#7116=CARTESIAN_POINT('',(2.217245541726E2,5.210129984771E1,4.276838771270E0));
#7117=CARTESIAN_POINT('',(2.217598881158E2,5.201040482225E1,4.228093040747E0));
#7118=CARTESIAN_POINT('',(2.217961310183E2,5.192668136730E1,4.179297458253E0));
#7119=CARTESIAN_POINT('',(2.218335617909E2,5.184924222632E1,4.131612481396E0));
#7120=CARTESIAN_POINT('',(2.218726743434E2,5.177714658636E1,4.087395763E0));
#7121=CARTESIAN_POINT('',(2.219146571232E2,5.170861554595E1,4.051604854201E0));
#7122=CARTESIAN_POINT('',(2.219606597564E2,5.164244199578E1,4.035649576510E0));
#7123=CARTESIAN_POINT('',(2.220055874149E2,5.158526762590E1,4.055626548448E0));
#7124=CARTESIAN_POINT('',(2.220422459868E2,5.154413003291E1,4.104615055115E0));
#7125=CARTESIAN_POINT('',(2.220723975498E2,5.151518743419E1,4.169220990295E0));
#7126=CARTESIAN_POINT('',(2.220984527945E2,5.149530370511E1,4.245527871877E0));
#7127=CARTESIAN_POINT('',(2.221215092926E2,5.148325860960E1,4.331605540903E0));
#7128=CARTESIAN_POINT('',(2.221420420257E2,5.147852008506E1,4.426051468114E0));
#7129=CARTESIAN_POINT('',(2.221601248640E2,5.148070764406E1,4.527232004235E0));
#7130=CARTESIAN_POINT('',(2.221756060438E2,5.148960985068E1,4.634171668140E0));
#7131=CARTESIAN_POINT('',(2.221882872824E2,5.150512562067E1,4.746863982253E0));
#7132=CARTESIAN_POINT('',(2.221977388623E2,5.152758068387E1,4.866228731516E0));
#7133=CARTESIAN_POINT('',(2.222033259246E2,5.155729568518E1,4.993163411428E0));
#7134=CARTESIAN_POINT('',(2.222041019923E2,5.159439308323E1,5.128238671434E0));
#7135=CARTESIAN_POINT('',(2.221983815070E2,5.163986225448E1,5.272074641110E0));
#7136=CARTESIAN_POINT('',(2.221878250302E2,5.168047973467E1,5.384884133451E0));
#7137=CARTESIAN_POINT('',(2.221791764433E2,5.170598897478E1,5.450045831942E0));
#7138=CARTESIAN_POINT('',(2.221769416189E2,5.171224979567E1,5.465721730999E0));
#7139=CARTESIAN_POINT('',(2.212284116719E2,5.394775673538E1,4.023834013984E0));
#7140=CARTESIAN_POINT('',(2.212275597967E2,5.391382331386E1,4.024390227832E0));
#7141=CARTESIAN_POINT('',(2.212260432419E2,5.379307590786E1,4.025386480746E0));
#7142=CARTESIAN_POINT('',(2.212324640136E2,5.359315557398E1,4.021152763928E0));
#7143=CARTESIAN_POINT('',(2.212548122205E2,5.335558663876E1,4.006026611579E0));
#7144=CARTESIAN_POINT('',(2.212877982608E2,5.313944940009E1,3.983479078077E0));
#7145=CARTESIAN_POINT('',(2.213289279729E2,5.294261736221E1,3.954742190524E0));
#7146=CARTESIAN_POINT('',(2.213763719116E2,5.276317411002E1,3.920744657216E0));
#7147=CARTESIAN_POINT('',(2.214287524035E2,5.259964582302E1,3.882639067722E0));
#7148=CARTESIAN_POINT('',(2.214847053777E2,5.245133432591E1,3.840924507823E0));
#7149=CARTESIAN_POINT('',(2.215432389737E2,5.231719715287E1,3.796443370744E0));
#7150=CARTESIAN_POINT('',(2.216037707248E2,5.219578240011E1,3.750278942686E0));
#7151=CARTESIAN_POINT('',(2.216658140873E2,5.208593897203E1,3.702779498512E0));
#7152=CARTESIAN_POINT('',(2.217292400587E2,5.198623655772E1,3.654618444302E0));
#7153=CARTESIAN_POINT('',(2.217942915671E2,5.189489539261E1,3.606870592862E0));
#7154=CARTESIAN_POINT('',(2.218615757603E2,5.180985025823E1,3.560794442349E0));
#7155=CARTESIAN_POINT('',(2.219316718117E2,5.172928037350E1,3.518002768264E0));
#7156=CARTESIAN_POINT('',(2.220055325757E2,5.165057055580E1,3.481635280029E0));
#7157=CARTESIAN_POINT('',(2.220853045568E2,5.156860398011E1,3.458206422557E0));
#7158=CARTESIAN_POINT('',(2.221727822737E2,5.147660052592E1,3.462246650763E0));
#7159=CARTESIAN_POINT('',(2.222571353437E2,5.138042487156E1,3.511383196268E0));
#7160=CARTESIAN_POINT('',(2.223239808185E2,5.129783037810E1,3.593504386568E0));
#7161=CARTESIAN_POINT('',(2.223768634341E2,5.122971420770E1,3.692807361470E0));
#7162=CARTESIAN_POINT('',(2.224204288480E2,5.117294957207E1,3.805617410789E0));
#7163=CARTESIAN_POINT('',(2.224568134848E2,5.112635919908E1,3.930034659449E0));
#7164=CARTESIAN_POINT('',(2.224870388823E2,5.108954652289E1,4.064516342190E0));
#7165=CARTESIAN_POINT('',(2.225114955375E2,5.106239077979E1,4.207018211279E0));
#7166=CARTESIAN_POINT('',(2.225301863337E2,5.104468588963E1,4.356197378052E0));
#7167=CARTESIAN_POINT('',(2.225430112315E2,5.103612297511E1,4.512020529171E0));
#7168=CARTESIAN_POINT('',(2.225494336889E2,5.103673278835E1,4.675611954019E0));
#7169=CARTESIAN_POINT('',(2.225486695801E2,5.104671271033E1,4.848138582249E0));
#7170=CARTESIAN_POINT('',(2.225396354873E2,5.106627990497E1,5.030482151809E0));
#7171=CARTESIAN_POINT('',(2.225200917702E2,5.109649477860E1,5.223354265972E0));
#7172=CARTESIAN_POINT('',(2.224959045289E2,5.112769917457E1,5.373826178163E0));
#7173=CARTESIAN_POINT('',(2.224782762641E2,5.114867731259E1,5.460602760726E0));
#7174=CARTESIAN_POINT('',(2.224738145742E2,5.115390169003E1,5.481474165512E0));
#7175=CARTESIAN_POINT('',(2.213728429652E2,5.394705772650E1,3.407977938426E0));
#7176=CARTESIAN_POINT('',(2.213717190592E2,5.391335767825E1,3.408471998114E0));
#7177=CARTESIAN_POINT('',(2.213697173993E2,5.379343571623E1,3.409355935614E0));
#7178=CARTESIAN_POINT('',(2.213781944184E2,5.359500366757E1,3.405599514781E0));
#7179=CARTESIAN_POINT('',(2.214077498024E2,5.336005259177E1,3.392220391882E0));
#7180=CARTESIAN_POINT('',(2.214513479152E2,5.314740833933E1,3.372429438460E0));
#7181=CARTESIAN_POINT('',(2.215056599758E2,5.295554044427E1,3.347436981910E0));
#7182=CARTESIAN_POINT('',(2.215682821765E2,5.278237114670E1,3.318209717112E0));
#7183=CARTESIAN_POINT('',(2.216373508046E2,5.262611592576E1,3.285934285064E0));
#7184=CARTESIAN_POINT('',(2.217110501815E2,5.248635083531E1,3.251149550561E0));
#7185=CARTESIAN_POINT('',(2.217880731121E2,5.236161072657E1,3.214727703485E0));
#7186=CARTESIAN_POINT('',(2.218676246904E2,5.224990614160E1,3.177761850505E0));
#7187=CARTESIAN_POINT('',(2.219490510378E2,5.215011353483E1,3.140643815892E0));
#7188=CARTESIAN_POINT('',(2.220321803223E2,5.206041602524E1,3.104096563485E0));
#7189=CARTESIAN_POINT('',(2.221173153472E2,5.197842809968E1,3.069247332895E0));
#7190=CARTESIAN_POINT('',(2.222052344324E2,5.190146446182E1,3.037458109549E0));
#7191=CARTESIAN_POINT('',(2.222966871164E2,5.182708282737E1,3.010465716051E0));
#7192=CARTESIAN_POINT('',(2.223929120933E2,5.175147758337E1,2.991558357725E0));
#7193=CARTESIAN_POINT('',(2.224967264283E2,5.166710537475E1,2.987541854881E0));
#7194=CARTESIAN_POINT('',(2.226105505409E2,5.156284305365E1,3.013275101734E0));
#7195=CARTESIAN_POINT('',(2.227205548177E2,5.144249634632E1,3.084646443154E0));
#7196=CARTESIAN_POINT('',(2.228081859352E2,5.133073126688E1,3.187139859416E0));
#7197=CARTESIAN_POINT('',(2.228780114323E2,5.123262027007E1,3.306162962345E0));
#7198=CARTESIAN_POINT('',(2.229360612843E2,5.114545611005E1,3.439524676865E0));
#7199=CARTESIAN_POINT('',(2.229851031714E2,5.106830324632E1,3.586207701539E0));
#7200=CARTESIAN_POINT('',(2.230264393601E2,5.100106207308E1,3.745267296178E0));
#7201=CARTESIAN_POINT('',(2.230605234141E2,5.094407662782E1,3.914968005973E0));
#7202=CARTESIAN_POINT('',(2.230872949754E2,5.089739199320E1,4.094115194226E0));
#7203=CARTESIAN_POINT('',(2.231065608151E2,5.086072909650E1,4.282997311715E0));
#7204=CARTESIAN_POINT('',(2.231175551722E2,5.083398646179E1,4.483232605902E0));
#7205=CARTESIAN_POINT('',(2.231191496461E2,5.081741053882E1,4.696624272316E0));
#7206=CARTESIAN_POINT('',(2.231097834E2,5.081156375254E1,4.924784214638E0));
#7207=CARTESIAN_POINT('',(2.230863326908E2,5.081776823533E1,5.168794973933E0));
#7208=CARTESIAN_POINT('',(2.230558061595E2,5.083262992156E1,5.361128572531E0));
#7209=CARTESIAN_POINT('',(2.230331409219E2,5.084510340360E1,5.472640020711E0));
#7210=CARTESIAN_POINT('',(2.230273842852E2,5.084833708715E1,5.499491601484E0));
#7211=(BOUNDED_SURFACE()B_SPLINE_SURFACE(3,3,((#7067,#7068,#7069,#7070,#7071,
#7072,#7073,#7074,#7075,#7076,#7077,#7078,#7079,#7080,#7081,#7082,#7083,#7084,
#7085,#7086,#7087,#7088,#7089,#7090,#7091,#7092,#7093,#7094,#7095,#7096,#7097,
#7098,#7099,#7100,#7101,#7102),(#7103,#7104,#7105,#7106,#7107,#7108,#7109,#7110,
#7111,#7112,#7113,#7114,#7115,#7116,#7117,#7118,#7119,#7120,#7121,#7122,#7123,
#7124,#7125,#7126,#7127,#7128,#7129,#7130,#7131,#7132,#7133,#7134,#7135,#7136,
#7137,#7138),(#7139,#7140,#7141,#7142,#7143,#7144,#7145,#7146,#7147,#7148,#7149,
#7150,#7151,#7152,#7153,#7154,#7155,#7156,#7157,#7158,#7159,#7160,#7161,#7162,
#7163,#7164,#7165,#7166,#7167,#7168,#7169,#7170,#7171,#7172,#7173,#7174),(#7175,
#7176,#7177,#7178,#7179,#7180,#7181,#7182,#7183,#7184,#7185,#7186,#7187,#7188,
#7189,#7190,#7191,#7192,#7193,#7194,#7195,#7196,#7197,#7198,#7199,#7200,#7201,
#7202,#7203,#7204,#7205,#7206,#7207,#7208,#7209,#7210)),.UNSPECIFIED.,.F.,.F.,
.F.)B_SPLINE_SURFACE_WITH_KNOTS((4,4),(4,1,1,1,1,1,1,1,1,1,1,1,1,1,1,1,1,1,1,1,
1,1,1,1,1,1,1,1,1,1,1,1,1,4),(0.E0,1.E0),(-2.226926660315E-2,0.E0,
5.694599957014E-2,1.088709412004E-1,1.564447263007E-1,2.001628956174E-1,
2.405301718597E-1,2.778304349349E-1,3.121567608472E-1,3.436812274495E-1,
3.726578412916E-1,3.993212224325E-1,4.238848075950E-1,4.465713318649E-1,
4.676289753904E-1,4.873184765584E-1,5.055731028658E-1,5.225645612356E-1,
5.391963716741E-1,5.555744106532E-1,5.722871347898E-1,5.906449642716E-1,
6.111610106337E-1,6.343782124002E-1,6.606669625068E-1,6.898905554794E-1,
7.218694966174E-1,7.569753143581E-1,7.957544802950E-1,8.388473337544E-1,
8.868946627006E-1,9.404323703502E-1,1.E0,1.019045106880E0),.UNSPECIFIED.)GEOMETRIC_REPRESENTATION_ITEM()RATIONAL_B_SPLINE_SURFACE(((1.088253533410E0,
1.088253533410E0,1.088253533410E0,1.088253533410E0,1.088253533410E0,
1.088253533410E0,1.088253533410E0,1.088253533410E0,1.088253533410E0,
1.088253533410E0,1.088253533410E0,1.088253533410E0,1.088253533410E0,
1.088253533410E0,1.088253533410E0,1.088253533410E0,1.088253533410E0,
1.088253533410E0,1.088253533410E0,1.088253533410E0,1.088253533410E0,
1.088253533410E0,1.088253533410E0,1.088253533410E0,1.088253533410E0,
1.088253533410E0,1.088253533410E0,1.088253533410E0,1.088253533410E0,
1.088253533410E0,1.088253533410E0,1.088253533410E0,1.088253533410E0,
1.088253533410E0,1.088253533410E0,1.088253533410E0),(9.705821555301E-1,
9.705821555301E-1,9.705821555301E-1,9.705821555301E-1,9.705821555301E-1,
9.705821555301E-1,9.705821555301E-1,9.705821555301E-1,9.705821555301E-1,
9.705821555301E-1,9.705821555301E-1,9.705821555301E-1,9.705821555301E-1,
9.705821555301E-1,9.705821555301E-1,9.705821555301E-1,9.705821555301E-1,
9.705821555301E-1,9.705821555301E-1,9.705821555301E-1,9.705821555301E-1,
9.705821555301E-1,9.705821555301E-1,9.705821555301E-1,9.705821555301E-1,
9.705821555301E-1,9.705821555301E-1,9.705821555301E-1,9.705821555301E-1,
9.705821555301E-1,9.705821555301E-1,9.705821555301E-1,9.705821555301E-1,
9.705821555301E-1,9.705821555301E-1,9.705821555301E-1),(9.705821555301E-1,
9.705821555301E-1,9.705821555301E-1,9.705821555301E-1,9.705821555301E-1,
9.705821555301E-1,9.705821555301E-1,9.705821555301E-1,9.705821555301E-1,
9.705821555301E-1,9.705821555301E-1,9.705821555301E-1,9.705821555301E-1,
9.705821555301E-1,9.705821555301E-1,9.705821555301E-1,9.705821555301E-1,
9.705821555301E-1,9.705821555301E-1,9.705821555301E-1,9.705821555301E-1,
9.705821555301E-1,9.705821555301E-1,9.705821555301E-1,9.705821555301E-1,
9.705821555301E-1,9.705821555301E-1,9.705821555301E-1,9.705821555301E-1,
9.705821555301E-1,9.705821555301E-1,9.705821555301E-1,9.705821555301E-1,
9.705821555301E-1,9.705821555301E-1,9.705821555301E-1),(1.088253533410E0,
1.088253533410E0,1.088253533410E0,1.088253533410E0,1.088253533410E0,
1.088253533410E0,1.088253533410E0,1.088253533410E0,1.088253533410E0,
1.088253533410E0,1.088253533410E0,1.088253533410E0,1.088253533410E0,
1.088253533410E0,1.088253533410E0,1.088253533410E0,1.088253533410E0,
1.088253533410E0,1.088253533410E0,1.088253533410E0,1.088253533410E0,
1.088253533410E0,1.088253533410E0,1.088253533410E0,1.088253533410E0,
1.088253533410E0,1.088253533410E0,1.088253533410E0,1.088253533410E0,
1.088253533410E0,1.088253533410E0,1.088253533410E0,1.088253533410E0,
1.088253533410E0,1.088253533410E0,1.088253533410E0)))REPRESENTATION_ITEM('')SURFACE());
#7212=ORIENTED_EDGE('',*,*,#7059,.F.);
#7213=ORIENTED_EDGE('',*,*,#6998,.T.);
#7215=ORIENTED_EDGE('',*,*,#7214,.T.);
#7217=ORIENTED_EDGE('',*,*,#7216,.F.);
#7218=EDGE_LOOP('',(#7212,#7213,#7215,#7217));
#7219=FACE_OUTER_BOUND('',#7218,.F.);
#7220=ADVANCED_FACE('',(#7219),#7211,.F.);
#7221=CARTESIAN_POINT('',(2.248304467814E2,5.384592890162E1,3.798856175288E0));
#7222=DIRECTION('',(0.E0,0.E0,1.E0));
#7223=DIRECTION('',(0.E0,1.E0,0.E0));
#7224=AXIS2_PLACEMENT_3D('',#7221,#7222,#7223);
#7225=CYLINDRICAL_SURFACE('',#7224,3.5E0);
#7227=ORIENTED_EDGE('',*,*,#7226,.T.);
#7229=ORIENTED_EDGE('',*,*,#7228,.F.);
#7230=ORIENTED_EDGE('',*,*,#7214,.F.);
#7231=ORIENTED_EDGE('',*,*,#6983,.T.);
#7232=ORIENTED_EDGE('',*,*,#6963,.T.);
#7234=ORIENTED_EDGE('',*,*,#7233,.F.);
#7235=EDGE_LOOP('',(#7227,#7229,#7230,#7231,#7232,#7234));
#7236=FACE_OUTER_BOUND('',#7235,.F.);
#7237=ADVANCED_FACE('',(#7236),#7225,.F.);
#7238=CARTESIAN_POINT('',(2.256087874595E2,4.922655274271E1,5.729152151619E0));
#7239=CARTESIAN_POINT('',(2.255910557194E2,4.922632088197E1,5.747929938585E0));
#7240=CARTESIAN_POINT('',(2.252755262764E2,4.922427263952E1,6.083787272196E0));
#7241=CARTESIAN_POINT('',(2.247045355493E2,4.929051526459E1,6.749952592806E0));
#7242=CARTESIAN_POINT('',(2.239902212057E2,4.952107445097E1,7.737887879564E0));
#7243=CARTESIAN_POINT('',(2.234065427115E2,4.982815430922E1,8.691724645779E0));
#7244=CARTESIAN_POINT('',(2.229411107462E2,5.016874060917E1,9.586587495186E0));
#7245=CARTESIAN_POINT('',(2.225730925986E2,5.051646197971E1,1.041576168749E1));
#7246=CARTESIAN_POINT('',(2.222781499396E2,5.086347476134E1,1.119584548427E1));
#7247=CARTESIAN_POINT('',(2.220825393899E2,5.114544046715E1,1.180847805719E1));
#7248=CARTESIAN_POINT('',(2.219832222133E2,5.131025742306E1,1.216316026717E1));
#7249=CARTESIAN_POINT('',(2.219548695805E2,5.135935679643E1,1.226875528081E1));
#7250=CARTESIAN_POINT('',(2.256659975356E2,4.992550898641E1,5.791338172933E0));
#7251=CARTESIAN_POINT('',(2.256497404850E2,4.992529346119E1,5.808568380821E0));
#7252=CARTESIAN_POINT('',(2.253601967180E2,4.992338717420E1,6.116889595957E0));
#7253=CARTESIAN_POINT('',(2.248276630699E2,4.998504256767E1,6.733408620633E0));
#7254=CARTESIAN_POINT('',(2.241453747585E2,5.020428641449E1,7.660122560005E0));
#7255=CARTESIAN_POINT('',(2.235768263998E2,5.049989737724E1,8.564703804133E0));
#7256=CARTESIAN_POINT('',(2.231157995257E2,5.083065154365E1,9.420954608920E0));
#7257=CARTESIAN_POINT('',(2.227456990223E2,5.117062361816E1,1.022030973189E1));
#7258=CARTESIAN_POINT('',(2.224446289204E2,5.151188211245E1,1.097747251758E1));
#7259=CARTESIAN_POINT('',(2.222417250006E2,5.179075434974E1,1.157618314086E1));
#7260=CARTESIAN_POINT('',(2.221373649294E2,5.195453305075E1,1.192476331746E1));
#7261=CARTESIAN_POINT('',(2.221074426902E2,5.200340203757E1,1.202874230342E1));
#7262=CARTESIAN_POINT('',(2.253010985656E2,5.042332760580E1,5.452657559409E0));
#7263=CARTESIAN_POINT('',(2.252852542100E2,5.042312371525E1,5.469460861382E0));
#7264=CARTESIAN_POINT('',(2.250028703689E2,5.042131853341E1,5.770249733906E0));
#7265=CARTESIAN_POINT('',(2.244771380793E2,5.047970675626E1,6.375400065976E0));
#7266=CARTESIAN_POINT('',(2.237918022230E2,5.069089146237E1,7.294166776454E0));
#7267=CARTESIAN_POINT('',(2.232128324494E2,5.097833391703E1,8.198154107794E0));
#7268=CARTESIAN_POINT('',(2.227379919699E2,5.130208532872E1,9.059306801984E0));
#7269=CARTESIAN_POINT('',(2.223529703382E2,5.163653811087E1,9.867485120195E0));
#7270=CARTESIAN_POINT('',(2.220367385287E2,5.197369822075E1,1.063663643853E1));
#7271=CARTESIAN_POINT('',(2.218214587596E2,5.225036719246E1,1.124769275462E1));
#7272=CARTESIAN_POINT('',(2.217098524627E2,5.241340641569E1,1.160482725850E1));
#7273=CARTESIAN_POINT('',(2.216777682125E2,5.246211131395E1,1.171149718036E1));
#7274=CARTESIAN_POINT('',(2.247933356693E2,5.033904446699E1,4.972291389400E0));
#7275=CARTESIAN_POINT('',(2.247765261926E2,5.033883860664E1,4.990115155607E0));
#7276=CARTESIAN_POINT('',(2.244769972727E2,5.033701630720E1,5.309139714197E0));
#7277=CARTESIAN_POINT('',(2.239212057663E2,5.039595767809E1,5.949899041647E0));
#7278=CARTESIAN_POINT('',(2.232000809733E2,5.060850683633E1,6.920074393297E0));
#7279=CARTESIAN_POINT('',(2.225931133986E2,5.089733225955E1,7.872583922975E0));
#7280=CARTESIAN_POINT('',(2.220968117128E2,5.122226927203E1,8.778401186662E0));
#7281=CARTESIAN_POINT('',(2.216954488265E2,5.155765649750E1,9.627292865035E0));
#7282=CARTESIAN_POINT('',(2.213666237983E2,5.189551048401E1,1.043416783199E1));
#7283=CARTESIAN_POINT('',(2.211433565290E2,5.217255247940E1,1.107438973272E1));
#7284=CARTESIAN_POINT('',(2.210278459723E2,5.233571689986E1,1.144818858066E1));
#7285=CARTESIAN_POINT('',(2.209946618222E2,5.238444957912E1,1.155979711769E1));
#7286=(BOUNDED_SURFACE()B_SPLINE_SURFACE(3,3,((#7238,#7239,#7240,#7241,#7242,
#7243,#7244,#7245,#7246,#7247,#7248,#7249),(#7250,#7251,#7252,#7253,#7254,#7255,
#7256,#7257,#7258,#7259,#7260,#7261),(#7262,#7263,#7264,#7265,#7266,#7267,#7268,
#7269,#7270,#7271,#7272,#7273),(#7274,#7275,#7276,#7277,#7278,#7279,#7280,#7281,
#7282,#7283,#7284,#7285)),.UNSPECIFIED.,.F.,.F.,.F.)B_SPLINE_SURFACE_WITH_KNOTS(
(4,4),(4,1,1,1,1,1,1,1,1,4),(0.E0,1.E0),(-3.067121672867E-3,0.E0,
5.167139688918E-2,1.015228382975E-1,1.486969035990E-1,1.912569810465E-1,
2.300724538575E-1,2.662586954247E-1,3.007562925661E-1,3.153438680709E-1),
.UNSPECIFIED.)GEOMETRIC_REPRESENTATION_ITEM()RATIONAL_B_SPLINE_SURFACE(((
1.236578082847E0,1.236578082847E0,1.236578082847E0,1.236578082847E0,
1.236578082847E0,1.236578082847E0,1.236578082847E0,1.236578082847E0,
1.236578082847E0,1.236578082847E0,1.236578082847E0,1.236578082847E0),(
9.211406390509E-1,9.211406390509E-1,9.211406390509E-1,9.211406390509E-1,
9.211406390509E-1,9.211406390509E-1,9.211406390509E-1,9.211406390509E-1,
9.211406390509E-1,9.211406390509E-1,9.211406390509E-1,9.211406390509E-1),(
9.211406390509E-1,9.211406390509E-1,9.211406390509E-1,9.211406390509E-1,
9.211406390509E-1,9.211406390509E-1,9.211406390509E-1,9.211406390509E-1,
9.211406390509E-1,9.211406390509E-1,9.211406390509E-1,9.211406390509E-1),(
1.236578082847E0,1.236578082847E0,1.236578082847E0,1.236578082847E0,
1.236578082847E0,1.236578082847E0,1.236578082847E0,1.236578082847E0,
1.236578082847E0,1.236578082847E0,1.236578082847E0,1.236578082847E0)))REPRESENTATION_ITEM('')SURFACE());
#7287=ORIENTED_EDGE('',*,*,#7226,.F.);
#7289=ORIENTED_EDGE('',*,*,#7288,.F.);
#7291=ORIENTED_EDGE('',*,*,#7290,.T.);
#7293=ORIENTED_EDGE('',*,*,#7292,.F.);
#7295=ORIENTED_EDGE('',*,*,#7294,.F.);
#7296=EDGE_LOOP('',(#7287,#7289,#7291,#7293,#7295));
#7297=FACE_OUTER_BOUND('',#7296,.F.);
#7298=ADVANCED_FACE('',(#7297),#7286,.T.);
#7299=CARTESIAN_POINT('',(2.367385143532E2,4.934592890162E1,1.623816210994E1));
#7300=DIRECTION('',(0.E0,1.E0,0.E0));
#7301=DIRECTION('',(-6.097933479648E-1,0.E0,-7.925604537055E-1));
#7302=AXIS2_PLACEMENT_3D('',#7299,#7300,#7301);
#7303=TOROIDAL_SURFACE('',#7302,1.63E1,1.E0);
#7305=ORIENTED_EDGE('',*,*,#7304,.T.);
#7306=ORIENTED_EDGE('',*,*,#7288,.T.);
#7308=ORIENTED_EDGE('',*,*,#7307,.F.);
#7310=ORIENTED_EDGE('',*,*,#7309,.F.);
#7311=EDGE_LOOP('',(#7305,#7306,#7308,#7310));
#7312=FACE_OUTER_BOUND('',#7311,.F.);
#7313=ADVANCED_FACE('',(#7312),#7303,.T.);
#7314=CARTESIAN_POINT('',(2.367385143532E2,-2.103438324136E2,1.623816210994E1));
#7315=DIRECTION('',(0.E0,1.E0,0.E0));
#7316=DIRECTION('',(-5.822266386814E-1,0.E0,-8.130265316764E-1));
#7317=AXIS2_PLACEMENT_3D('',#7314,#7315,#7316);
#7318=CYLINDRICAL_SURFACE('',#7317,1.53E1);
#7319=ORIENTED_EDGE('',*,*,#7290,.F.);
#7320=ORIENTED_EDGE('',*,*,#7304,.F.);
#7322=ORIENTED_EDGE('',*,*,#7321,.F.);
#7324=ORIENTED_EDGE('',*,*,#7323,.F.);
#7326=ORIENTED_EDGE('',*,*,#7325,.F.);
#7328=ORIENTED_EDGE('',*,*,#7327,.T.);
#7329=EDGE_LOOP('',(#7319,#7320,#7322,#7324,#7326,#7328));
#7330=FACE_OUTER_BOUND('',#7329,.F.);
#7331=ADVANCED_FACE('',(#7330),#7318,.F.);
#7332=CARTESIAN_POINT('',(2.273364641598E2,4.906986192861E1,4.158234783577E0));
#7333=CARTESIAN_POINT('',(2.273379886142E2,4.907869992529E1,4.157019136396E0));
#7334=CARTESIAN_POINT('',(2.273397444989E2,4.909569584231E1,4.155607549035E0));
#7335=CARTESIAN_POINT('',(2.273371611718E2,4.912127923304E1,4.157682889823E0));
#7336=CARTESIAN_POINT('',(2.273280733025E2,4.914862777094E1,4.164908633704E0));
#7337=CARTESIAN_POINT('',(2.273102123054E2,4.917682774700E1,4.179007119770E0));
#7338=CARTESIAN_POINT('',(2.272821284329E2,4.920263544535E1,4.201137205390E0));
#7339=CARTESIAN_POINT('',(2.272441291316E2,4.922151953643E1,4.231155440810E0));
#7340=CARTESIAN_POINT('',(2.272030469267E2,4.922799832006E1,4.263784288083E0));
#7341=CARTESIAN_POINT('',(2.271764705395E2,4.922488652165E1,4.285013838218E0));
#7342=CARTESIAN_POINT('',(2.271655323186E2,4.922213447355E1,4.293783915218E0));
#7343=CARTESIAN_POINT('',(2.279090067930E2,4.884743198970E1,3.825533486734E0));
#7344=CARTESIAN_POINT('',(2.279336969848E2,4.892559044290E1,3.806933146838E0));
#7345=CARTESIAN_POINT('',(2.279562989323E2,4.909393287738E1,3.789973593452E0));
#7346=CARTESIAN_POINT('',(2.279234489826E2,4.934551379843E1,3.814624509968E0));
#7347=CARTESIAN_POINT('',(2.278368515726E2,4.955904630645E1,3.879815689613E0));
#7348=CARTESIAN_POINT('',(2.277160262028E2,4.972288569048E1,3.971365546858E0));
#7349=CARTESIAN_POINT('',(2.275734489394E2,4.983906592210E1,4.080496808440E0));
#7350=CARTESIAN_POINT('',(2.274163767167E2,4.990951989755E1,4.202395120729E0));
#7351=CARTESIAN_POINT('',(2.272654246414E2,4.993116979961E1,4.321576173560E0));
#7352=CARTESIAN_POINT('',(2.271694349270E2,4.992074161586E1,4.398597423873E0));
#7353=CARTESIAN_POINT('',(2.271291654259E2,4.991206860118E1,4.431133650789E0));
#7354=CARTESIAN_POINT('',(2.279773882781E2,4.868901098577E1,3.145832132992E0));
#7355=CARTESIAN_POINT('',(2.280187781226E2,4.881654146313E1,3.114696951186E0));
#7356=CARTESIAN_POINT('',(2.280564215330E2,4.909267724301E1,3.086515053495E0));
#7357=CARTESIAN_POINT('',(2.280017314836E2,4.950522010927E1,3.127461701062E0));
#7358=CARTESIAN_POINT('',(2.278591137599E2,4.985135819911E1,3.234563282384E0));
#7359=CARTESIAN_POINT('',(2.276636593384E2,5.011180387313E1,3.382274442063E0));
#7360=CARTESIAN_POINT('',(2.274377967727E2,5.029235002383E1,3.554721302574E0));
#7361=CARTESIAN_POINT('',(2.271937872573E2,5.039953355508E1,3.743728341860E0));
#7362=CARTESIAN_POINT('',(2.269623976055E2,5.043198876430E1,3.926285402797E0));
#7363=CARTESIAN_POINT('',(2.268155665551E2,5.041634964036E1,4.044166120790E0));
#7364=CARTESIAN_POINT('',(2.267538241980E2,5.040345954288E1,4.094097695591E0));
#7365=CARTESIAN_POINT('',(2.274892787655E2,4.871583271709E1,2.639281309147E0));
#7366=CARTESIAN_POINT('',(2.275281225446E2,4.883500418185E1,2.610053592305E0));
#7367=CARTESIAN_POINT('',(2.275634921365E2,4.909288983027E1,2.583563021683E0));
#7368=CARTESIAN_POINT('',(2.275121019399E2,4.947818076694E1,2.622055028647E0));
#7369=CARTESIAN_POINT('',(2.273778234265E2,4.980186784840E1,2.722939479974E0));
#7370=CARTESIAN_POINT('',(2.271931861583E2,5.004595743396E1,2.862543682619E0));
#7371=CARTESIAN_POINT('',(2.269789815747E2,5.021560600578E1,3.026167452852E0));
#7372=CARTESIAN_POINT('',(2.267467003256E2,5.031657097855E1,3.206156014913E0));
#7373=CARTESIAN_POINT('',(2.265258613269E2,5.034719677729E1,3.380413545397E0));
#7374=CARTESIAN_POINT('',(2.263856679464E2,5.033243990024E1,3.492953242341E0));
#7375=CARTESIAN_POINT('',(2.263267435491E2,5.032026378296E1,3.540597339471E0));
#7376=(BOUNDED_SURFACE()B_SPLINE_SURFACE(3,3,((#7332,#7333,#7334,#7335,#7336,
#7337,#7338,#7339,#7340,#7341,#7342),(#7343,#7344,#7345,#7346,#7347,#7348,#7349,
#7350,#7351,#7352,#7353),(#7354,#7355,#7356,#7357,#7358,#7359,#7360,#7361,#7362,
#7363,#7364),(#7365,#7366,#7367,#7368,#7369,#7370,#7371,#7372,#7373,#7374,
#7375)),.UNSPECIFIED.,.F.,.F.,.F.)B_SPLINE_SURFACE_WITH_KNOTS((4,4),(4,1,1,1,1,
1,1,1,4),(0.E0,1.E0),(-1.641657417268E-1,0.E0,1.607381370463E-1,
3.189161636586E-1,4.787946632213E-1,6.423253825417E-1,8.166102007951E-1,1.E0,
1.136546804302E0),.UNSPECIFIED.)GEOMETRIC_REPRESENTATION_ITEM()RATIONAL_B_SPLINE_SURFACE(((1.236576737800E0,1.236576737800E0,1.236576737800E0,1.236576737800E0,
1.236576737800E0,1.236576737800E0,1.236576737800E0,1.236576737800E0,
1.236576737800E0,1.236576737800E0,1.236576737800E0),(9.211410873999E-1,
9.211410873999E-1,9.211410873999E-1,9.211410873999E-1,9.211410873999E-1,
9.211410873999E-1,9.211410873999E-1,9.211410873999E-1,9.211410873999E-1,
9.211410873999E-1,9.211410873999E-1),(9.211410873999E-1,9.211410873999E-1,
9.211410873999E-1,9.211410873999E-1,9.211410873999E-1,9.211410873999E-1,
9.211410873999E-1,9.211410873999E-1,9.211410873999E-1,9.211410873999E-1,
9.211410873999E-1),(1.236576737800E0,1.236576737800E0,1.236576737800E0,
1.236576737800E0,1.236576737800E0,1.236576737800E0,1.236576737800E0,
1.236576737800E0,1.236576737800E0,1.236576737800E0,1.236576737800E0)))REPRESENTATION_ITEM('')SURFACE());
#7377=ORIENTED_EDGE('',*,*,#7321,.T.);
#7378=ORIENTED_EDGE('',*,*,#7309,.T.);
#7380=ORIENTED_EDGE('',*,*,#7379,.F.);
#7382=ORIENTED_EDGE('',*,*,#7381,.F.);
#7383=EDGE_LOOP('',(#7377,#7378,#7380,#7382));
#7384=FACE_OUTER_BOUND('',#7383,.F.);
#7385=ADVANCED_FACE('',(#7384),#7376,.T.);
#7386=CARTESIAN_POINT('',(2.265804467814E2,4.909592890162E1,-2.383545190982E1));
#7387=DIRECTION('',(0.E0,0.E0,1.E0));
#7388=DIRECTION('',(1.E0,0.E0,0.E0));
#7389=AXIS2_PLACEMENT_3D('',#7386,#7387,#7388);
#7390=CYLINDRICAL_SURFACE('',#7389,1.25E0);
#7392=ORIENTED_EDGE('',*,*,#7391,.F.);
#7393=ORIENTED_EDGE('',*,*,#6959,.T.);
#7395=ORIENTED_EDGE('',*,*,#7394,.T.);
#7396=ORIENTED_EDGE('',*,*,#7379,.T.);
#7397=EDGE_LOOP('',(#7392,#7393,#7395,#7396));
#7398=FACE_OUTER_BOUND('',#7397,.F.);
#7399=ADVANCED_FACE('',(#7398),#7390,.T.);
#7400=CARTESIAN_POINT('',(2.248304467814E2,5.034592890162E1,3.798856175288E0));
#7401=DIRECTION('',(0.E0,-1.E0,0.E0));
#7402=DIRECTION('',(1.E0,0.E0,0.E0));
#7403=AXIS2_PLACEMENT_3D('',#7400,#7401,#7402);
#7404=PLANE('',#7403);
#7405=ORIENTED_EDGE('',*,*,#7391,.T.);
#7406=ORIENTED_EDGE('',*,*,#7307,.T.);
#7407=ORIENTED_EDGE('',*,*,#7233,.T.);
#7408=ORIENTED_EDGE('',*,*,#6961,.T.);
#7409=EDGE_LOOP('',(#7405,#7406,#7407,#7408));
#7410=FACE_OUTER_BOUND('',#7409,.F.);
#7411=ADVANCED_FACE('',(#7410),#7404,.F.);
#7412=CARTESIAN_POINT('',(2.278304467814E2,-5.895407109838E1,
4.751166127193E-11));
#7413=DIRECTION('',(1.E0,0.E0,0.E0));
#7414=DIRECTION('',(0.E0,1.E0,0.E0));
#7415=AXIS2_PLACEMENT_3D('',#7412,#7413,#7414);
#7416=PLANE('',#7415);
#7418=ORIENTED_EDGE('',*,*,#7417,.F.);
#7419=ORIENTED_EDGE('',*,*,#4821,.F.);
#7421=ORIENTED_EDGE('',*,*,#7420,.F.);
#7423=ORIENTED_EDGE('',*,*,#7422,.F.);
#7425=ORIENTED_EDGE('',*,*,#7424,.F.);
#7427=ORIENTED_EDGE('',*,*,#7426,.T.);
#7428=EDGE_LOOP('',(#7418,#7419,#7421,#7423,#7425,#7427));
#7429=FACE_OUTER_BOUND('',#7428,.F.);
#7430=ADVANCED_FACE('',(#7429),#7416,.T.);
#7431=CARTESIAN_POINT('',(2.278304467814E2,-5.895407109838E1,
4.751166127193E-11));
#7432=DIRECTION('',(1.E0,0.E0,0.E0));
#7433=DIRECTION('',(0.E0,1.E0,0.E0));
#7434=AXIS2_PLACEMENT_3D('',#7431,#7432,#7433);
#7435=PLANE('',#7434);
#7437=ORIENTED_EDGE('',*,*,#7436,.F.);
#7438=ORIENTED_EDGE('',*,*,#4827,.F.);
#7440=ORIENTED_EDGE('',*,*,#7439,.T.);
#7442=ORIENTED_EDGE('',*,*,#7441,.T.);
#7443=EDGE_LOOP('',(#7437,#7438,#7440,#7442));
#7444=FACE_OUTER_BOUND('',#7443,.F.);
#7445=ADVANCED_FACE('',(#7444),#7435,.T.);
#7446=CARTESIAN_POINT('',(2.278304467814E2,-5.895407109838E1,
4.751166127193E-11));
#7447=DIRECTION('',(1.E0,0.E0,0.E0));
#7448=DIRECTION('',(0.E0,1.E0,0.E0));
#7449=AXIS2_PLACEMENT_3D('',#7446,#7447,#7448);
#7450=PLANE('',#7449);
#7452=ORIENTED_EDGE('',*,*,#7451,.F.);
#7453=ORIENTED_EDGE('',*,*,#4833,.F.);
#7455=ORIENTED_EDGE('',*,*,#7454,.T.);
#7457=ORIENTED_EDGE('',*,*,#7456,.T.);
#7458=EDGE_LOOP('',(#7452,#7453,#7455,#7457));
#7459=FACE_OUTER_BOUND('',#7458,.F.);
#7460=ADVANCED_FACE('',(#7459),#7450,.T.);
#7461=CARTESIAN_POINT('',(2.278304467814E2,-5.895407109838E1,
4.751166127193E-11));
#7462=DIRECTION('',(1.E0,0.E0,0.E0));
#7463=DIRECTION('',(0.E0,1.E0,0.E0));
#7464=AXIS2_PLACEMENT_3D('',#7461,#7462,#7463);
#7465=PLANE('',#7464);
#7467=ORIENTED_EDGE('',*,*,#7466,.F.);
#7468=ORIENTED_EDGE('',*,*,#4839,.F.);
#7470=ORIENTED_EDGE('',*,*,#7469,.T.);
#7472=ORIENTED_EDGE('',*,*,#7471,.T.);
#7473=EDGE_LOOP('',(#7467,#7468,#7470,#7472));
#7474=FACE_OUTER_BOUND('',#7473,.F.);
#7475=ADVANCED_FACE('',(#7474),#7465,.T.);
#7476=CARTESIAN_POINT('',(2.278304467814E2,-5.895407109838E1,
4.751166127193E-11));
#7477=DIRECTION('',(1.E0,0.E0,0.E0));
#7478=DIRECTION('',(0.E0,1.E0,0.E0));
#7479=AXIS2_PLACEMENT_3D('',#7476,#7477,#7478);
#7480=PLANE('',#7479);
#7482=ORIENTED_EDGE('',*,*,#7481,.F.);
#7483=ORIENTED_EDGE('',*,*,#4845,.F.);
#7485=ORIENTED_EDGE('',*,*,#7484,.T.);
#7487=ORIENTED_EDGE('',*,*,#7486,.T.);
#7488=EDGE_LOOP('',(#7482,#7483,#7485,#7487));
#7489=FACE_OUTER_BOUND('',#7488,.F.);
#7490=ADVANCED_FACE('',(#7489),#7480,.T.);
#7491=CARTESIAN_POINT('',(2.278304467814E2,-5.895407109838E1,
4.751166127193E-11));
#7492=DIRECTION('',(1.E0,0.E0,0.E0));
#7493=DIRECTION('',(0.E0,1.E0,0.E0));
#7494=AXIS2_PLACEMENT_3D('',#7491,#7492,#7493);
#7495=PLANE('',#7494);
#7497=ORIENTED_EDGE('',*,*,#7496,.F.);
#7498=ORIENTED_EDGE('',*,*,#4851,.F.);
#7500=ORIENTED_EDGE('',*,*,#7499,.T.);
#7502=ORIENTED_EDGE('',*,*,#7501,.T.);
#7503=EDGE_LOOP('',(#7497,#7498,#7500,#7502));
#7504=FACE_OUTER_BOUND('',#7503,.F.);
#7505=ADVANCED_FACE('',(#7504),#7495,.T.);
#7506=CARTESIAN_POINT('',(2.278304467814E2,-5.895407109838E1,
4.751166127193E-11));
#7507=DIRECTION('',(1.E0,0.E0,0.E0));
#7508=DIRECTION('',(0.E0,1.E0,0.E0));
#7509=AXIS2_PLACEMENT_3D('',#7506,#7507,#7508);
#7510=PLANE('',#7509);
#7512=ORIENTED_EDGE('',*,*,#7511,.F.);
#7513=ORIENTED_EDGE('',*,*,#4857,.F.);
#7515=ORIENTED_EDGE('',*,*,#7514,.T.);
#7517=ORIENTED_EDGE('',*,*,#7516,.T.);
#7518=EDGE_LOOP('',(#7512,#7513,#7515,#7517));
#7519=FACE_OUTER_BOUND('',#7518,.F.);
#7520=ADVANCED_FACE('',(#7519),#7510,.T.);
#7521=CARTESIAN_POINT('',(2.278304467814E2,-5.895407109838E1,
4.751166127193E-11));
#7522=DIRECTION('',(1.E0,0.E0,0.E0));
#7523=DIRECTION('',(0.E0,1.E0,0.E0));
#7524=AXIS2_PLACEMENT_3D('',#7521,#7522,#7523);
#7525=PLANE('',#7524);
#7527=ORIENTED_EDGE('',*,*,#7526,.F.);
#7528=ORIENTED_EDGE('',*,*,#4863,.F.);
#7530=ORIENTED_EDGE('',*,*,#7529,.T.);
#7532=ORIENTED_EDGE('',*,*,#7531,.T.);
#7533=EDGE_LOOP('',(#7527,#7528,#7530,#7532));
#7534=FACE_OUTER_BOUND('',#7533,.F.);
#7535=ADVANCED_FACE('',(#7534),#7525,.T.);
#7536=CARTESIAN_POINT('',(2.278304467814E2,-5.895407109838E1,
4.751166127193E-11));
#7537=DIRECTION('',(1.E0,0.E0,0.E0));
#7538=DIRECTION('',(0.E0,1.E0,0.E0));
#7539=AXIS2_PLACEMENT_3D('',#7536,#7537,#7538);
#7540=PLANE('',#7539);
#7542=ORIENTED_EDGE('',*,*,#7541,.F.);
#7543=ORIENTED_EDGE('',*,*,#4869,.F.);
#7545=ORIENTED_EDGE('',*,*,#7544,.T.);
#7547=ORIENTED_EDGE('',*,*,#7546,.T.);
#7548=EDGE_LOOP('',(#7542,#7543,#7545,#7547));
#7549=FACE_OUTER_BOUND('',#7548,.F.);
#7550=ADVANCED_FACE('',(#7549),#7540,.T.);
#7551=CARTESIAN_POINT('',(2.278304467814E2,-5.895407109838E1,
4.751166127193E-11));
#7552=DIRECTION('',(1.E0,0.E0,0.E0));
#7553=DIRECTION('',(0.E0,1.E0,0.E0));
#7554=AXIS2_PLACEMENT_3D('',#7551,#7552,#7553);
#7555=PLANE('',#7554);
#7557=ORIENTED_EDGE('',*,*,#7556,.F.);
#7558=ORIENTED_EDGE('',*,*,#4875,.F.);
#7560=ORIENTED_EDGE('',*,*,#7559,.T.);
#7562=ORIENTED_EDGE('',*,*,#7561,.T.);
#7563=EDGE_LOOP('',(#7557,#7558,#7560,#7562));
#7564=FACE_OUTER_BOUND('',#7563,.F.);
#7565=ADVANCED_FACE('',(#7564),#7555,.T.);
#7566=CARTESIAN_POINT('',(2.278304467814E2,-5.895407109838E1,
4.751166127193E-11));
#7567=DIRECTION('',(1.E0,0.E0,0.E0));
#7568=DIRECTION('',(0.E0,1.E0,0.E0));
#7569=AXIS2_PLACEMENT_3D('',#7566,#7567,#7568);
#7570=PLANE('',#7569);
#7572=ORIENTED_EDGE('',*,*,#7571,.F.);
#7573=ORIENTED_EDGE('',*,*,#4881,.F.);
#7575=ORIENTED_EDGE('',*,*,#7574,.T.);
#7577=ORIENTED_EDGE('',*,*,#7576,.T.);
#7578=EDGE_LOOP('',(#7572,#7573,#7575,#7577));
#7579=FACE_OUTER_BOUND('',#7578,.F.);
#7580=ADVANCED_FACE('',(#7579),#7570,.T.);
#7581=CARTESIAN_POINT('',(2.278304467814E2,-5.895407109838E1,
4.751166127193E-11));
#7582=DIRECTION('',(1.E0,0.E0,0.E0));
#7583=DIRECTION('',(0.E0,1.E0,0.E0));
#7584=AXIS2_PLACEMENT_3D('',#7581,#7582,#7583);
#7585=PLANE('',#7584);
#7587=ORIENTED_EDGE('',*,*,#7586,.F.);
#7588=ORIENTED_EDGE('',*,*,#4887,.F.);
#7590=ORIENTED_EDGE('',*,*,#7589,.T.);
#7592=ORIENTED_EDGE('',*,*,#7591,.T.);
#7593=EDGE_LOOP('',(#7587,#7588,#7590,#7592));
#7594=FACE_OUTER_BOUND('',#7593,.F.);
#7595=ADVANCED_FACE('',(#7594),#7585,.T.);
#7596=CARTESIAN_POINT('',(2.278304467814E2,-5.895407109838E1,
4.751166127193E-11));
#7597=DIRECTION('',(1.E0,0.E0,0.E0));
#7598=DIRECTION('',(0.E0,1.E0,0.E0));
#7599=AXIS2_PLACEMENT_3D('',#7596,#7597,#7598);
#7600=PLANE('',#7599);
#7602=ORIENTED_EDGE('',*,*,#7601,.F.);
#7603=ORIENTED_EDGE('',*,*,#4893,.F.);
#7605=ORIENTED_EDGE('',*,*,#7604,.T.);
#7607=ORIENTED_EDGE('',*,*,#7606,.T.);
#7608=EDGE_LOOP('',(#7602,#7603,#7605,#7607));
#7609=FACE_OUTER_BOUND('',#7608,.F.);
#7610=ADVANCED_FACE('',(#7609),#7600,.T.);
#7611=CARTESIAN_POINT('',(2.278304467814E2,-5.895407109838E1,
4.751166127193E-11));
#7612=DIRECTION('',(1.E0,0.E0,0.E0));
#7613=DIRECTION('',(0.E0,1.E0,0.E0));
#7614=AXIS2_PLACEMENT_3D('',#7611,#7612,#7613);
#7615=PLANE('',#7614);
#7617=ORIENTED_EDGE('',*,*,#7616,.F.);
#7618=ORIENTED_EDGE('',*,*,#4899,.F.);
#7620=ORIENTED_EDGE('',*,*,#7619,.T.);
#7622=ORIENTED_EDGE('',*,*,#7621,.T.);
#7624=ORIENTED_EDGE('',*,*,#7623,.T.);
#7625=EDGE_LOOP('',(#7617,#7618,#7620,#7622,#7624));
#7626=FACE_OUTER_BOUND('',#7625,.F.);
#7627=ADVANCED_FACE('',(#7626),#7615,.T.);
#7628=CARTESIAN_POINT('',(2.278304467814E2,-5.895407109838E1,
4.751166127193E-11));
#7629=DIRECTION('',(1.E0,0.E0,0.E0));
#7630=DIRECTION('',(0.E0,1.E0,0.E0));
#7631=AXIS2_PLACEMENT_3D('',#7628,#7629,#7630);
#7632=PLANE('',#7631);
#7634=ORIENTED_EDGE('',*,*,#7633,.F.);
#7635=ORIENTED_EDGE('',*,*,#4905,.F.);
#7637=ORIENTED_EDGE('',*,*,#7636,.T.);
#7639=ORIENTED_EDGE('',*,*,#7638,.T.);
#7641=ORIENTED_EDGE('',*,*,#7640,.T.);
#7642=EDGE_LOOP('',(#7634,#7635,#7637,#7639,#7641));
#7643=FACE_OUTER_BOUND('',#7642,.F.);
#7644=ADVANCED_FACE('',(#7643),#7632,.T.);
#7645=CARTESIAN_POINT('',(2.278304467814E2,-5.895407109838E1,
4.751166127193E-11));
#7646=DIRECTION('',(1.E0,0.E0,0.E0));
#7647=DIRECTION('',(0.E0,1.E0,0.E0));
#7648=AXIS2_PLACEMENT_3D('',#7645,#7646,#7647);
#7649=PLANE('',#7648);
#7651=ORIENTED_EDGE('',*,*,#7650,.T.);
#7653=ORIENTED_EDGE('',*,*,#7652,.T.);
#7654=ORIENTED_EDGE('',*,*,#7394,.F.);
#7655=ORIENTED_EDGE('',*,*,#6957,.F.);
#7657=ORIENTED_EDGE('',*,*,#7656,.T.);
#7658=ORIENTED_EDGE('',*,*,#4917,.F.);
#7659=EDGE_LOOP('',(#7651,#7653,#7654,#7655,#7657,#7658));
#7660=FACE_OUTER_BOUND('',#7659,.F.);
#7661=ADVANCED_FACE('',(#7660),#7649,.T.);
#7662=CARTESIAN_POINT('',(2.278304467814E2,-5.895407109838E1,
4.751166127193E-11));
#7663=DIRECTION('',(1.E0,0.E0,0.E0));
#7664=DIRECTION('',(0.E0,1.E0,0.E0));
#7665=AXIS2_PLACEMENT_3D('',#7662,#7663,#7664);
#7666=PLANE('',#7665);
#7668=ORIENTED_EDGE('',*,*,#7667,.F.);
#7669=ORIENTED_EDGE('',*,*,#4911,.F.);
#7671=ORIENTED_EDGE('',*,*,#7670,.T.);
#7673=ORIENTED_EDGE('',*,*,#7672,.T.);
#7674=EDGE_LOOP('',(#7668,#7669,#7671,#7673));
#7675=FACE_OUTER_BOUND('',#7674,.F.);
#7676=ADVANCED_FACE('',(#7675),#7666,.T.);
#7677=CARTESIAN_POINT('',(2.265033549070E2,-4.672627944689E1,3.798856175288E0));
#7678=DIRECTION('',(0.E0,0.E0,1.E0));
#7679=DIRECTION('',(0.E0,1.E0,0.E0));
#7680=AXIS2_PLACEMENT_3D('',#7677,#7678,#7679);
#7681=CYLINDRICAL_SURFACE('',#7680,1.360165174201E0);
#7682=ORIENTED_EDGE('',*,*,#4823,.F.);
#7683=ORIENTED_EDGE('',*,*,#7417,.T.);
#7685=ORIENTED_EDGE('',*,*,#7684,.T.);
#7687=ORIENTED_EDGE('',*,*,#7686,.T.);
#7688=EDGE_LOOP('',(#7682,#7683,#7685,#7687));
#7689=FACE_OUTER_BOUND('',#7688,.F.);
#7690=ADVANCED_FACE('',(#7689),#7681,.T.);
#7691=CARTESIAN_POINT('',(2.268304467814E2,-5.785783909838E1,2.798856175288E0));
#7692=DIRECTION('',(0.E0,1.E0,0.E0));
#7693=DIRECTION('',(0.E0,0.E0,1.E0));
#7694=AXIS2_PLACEMENT_3D('',#7691,#7692,#7693);
#7695=CYLINDRICAL_SURFACE('',#7694,1.E0);
#7697=ORIENTED_EDGE('',*,*,#7696,.F.);
#7699=ORIENTED_EDGE('',*,*,#7698,.F.);
#7700=ORIENTED_EDGE('',*,*,#7606,.F.);
#7702=ORIENTED_EDGE('',*,*,#7701,.F.);
#7704=ORIENTED_EDGE('',*,*,#7703,.F.);
#7705=ORIENTED_EDGE('',*,*,#7591,.F.);
#7707=ORIENTED_EDGE('',*,*,#7706,.F.);
#7709=ORIENTED_EDGE('',*,*,#7708,.F.);
#7710=ORIENTED_EDGE('',*,*,#7576,.F.);
#7712=ORIENTED_EDGE('',*,*,#7711,.F.);
#7714=ORIENTED_EDGE('',*,*,#7713,.F.);
#7715=ORIENTED_EDGE('',*,*,#7561,.F.);
#7717=ORIENTED_EDGE('',*,*,#7716,.F.);
#7719=ORIENTED_EDGE('',*,*,#7718,.F.);
#7720=ORIENTED_EDGE('',*,*,#7546,.F.);
#7722=ORIENTED_EDGE('',*,*,#7721,.F.);
#7724=ORIENTED_EDGE('',*,*,#7723,.F.);
#7725=ORIENTED_EDGE('',*,*,#7531,.F.);
#7727=ORIENTED_EDGE('',*,*,#7726,.F.);
#7729=ORIENTED_EDGE('',*,*,#7728,.F.);
#7730=ORIENTED_EDGE('',*,*,#7516,.F.);
#7732=ORIENTED_EDGE('',*,*,#7731,.F.);
#7734=ORIENTED_EDGE('',*,*,#7733,.F.);
#7735=ORIENTED_EDGE('',*,*,#7501,.F.);
#7737=ORIENTED_EDGE('',*,*,#7736,.F.);
#7739=ORIENTED_EDGE('',*,*,#7738,.F.);
#7740=ORIENTED_EDGE('',*,*,#7486,.F.);
#7742=ORIENTED_EDGE('',*,*,#7741,.F.);
#7744=ORIENTED_EDGE('',*,*,#7743,.F.);
#7745=ORIENTED_EDGE('',*,*,#7471,.F.);
#7747=ORIENTED_EDGE('',*,*,#7746,.F.);
#7749=ORIENTED_EDGE('',*,*,#7748,.F.);
#7750=ORIENTED_EDGE('',*,*,#7456,.F.);
#7752=ORIENTED_EDGE('',*,*,#7751,.F.);
#7754=ORIENTED_EDGE('',*,*,#7753,.F.);
#7755=ORIENTED_EDGE('',*,*,#7441,.F.);
#7757=ORIENTED_EDGE('',*,*,#7756,.F.);
#7758=ORIENTED_EDGE('',*,*,#7684,.F.);
#7759=ORIENTED_EDGE('',*,*,#7426,.F.);
#7761=ORIENTED_EDGE('',*,*,#7760,.F.);
#7763=ORIENTED_EDGE('',*,*,#7762,.T.);
#7765=ORIENTED_EDGE('',*,*,#7764,.T.);
#7766=ORIENTED_EDGE('',*,*,#7621,.F.);
#7767=EDGE_LOOP('',(#7697,#7699,#7700,#7702,#7704,#7705,#7707,#7709,#7710,#7712,
#7714,#7715,#7717,#7719,#7720,#7722,#7724,#7725,#7727,#7729,#7730,#7732,#7734,
#7735,#7737,#7739,#7740,#7742,#7744,#7745,#7747,#7749,#7750,#7752,#7754,#7755,
#7757,#7758,#7759,#7761,#7763,#7765,#7766));
#7768=FACE_OUTER_BOUND('',#7767,.F.);
#7769=ADVANCED_FACE('',(#7768),#7695,.T.);
#7770=CARTESIAN_POINT('',(2.265033549070E2,2.754712600451E1,3.798856175288E0));
#7771=DIRECTION('',(0.E0,0.E0,1.E0));
#7772=DIRECTION('',(0.E0,1.E0,0.E0));
#7773=AXIS2_PLACEMENT_3D('',#7770,#7771,#7772);
#7774=CYLINDRICAL_SURFACE('',#7773,1.360165174201E0);
#7775=ORIENTED_EDGE('',*,*,#4897,.F.);
#7777=ORIENTED_EDGE('',*,*,#7776,.F.);
#7778=ORIENTED_EDGE('',*,*,#7696,.T.);
#7779=ORIENTED_EDGE('',*,*,#7619,.F.);
#7780=EDGE_LOOP('',(#7775,#7777,#7778,#7779));
#7781=FACE_OUTER_BOUND('',#7780,.F.);
#7782=ADVANCED_FACE('',(#7781),#7774,.T.);
#7783=CARTESIAN_POINT('',(2.265033549070E2,2.503656845350E1,3.798856175288E0));
#7784=DIRECTION('',(0.E0,0.E0,1.E0));
#7785=DIRECTION('',(0.E0,1.E0,0.E0));
#7786=AXIS2_PLACEMENT_3D('',#7783,#7784,#7785);
#7787=CYLINDRICAL_SURFACE('',#7786,1.360165174201E0);
#7788=ORIENTED_EDGE('',*,*,#4895,.F.);
#7789=ORIENTED_EDGE('',*,*,#7601,.T.);
#7790=ORIENTED_EDGE('',*,*,#7698,.T.);
#7791=ORIENTED_EDGE('',*,*,#7776,.T.);
#7792=EDGE_LOOP('',(#7788,#7789,#7790,#7791));
#7793=FACE_OUTER_BOUND('',#7792,.F.);
#7794=ADVANCED_FACE('',(#7793),#7787,.T.);
#7795=CARTESIAN_POINT('',(2.265033549070E2,2.156688867948E1,3.798856175288E0));
#7796=DIRECTION('',(0.E0,0.E0,1.E0));
#7797=DIRECTION('',(0.E0,1.E0,0.E0));
#7798=AXIS2_PLACEMENT_3D('',#7795,#7796,#7797);
#7799=CYLINDRICAL_SURFACE('',#7798,1.360165174201E0);
#7800=ORIENTED_EDGE('',*,*,#4891,.F.);
#7802=ORIENTED_EDGE('',*,*,#7801,.F.);
#7803=ORIENTED_EDGE('',*,*,#7701,.T.);
#7804=ORIENTED_EDGE('',*,*,#7604,.F.);
#7805=EDGE_LOOP('',(#7800,#7802,#7803,#7804));
#7806=FACE_OUTER_BOUND('',#7805,.F.);
#7807=ADVANCED_FACE('',(#7806),#7799,.T.);
#7808=CARTESIAN_POINT('',(2.265033549070E2,1.905633112846E1,3.798856175288E0));
#7809=DIRECTION('',(0.E0,0.E0,1.E0));
#7810=DIRECTION('',(0.E0,1.E0,0.E0));
#7811=AXIS2_PLACEMENT_3D('',#7808,#7809,#7810);
#7812=CYLINDRICAL_SURFACE('',#7811,1.360165174201E0);
#7813=ORIENTED_EDGE('',*,*,#4889,.F.);
#7814=ORIENTED_EDGE('',*,*,#7586,.T.);
#7815=ORIENTED_EDGE('',*,*,#7703,.T.);
#7816=ORIENTED_EDGE('',*,*,#7801,.T.);
#7817=EDGE_LOOP('',(#7813,#7814,#7815,#7816));
#7818=FACE_OUTER_BOUND('',#7817,.F.);
#7819=ADVANCED_FACE('',(#7818),#7812,.T.);
#7820=CARTESIAN_POINT('',(2.265033549070E2,1.558665135445E1,3.798856175288E0));
#7821=DIRECTION('',(0.E0,0.E0,1.E0));
#7822=DIRECTION('',(0.E0,1.E0,0.E0));
#7823=AXIS2_PLACEMENT_3D('',#7820,#7821,#7822);
#7824=CYLINDRICAL_SURFACE('',#7823,1.360165174201E0);
#7825=ORIENTED_EDGE('',*,*,#4885,.F.);
#7827=ORIENTED_EDGE('',*,*,#7826,.F.);
#7828=ORIENTED_EDGE('',*,*,#7706,.T.);
#7829=ORIENTED_EDGE('',*,*,#7589,.F.);
#7830=EDGE_LOOP('',(#7825,#7827,#7828,#7829));
#7831=FACE_OUTER_BOUND('',#7830,.F.);
#7832=ADVANCED_FACE('',(#7831),#7824,.T.);
#7833=CARTESIAN_POINT('',(2.265033549070E2,1.307609380343E1,3.798856175288E0));
#7834=DIRECTION('',(0.E0,0.E0,1.E0));
#7835=DIRECTION('',(0.E0,1.E0,0.E0));
#7836=AXIS2_PLACEMENT_3D('',#7833,#7834,#7835);
#7837=CYLINDRICAL_SURFACE('',#7836,1.360165174201E0);
#7838=ORIENTED_EDGE('',*,*,#4883,.F.);
#7839=ORIENTED_EDGE('',*,*,#7571,.T.);
#7840=ORIENTED_EDGE('',*,*,#7708,.T.);
#7841=ORIENTED_EDGE('',*,*,#7826,.T.);
#7842=EDGE_LOOP('',(#7838,#7839,#7840,#7841));
#7843=FACE_OUTER_BOUND('',#7842,.F.);
#7844=ADVANCED_FACE('',(#7843),#7837,.T.);
#7845=CARTESIAN_POINT('',(2.265033549070E2,9.606414029414E0,3.798856175288E0));
#7846=DIRECTION('',(0.E0,0.E0,1.E0));
#7847=DIRECTION('',(0.E0,1.E0,0.E0));
#7848=AXIS2_PLACEMENT_3D('',#7845,#7846,#7847);
#7849=CYLINDRICAL_SURFACE('',#7848,1.360165174201E0);
#7850=ORIENTED_EDGE('',*,*,#4879,.F.);
#7852=ORIENTED_EDGE('',*,*,#7851,.F.);
#7853=ORIENTED_EDGE('',*,*,#7711,.T.);
#7854=ORIENTED_EDGE('',*,*,#7574,.F.);
#7855=EDGE_LOOP('',(#7850,#7852,#7853,#7854));
#7856=FACE_OUTER_BOUND('',#7855,.F.);
#7857=ADVANCED_FACE('',(#7856),#7849,.T.);
#7858=CARTESIAN_POINT('',(2.265033549070E2,7.095856478398E0,3.798856175288E0));
#7859=DIRECTION('',(0.E0,0.E0,1.E0));
#7860=DIRECTION('',(0.E0,1.E0,0.E0));
#7861=AXIS2_PLACEMENT_3D('',#7858,#7859,#7860);
#7862=CYLINDRICAL_SURFACE('',#7861,1.360165174201E0);
#7863=ORIENTED_EDGE('',*,*,#4877,.F.);
#7864=ORIENTED_EDGE('',*,*,#7556,.T.);
#7865=ORIENTED_EDGE('',*,*,#7713,.T.);
#7866=ORIENTED_EDGE('',*,*,#7851,.T.);
#7867=EDGE_LOOP('',(#7863,#7864,#7865,#7866));
#7868=FACE_OUTER_BOUND('',#7867,.F.);
#7869=ADVANCED_FACE('',(#7868),#7862,.T.);
#7870=CARTESIAN_POINT('',(2.265033549070E2,3.626176704382E0,3.798856175288E0));
#7871=DIRECTION('',(0.E0,0.E0,1.E0));
#7872=DIRECTION('',(0.E0,1.E0,0.E0));
#7873=AXIS2_PLACEMENT_3D('',#7870,#7871,#7872);
#7874=CYLINDRICAL_SURFACE('',#7873,1.360165174201E0);
#7875=ORIENTED_EDGE('',*,*,#4873,.F.);
#7877=ORIENTED_EDGE('',*,*,#7876,.F.);
#7878=ORIENTED_EDGE('',*,*,#7716,.T.);
#7879=ORIENTED_EDGE('',*,*,#7559,.F.);
#7880=EDGE_LOOP('',(#7875,#7877,#7878,#7879));
#7881=FACE_OUTER_BOUND('',#7880,.F.);
#7882=ADVANCED_FACE('',(#7881),#7874,.T.);
#7883=CARTESIAN_POINT('',(2.265033549070E2,1.115619153366E0,3.798856175288E0));
#7884=DIRECTION('',(0.E0,0.E0,1.E0));
#7885=DIRECTION('',(0.E0,1.E0,0.E0));
#7886=AXIS2_PLACEMENT_3D('',#7883,#7884,#7885);
#7887=CYLINDRICAL_SURFACE('',#7886,1.360165174201E0);
#7888=ORIENTED_EDGE('',*,*,#4871,.F.);
#7889=ORIENTED_EDGE('',*,*,#7541,.T.);
#7890=ORIENTED_EDGE('',*,*,#7718,.T.);
#7891=ORIENTED_EDGE('',*,*,#7876,.T.);
#7892=EDGE_LOOP('',(#7888,#7889,#7890,#7891));
#7893=FACE_OUTER_BOUND('',#7892,.F.);
#7894=ADVANCED_FACE('',(#7893),#7887,.T.);
#7895=CARTESIAN_POINT('',(2.265033549070E2,-2.354060620651E0,3.798856175288E0));
#7896=DIRECTION('',(0.E0,0.E0,1.E0));
#7897=DIRECTION('',(0.E0,1.E0,0.E0));
#7898=AXIS2_PLACEMENT_3D('',#7895,#7896,#7897);
#7899=CYLINDRICAL_SURFACE('',#7898,1.360165174201E0);
#7900=ORIENTED_EDGE('',*,*,#4867,.F.);
#7902=ORIENTED_EDGE('',*,*,#7901,.F.);
#7903=ORIENTED_EDGE('',*,*,#7721,.T.);
#7904=ORIENTED_EDGE('',*,*,#7544,.F.);
#7905=EDGE_LOOP('',(#7900,#7902,#7903,#7904));
#7906=FACE_OUTER_BOUND('',#7905,.F.);
#7907=ADVANCED_FACE('',(#7906),#7899,.T.);
#7908=CARTESIAN_POINT('',(2.265033549070E2,-4.864618171667E0,3.798856175288E0));
#7909=DIRECTION('',(0.E0,0.E0,1.E0));
#7910=DIRECTION('',(0.E0,1.E0,0.E0));
#7911=AXIS2_PLACEMENT_3D('',#7908,#7909,#7910);
#7912=CYLINDRICAL_SURFACE('',#7911,1.360165174201E0);
#7913=ORIENTED_EDGE('',*,*,#4865,.F.);
#7914=ORIENTED_EDGE('',*,*,#7526,.T.);
#7915=ORIENTED_EDGE('',*,*,#7723,.T.);
#7916=ORIENTED_EDGE('',*,*,#7901,.T.);
#7917=EDGE_LOOP('',(#7913,#7914,#7915,#7916));
#7918=FACE_OUTER_BOUND('',#7917,.F.);
#7919=ADVANCED_FACE('',(#7918),#7912,.T.);
#7920=CARTESIAN_POINT('',(2.265033549070E2,-8.334297945683E0,3.798856175288E0));
#7921=DIRECTION('',(0.E0,0.E0,1.E0));
#7922=DIRECTION('',(0.E0,1.E0,0.E0));
#7923=AXIS2_PLACEMENT_3D('',#7920,#7921,#7922);
#7924=CYLINDRICAL_SURFACE('',#7923,1.360165174201E0);
#7925=ORIENTED_EDGE('',*,*,#4861,.F.);
#7927=ORIENTED_EDGE('',*,*,#7926,.F.);
#7928=ORIENTED_EDGE('',*,*,#7726,.T.);
#7929=ORIENTED_EDGE('',*,*,#7529,.F.);
#7930=EDGE_LOOP('',(#7925,#7927,#7928,#7929));
#7931=FACE_OUTER_BOUND('',#7930,.F.);
#7932=ADVANCED_FACE('',(#7931),#7924,.T.);
#7933=CARTESIAN_POINT('',(2.265033549070E2,-1.084485549670E1,3.798856175288E0));
#7934=DIRECTION('',(0.E0,0.E0,1.E0));
#7935=DIRECTION('',(0.E0,1.E0,0.E0));
#7936=AXIS2_PLACEMENT_3D('',#7933,#7934,#7935);
#7937=CYLINDRICAL_SURFACE('',#7936,1.360165174201E0);
#7938=ORIENTED_EDGE('',*,*,#4859,.F.);
#7939=ORIENTED_EDGE('',*,*,#7511,.T.);
#7940=ORIENTED_EDGE('',*,*,#7728,.T.);
#7941=ORIENTED_EDGE('',*,*,#7926,.T.);
#7942=EDGE_LOOP('',(#7938,#7939,#7940,#7941));
#7943=FACE_OUTER_BOUND('',#7942,.F.);
#7944=ADVANCED_FACE('',(#7943),#7937,.T.);
#7945=CARTESIAN_POINT('',(2.265033549070E2,-1.431453527072E1,3.798856175288E0));
#7946=DIRECTION('',(0.E0,0.E0,1.E0));
#7947=DIRECTION('',(0.E0,1.E0,0.E0));
#7948=AXIS2_PLACEMENT_3D('',#7945,#7946,#7947);
#7949=CYLINDRICAL_SURFACE('',#7948,1.360165174201E0);
#7950=ORIENTED_EDGE('',*,*,#4855,.F.);
#7952=ORIENTED_EDGE('',*,*,#7951,.F.);
#7953=ORIENTED_EDGE('',*,*,#7731,.T.);
#7954=ORIENTED_EDGE('',*,*,#7514,.F.);
#7955=EDGE_LOOP('',(#7950,#7952,#7953,#7954));
#7956=FACE_OUTER_BOUND('',#7955,.F.);
#7957=ADVANCED_FACE('',(#7956),#7949,.T.);
#7958=CARTESIAN_POINT('',(2.265033549070E2,-1.682509282173E1,3.798856175288E0));
#7959=DIRECTION('',(0.E0,0.E0,1.E0));
#7960=DIRECTION('',(0.E0,1.E0,0.E0));
#7961=AXIS2_PLACEMENT_3D('',#7958,#7959,#7960);
#7962=CYLINDRICAL_SURFACE('',#7961,1.360165174201E0);
#7963=ORIENTED_EDGE('',*,*,#4853,.F.);
#7964=ORIENTED_EDGE('',*,*,#7496,.T.);
#7965=ORIENTED_EDGE('',*,*,#7733,.T.);
#7966=ORIENTED_EDGE('',*,*,#7951,.T.);
#7967=EDGE_LOOP('',(#7963,#7964,#7965,#7966));
#7968=FACE_OUTER_BOUND('',#7967,.F.);
#7969=ADVANCED_FACE('',(#7968),#7962,.T.);
#7970=CARTESIAN_POINT('',(2.265033549070E2,-2.029477259575E1,3.798856175288E0));
#7971=DIRECTION('',(0.E0,0.E0,1.E0));
#7972=DIRECTION('',(0.E0,1.E0,0.E0));
#7973=AXIS2_PLACEMENT_3D('',#7970,#7971,#7972);
#7974=CYLINDRICAL_SURFACE('',#7973,1.360165174201E0);
#7975=ORIENTED_EDGE('',*,*,#4849,.F.);
#7977=ORIENTED_EDGE('',*,*,#7976,.F.);
#7978=ORIENTED_EDGE('',*,*,#7736,.T.);
#7979=ORIENTED_EDGE('',*,*,#7499,.F.);
#7980=EDGE_LOOP('',(#7975,#7977,#7978,#7979));
#7981=FACE_OUTER_BOUND('',#7980,.F.);
#7982=ADVANCED_FACE('',(#7981),#7974,.T.);
#7983=CARTESIAN_POINT('',(2.265033549070E2,-2.280533014676E1,3.798856175288E0));
#7984=DIRECTION('',(0.E0,0.E0,1.E0));
#7985=DIRECTION('',(0.E0,1.E0,0.E0));
#7986=AXIS2_PLACEMENT_3D('',#7983,#7984,#7985);
#7987=CYLINDRICAL_SURFACE('',#7986,1.360165174201E0);
#7988=ORIENTED_EDGE('',*,*,#4847,.F.);
#7989=ORIENTED_EDGE('',*,*,#7481,.T.);
#7990=ORIENTED_EDGE('',*,*,#7738,.T.);
#7991=ORIENTED_EDGE('',*,*,#7976,.T.);
#7992=EDGE_LOOP('',(#7988,#7989,#7990,#7991));
#7993=FACE_OUTER_BOUND('',#7992,.F.);
#7994=ADVANCED_FACE('',(#7993),#7987,.T.);
#7995=CARTESIAN_POINT('',(2.265033549070E2,-2.627500992078E1,3.798856175288E0));
#7996=DIRECTION('',(0.E0,0.E0,1.E0));
#7997=DIRECTION('',(0.E0,1.E0,0.E0));
#7998=AXIS2_PLACEMENT_3D('',#7995,#7996,#7997);
#7999=CYLINDRICAL_SURFACE('',#7998,1.360165174201E0);
#8000=ORIENTED_EDGE('',*,*,#4843,.F.);
#8002=ORIENTED_EDGE('',*,*,#8001,.F.);
#8003=ORIENTED_EDGE('',*,*,#7741,.T.);
#8004=ORIENTED_EDGE('',*,*,#7484,.F.);
#8005=EDGE_LOOP('',(#8000,#8002,#8003,#8004));
#8006=FACE_OUTER_BOUND('',#8005,.F.);
#8007=ADVANCED_FACE('',(#8006),#7999,.T.);
#8008=CARTESIAN_POINT('',(2.265033549070E2,-2.878556747180E1,3.798856175288E0));
#8009=DIRECTION('',(0.E0,0.E0,1.E0));
#8010=DIRECTION('',(0.E0,1.E0,0.E0));
#8011=AXIS2_PLACEMENT_3D('',#8008,#8009,#8010);
#8012=CYLINDRICAL_SURFACE('',#8011,1.360165174201E0);
#8013=ORIENTED_EDGE('',*,*,#4841,.F.);
#8014=ORIENTED_EDGE('',*,*,#7466,.T.);
#8015=ORIENTED_EDGE('',*,*,#7743,.T.);
#8016=ORIENTED_EDGE('',*,*,#8001,.T.);
#8017=EDGE_LOOP('',(#8013,#8014,#8015,#8016));
#8018=FACE_OUTER_BOUND('',#8017,.F.);
#8019=ADVANCED_FACE('',(#8018),#8012,.T.);
#8020=CARTESIAN_POINT('',(2.265033549070E2,-3.225524724581E1,3.798856175288E0));
#8021=DIRECTION('',(0.E0,0.E0,1.E0));
#8022=DIRECTION('',(0.E0,1.E0,0.E0));
#8023=AXIS2_PLACEMENT_3D('',#8020,#8021,#8022);
#8024=CYLINDRICAL_SURFACE('',#8023,1.360165174201E0);
#8025=ORIENTED_EDGE('',*,*,#4837,.F.);
#8027=ORIENTED_EDGE('',*,*,#8026,.F.);
#8028=ORIENTED_EDGE('',*,*,#7746,.T.);
#8029=ORIENTED_EDGE('',*,*,#7469,.F.);
#8030=EDGE_LOOP('',(#8025,#8027,#8028,#8029));
#8031=FACE_OUTER_BOUND('',#8030,.F.);
#8032=ADVANCED_FACE('',(#8031),#8024,.T.);
#8033=CARTESIAN_POINT('',(2.265033549070E2,-3.476580479683E1,3.798856175288E0));
#8034=DIRECTION('',(0.E0,0.E0,1.E0));
#8035=DIRECTION('',(0.E0,1.E0,0.E0));
#8036=AXIS2_PLACEMENT_3D('',#8033,#8034,#8035);
#8037=CYLINDRICAL_SURFACE('',#8036,1.360165174201E0);
#8038=ORIENTED_EDGE('',*,*,#4835,.F.);
#8039=ORIENTED_EDGE('',*,*,#7451,.T.);
#8040=ORIENTED_EDGE('',*,*,#7748,.T.);
#8041=ORIENTED_EDGE('',*,*,#8026,.T.);
#8042=EDGE_LOOP('',(#8038,#8039,#8040,#8041));
#8043=FACE_OUTER_BOUND('',#8042,.F.);
#8044=ADVANCED_FACE('',(#8043),#8037,.T.);
#8045=CARTESIAN_POINT('',(2.265033549070E2,-3.823548457085E1,3.798856175288E0));
#8046=DIRECTION('',(0.E0,0.E0,1.E0));
#8047=DIRECTION('',(0.E0,1.E0,0.E0));
#8048=AXIS2_PLACEMENT_3D('',#8045,#8046,#8047);
#8049=CYLINDRICAL_SURFACE('',#8048,1.360165174201E0);
#8050=ORIENTED_EDGE('',*,*,#4831,.F.);
#8052=ORIENTED_EDGE('',*,*,#8051,.F.);
#8053=ORIENTED_EDGE('',*,*,#7751,.T.);
#8054=ORIENTED_EDGE('',*,*,#7454,.F.);
#8055=EDGE_LOOP('',(#8050,#8052,#8053,#8054));
#8056=FACE_OUTER_BOUND('',#8055,.F.);
#8057=ADVANCED_FACE('',(#8056),#8049,.T.);
#8058=CARTESIAN_POINT('',(2.265033549070E2,-4.074604212186E1,3.798856175288E0));
#8059=DIRECTION('',(0.E0,0.E0,1.E0));
#8060=DIRECTION('',(0.E0,1.E0,0.E0));
#8061=AXIS2_PLACEMENT_3D('',#8058,#8059,#8060);
#8062=CYLINDRICAL_SURFACE('',#8061,1.360165174201E0);
#8063=ORIENTED_EDGE('',*,*,#4829,.F.);
#8064=ORIENTED_EDGE('',*,*,#7436,.T.);
#8065=ORIENTED_EDGE('',*,*,#7753,.T.);
#8066=ORIENTED_EDGE('',*,*,#8051,.T.);
#8067=EDGE_LOOP('',(#8063,#8064,#8065,#8066));
#8068=FACE_OUTER_BOUND('',#8067,.F.);
#8069=ADVANCED_FACE('',(#8068),#8062,.T.);
#8070=CARTESIAN_POINT('',(2.265033549070E2,-4.421572189588E1,3.798856175288E0));
#8071=DIRECTION('',(0.E0,0.E0,1.E0));
#8072=DIRECTION('',(0.E0,1.E0,0.E0));
#8073=AXIS2_PLACEMENT_3D('',#8070,#8071,#8072);
#8074=CYLINDRICAL_SURFACE('',#8073,1.360165174201E0);
#8075=ORIENTED_EDGE('',*,*,#4825,.F.);
#8076=ORIENTED_EDGE('',*,*,#7686,.F.);
#8077=ORIENTED_EDGE('',*,*,#7756,.T.);
#8078=ORIENTED_EDGE('',*,*,#7439,.F.);
#8079=EDGE_LOOP('',(#8075,#8076,#8077,#8078));
#8080=FACE_OUTER_BOUND('',#8079,.F.);
#8081=ADVANCED_FACE('',(#8080),#8074,.T.);
#8082=CARTESIAN_POINT('',(2.266960060054E2,-5.114390688251E1,3.791664236488E0));
#8083=CARTESIAN_POINT('',(2.273159898768E2,-5.082112136906E1,3.875949965515E0));
#8084=CARTESIAN_POINT('',(2.277575604249E2,-5.059122413681E1,3.378117376879E0));
#8085=CARTESIAN_POINT('',(2.276828001613E2,-5.063014697204E1,2.679139202328E0));
#8086=CARTESIAN_POINT('',(2.267676731193E2,-5.128156006969E1,3.791664236488E0));
#8087=CARTESIAN_POINT('',(2.277721564113E2,-5.169729419060E1,3.875949965515E0));
#8088=CARTESIAN_POINT('',(2.284875786316E2,-5.199339212489E1,3.378117376879E0));
#8089=CARTESIAN_POINT('',(2.283664538101E2,-5.194326115551E1,2.679139202328E0));
#8090=CARTESIAN_POINT('',(2.266579357659E2,-5.139129743081E1,3.791664236488E0));
#8091=CARTESIAN_POINT('',(2.270736699578E2,-5.239578069347E1,3.875949965515E0));
#8092=CARTESIAN_POINT('',(2.273697679427E2,-5.311120289277E1,3.378117376879E0));
#8093=CARTESIAN_POINT('',(2.273196369648E2,-5.299007807489E1,2.679139202328E0));
#8094=CARTESIAN_POINT('',(2.265202825737E2,-5.131963032669E1,3.791664236488E0));
#8095=CARTESIAN_POINT('',(2.261974971040E2,-5.193961422092E1,3.875949965515E0));
#8096=CARTESIAN_POINT('',(2.259675999030E2,-5.238118478523E1,3.378117376879E0));
#8097=CARTESIAN_POINT('',(2.260065227330E2,-5.230642451886E1,2.679139202328E0));
#8098=(BOUNDED_SURFACE()B_SPLINE_SURFACE(3,3,((#8082,#8083,#8084,#8085),(#8086,
#8087,#8088,#8089),(#8090,#8091,#8092,#8093),(#8094,#8095,#8096,#8097)),
.UNSPECIFIED.,.F.,.F.,.F.)B_SPLINE_SURFACE_WITH_KNOTS((4,4),(4,4),(0.E0,1.E0),(
0.E0,1.E0),.UNSPECIFIED.)GEOMETRIC_REPRESENTATION_ITEM()RATIONAL_B_SPLINE_SURFACE(((1.901467897514E0,1.416427051934E0,1.416427051934E0,1.901467897514E0),(
1.014946002367E0,7.560458821759E-1,7.560458821759E-1,1.014946002367E0),(
1.014946002367E0,7.560458821759E-1,7.560458821759E-1,1.014946002367E0),(
1.901467897514E0,1.416427051934E0,1.416427051934E0,1.901467897514E0)))REPRESENTATION_ITEM('')SURFACE());
#8100=ORIENTED_EDGE('',*,*,#8099,.T.);
#8101=ORIENTED_EDGE('',*,*,#7760,.T.);
#8103=ORIENTED_EDGE('',*,*,#8102,.F.);
#8105=ORIENTED_EDGE('',*,*,#8104,.F.);
#8106=EDGE_LOOP('',(#8100,#8101,#8103,#8105));
#8107=FACE_OUTER_BOUND('',#8106,.F.);
#8108=ADVANCED_FACE('',(#8107),#8098,.T.);
#8109=CARTESIAN_POINT('',(2.278304467814E2,-5.895407109838E1,3.798856175288E0));
#8110=DIRECTION('',(0.E0,0.E0,1.E0));
#8111=DIRECTION('',(-1.E0,0.E0,0.E0));
#8112=AXIS2_PLACEMENT_3D('',#8109,#8110,#8111);
#8113=PLANE('',#8112);
#8114=ORIENTED_EDGE('',*,*,#7762,.F.);
#8115=ORIENTED_EDGE('',*,*,#8099,.F.);
#8117=ORIENTED_EDGE('',*,*,#8116,.F.);
#8119=ORIENTED_EDGE('',*,*,#8118,.F.);
#8121=ORIENTED_EDGE('',*,*,#8120,.F.);
#8123=ORIENTED_EDGE('',*,*,#8122,.T.);
#8125=ORIENTED_EDGE('',*,*,#8124,.F.);
#8126=EDGE_LOOP('',(#8114,#8115,#8117,#8119,#8121,#8123,#8125));
#8127=FACE_OUTER_BOUND('',#8126,.F.);
#8128=ADVANCED_FACE('',(#8127),#8113,.T.);
#8129=CARTESIAN_POINT('',(2.246766787814E2,-5.145407109838E1,2.798856175288E0));
#8130=DIRECTION('',(1.E0,0.E0,0.E0));
#8131=DIRECTION('',(0.E0,0.E0,1.E0));
#8132=AXIS2_PLACEMENT_3D('',#8129,#8130,#8131);
#8133=CYLINDRICAL_SURFACE('',#8132,1.E0);
#8134=ORIENTED_EDGE('',*,*,#8116,.T.);
#8135=ORIENTED_EDGE('',*,*,#8104,.T.);
#8137=ORIENTED_EDGE('',*,*,#8136,.F.);
#8139=ORIENTED_EDGE('',*,*,#8138,.F.);
#8140=EDGE_LOOP('',(#8134,#8135,#8137,#8139));
#8141=FACE_OUTER_BOUND('',#8140,.F.);
#8142=ADVANCED_FACE('',(#8141),#8133,.T.);
#8143=CARTESIAN_POINT('',(2.248304467814E2,-5.245407109838E1,3.798856175288E0));
#8144=DIRECTION('',(0.E0,-1.E0,0.E0));
#8145=DIRECTION('',(1.E0,0.E0,0.E0));
#8146=AXIS2_PLACEMENT_3D('',#8143,#8144,#8145);
#8147=PLANE('',#8146);
#8148=ORIENTED_EDGE('',*,*,#8136,.T.);
#8150=ORIENTED_EDGE('',*,*,#8149,.T.);
#8152=ORIENTED_EDGE('',*,*,#8151,.F.);
#8154=ORIENTED_EDGE('',*,*,#8153,.F.);
#8155=EDGE_LOOP('',(#8148,#8150,#8152,#8154));
#8156=FACE_OUTER_BOUND('',#8155,.F.);
#8157=ADVANCED_FACE('',(#8156),#8147,.T.);
#8158=CARTESIAN_POINT('',(2.265804467814E2,-5.120407109838E1,4.211978138971E1));
#8159=DIRECTION('',(0.E0,0.E0,-1.E0));
#8160=DIRECTION('',(1.E0,0.E0,0.E0));
#8161=AXIS2_PLACEMENT_3D('',#8158,#8159,#8160);
#8162=CYLINDRICAL_SURFACE('',#8161,1.25E0);
#8163=ORIENTED_EDGE('',*,*,#8102,.T.);
#8164=ORIENTED_EDGE('',*,*,#7424,.T.);
#8166=ORIENTED_EDGE('',*,*,#8165,.T.);
#8167=ORIENTED_EDGE('',*,*,#8149,.F.);
#8168=EDGE_LOOP('',(#8163,#8164,#8166,#8167));
#8169=FACE_OUTER_BOUND('',#8168,.F.);
#8170=ADVANCED_FACE('',(#8169),#8162,.T.);
#8171=CARTESIAN_POINT('',(4.096608935627E2,-5.895407109838E1,1.998856175288E0));
#8172=DIRECTION('',(0.E0,0.E0,-1.E0));
#8173=DIRECTION('',(0.E0,-1.E0,0.E0));
#8174=AXIS2_PLACEMENT_3D('',#8171,#8172,#8173);
#8175=PLANE('',#8174);
#8176=ORIENTED_EDGE('',*,*,#8151,.T.);
#8177=ORIENTED_EDGE('',*,*,#8165,.F.);
#8178=ORIENTED_EDGE('',*,*,#7422,.T.);
#8180=ORIENTED_EDGE('',*,*,#8179,.F.);
#8182=ORIENTED_EDGE('',*,*,#8181,.T.);
#8184=ORIENTED_EDGE('',*,*,#8183,.F.);
#8186=ORIENTED_EDGE('',*,*,#8185,.T.);
#8188=ORIENTED_EDGE('',*,*,#8187,.T.);
#8189=EDGE_LOOP('',(#8176,#8177,#8178,#8180,#8182,#8184,#8186,#8188));
#8190=FACE_OUTER_BOUND('',#8189,.F.);
#8192=ORIENTED_EDGE('',*,*,#8191,.F.);
#8194=ORIENTED_EDGE('',*,*,#8193,.F.);
#8195=EDGE_LOOP('',(#8192,#8194));
#8196=FACE_BOUND('',#8195,.F.);
#8197=ADVANCED_FACE('',(#8190,#8196),#8175,.F.);
#8198=CARTESIAN_POINT('',(2.265804467814E2,-5.770407109838E1,4.211978138971E1));
#8199=DIRECTION('',(0.E0,0.E0,-1.E0));
#8200=DIRECTION('',(1.E0,0.E0,0.E0));
#8201=AXIS2_PLACEMENT_3D('',#8198,#8199,#8200);
#8202=CYLINDRICAL_SURFACE('',#8201,1.25E0);
#8203=ORIENTED_EDGE('',*,*,#4819,.T.);
#8205=ORIENTED_EDGE('',*,*,#8204,.F.);
#8206=ORIENTED_EDGE('',*,*,#8179,.T.);
#8207=ORIENTED_EDGE('',*,*,#7420,.T.);
#8208=EDGE_LOOP('',(#8203,#8205,#8206,#8207));
#8209=FACE_OUTER_BOUND('',#8208,.F.);
#8210=ADVANCED_FACE('',(#8209),#8202,.T.);
#8211=CARTESIAN_POINT('',(1.818304467814E2,-5.895407109838E1,
4.751166127193E-11));
#8212=DIRECTION('',(0.E0,-1.E0,0.E0));
#8213=DIRECTION('',(1.E0,0.E0,0.E0));
#8214=AXIS2_PLACEMENT_3D('',#8211,#8212,#8213);
#8215=PLANE('',#8214);
#8217=ORIENTED_EDGE('',*,*,#8216,.T.);
#8219=ORIENTED_EDGE('',*,*,#8218,.F.);
#8220=ORIENTED_EDGE('',*,*,#8181,.F.);
#8221=ORIENTED_EDGE('',*,*,#8204,.T.);
#8222=ORIENTED_EDGE('',*,*,#4817,.F.);
#8224=ORIENTED_EDGE('',*,*,#8223,.F.);
#8225=ORIENTED_EDGE('',*,*,#5027,.F.);
#8227=ORIENTED_EDGE('',*,*,#8226,.F.);
#8228=ORIENTED_EDGE('',*,*,#5111,.T.);
#8229=ORIENTED_EDGE('',*,*,#5127,.T.);
#8231=ORIENTED_EDGE('',*,*,#8230,.T.);
#8233=ORIENTED_EDGE('',*,*,#8232,.T.);
#8234=EDGE_LOOP('',(#8217,#8219,#8220,#8221,#8222,#8224,#8225,#8227,#8228,#8229,
#8231,#8233));
#8235=FACE_OUTER_BOUND('',#8234,.F.);
#8236=ADVANCED_FACE('',(#8235),#8215,.T.);
#8237=CARTESIAN_POINT('',(2.205484827042E2,-5.795407109838E1,5.048856175288E0));
#8238=DIRECTION('',(0.E0,-1.E0,0.E0));
#8239=DIRECTION('',(-9.337385190149E-1,0.E0,-3.579558326217E-1));
#8240=AXIS2_PLACEMENT_3D('',#8237,#8238,#8239);
#8241=TOROIDAL_SURFACE('',#8240,2.25E0,1.E0);
#8243=ORIENTED_EDGE('',*,*,#8242,.T.);
#8245=ORIENTED_EDGE('',*,*,#8244,.T.);
#8246=ORIENTED_EDGE('',*,*,#8216,.F.);
#8248=ORIENTED_EDGE('',*,*,#8247,.F.);
#8249=EDGE_LOOP('',(#8243,#8245,#8246,#8248));
#8250=FACE_OUTER_BOUND('',#8249,.F.);
#8251=ADVANCED_FACE('',(#8250),#8241,.T.);
#8252=CARTESIAN_POINT('',(2.205484827042E2,2.078167970256E2,5.048856175288E0));
#8253=DIRECTION('',(0.E0,-1.E0,0.E0));
#8254=DIRECTION('',(-8.799568606961E-1,0.E0,-4.750536004641E-1));
#8255=AXIS2_PLACEMENT_3D('',#8252,#8253,#8254);
#8256=CYLINDRICAL_SURFACE('',#8255,1.25E0);
#8258=ORIENTED_EDGE('',*,*,#8257,.F.);
#8260=ORIENTED_EDGE('',*,*,#8259,.F.);
#8262=ORIENTED_EDGE('',*,*,#8261,.F.);
#8263=ORIENTED_EDGE('',*,*,#8242,.F.);
#8265=ORIENTED_EDGE('',*,*,#8264,.F.);
#8267=ORIENTED_EDGE('',*,*,#8266,.F.);
#8268=ORIENTED_EDGE('',*,*,#8120,.T.);
#8269=EDGE_LOOP('',(#8258,#8260,#8262,#8263,#8265,#8267,#8268));
#8270=FACE_OUTER_BOUND('',#8269,.F.);
#8271=ADVANCED_FACE('',(#8270),#8256,.F.);
#8272=CARTESIAN_POINT('',(2.202114430767E2,-5.603527552423E1,3.802184202984E0));
#8273=CARTESIAN_POINT('',(2.202109675353E2,-5.600821447321E1,3.802230744737E0));
#8274=CARTESIAN_POINT('',(2.202097194283E2,-5.586627717205E1,3.802350181206E0));
#8275=CARTESIAN_POINT('',(2.202193428257E2,-5.560869290427E1,3.801430594367E0));
#8276=CARTESIAN_POINT('',(2.202587495413E2,-5.525868350434E1,3.798069235920E0));
#8277=CARTESIAN_POINT('',(2.203279802552E2,-5.489688491158E1,3.793616903520E0));
#8278=CARTESIAN_POINT('',(2.204018839836E2,-5.463117300224E1,3.791462457055E0));
#8279=CARTESIAN_POINT('',(2.204503989973E2,-5.448519000245E1,3.791704103327E0));
#8280=CARTESIAN_POINT('',(2.204585769434E2,-5.446123775194E1,3.791789276699E0));
#8281=CARTESIAN_POINT('',(2.209103200858E2,-5.602338089392E1,3.886469804994E0));
#8282=CARTESIAN_POINT('',(2.209099120108E2,-5.600028450801E1,3.886516445713E0));
#8283=CARTESIAN_POINT('',(2.209088406098E2,-5.587913565872E1,3.886636112922E0));
#8284=CARTESIAN_POINT('',(2.209171039272E2,-5.565927807629E1,3.885714745385E0));
#8285=CARTESIAN_POINT('',(2.209508604171E2,-5.536111733252E1,3.882349015718E0));
#8286=CARTESIAN_POINT('',(2.210098649623E2,-5.505416572789E1,3.877896851596E0));
#8287=CARTESIAN_POINT('',(2.210723106332E2,-5.483025540414E1,3.875748783466E0));
#8288=CARTESIAN_POINT('',(2.211129473222E2,-5.470793940255E1,3.875989737075E0));
#8289=CARTESIAN_POINT('',(2.211197872846E2,-5.468789050972E1,3.876074635877E0));
#8290=CARTESIAN_POINT('',(2.214080645739E2,-5.601397697353E1,3.388638057786E0));
#8291=CARTESIAN_POINT('',(2.214077152188E2,-5.599401302821E1,3.388684113958E0));
#8292=CARTESIAN_POINT('',(2.214067985453E2,-5.588930494288E1,3.388802418307E0));
#8293=CARTESIAN_POINT('',(2.214138648643E2,-5.569928311089E1,3.387891568438E0));
#8294=CARTESIAN_POINT('',(2.214428545408E2,-5.544068850151E1,3.384551657320E0));
#8295=CARTESIAN_POINT('',(2.214939841564E2,-5.517254909691E1,3.380098499268E0));
#8296=CARTESIAN_POINT('',(2.215489260889E2,-5.497460831780E1,3.377912757591E0));
#8297=CARTESIAN_POINT('',(2.215852311081E2,-5.486539159031E1,3.378157802402E0));
#8298=CARTESIAN_POINT('',(2.215913575217E2,-5.484745833406E1,3.378244322951E0));
#8299=CARTESIAN_POINT('',(2.213237712212E2,-5.601426023311E1,2.689661057355E0));
#8300=CARTESIAN_POINT('',(2.213234269032E2,-5.599419936374E1,2.689706292798E0));
#8301=CARTESIAN_POINT('',(2.213225245717E2,-5.588900285008E1,2.689822683633E0));
#8302=CARTESIAN_POINT('',(2.213294729922E2,-5.569809364495E1,2.688926601018E0));
#8303=CARTESIAN_POINT('',(2.213582271323E2,-5.543650415905E1,2.685622940244E0));
#8304=CARTESIAN_POINT('',(2.214098594478E2,-5.516144063515E1,2.681168386671E0));
#8305=CARTESIAN_POINT('',(2.214669942924E2,-5.495376383435E1,2.678929749727E0));
#8306=CARTESIAN_POINT('',(2.215058291622E2,-5.483705427023E1,2.679180538762E0));
#8307=CARTESIAN_POINT('',(2.215124125144E2,-5.481782991157E1,2.679269336312E0));
#8308=(BOUNDED_SURFACE()B_SPLINE_SURFACE(3,3,((#8272,#8273,#8274,#8275,#8276,
#8277,#8278,#8279,#8280),(#8281,#8282,#8283,#8284,#8285,#8286,#8287,#8288,
#8289),(#8290,#8291,#8292,#8293,#8294,#8295,#8296,#8297,#8298),(#8299,#8300,
#8301,#8302,#8303,#8304,#8305,#8306,#8307)),.UNSPECIFIED.,.F.,.F.,.F.)B_SPLINE_SURFACE_WITH_KNOTS((4,4),(4,1,1,1,1,1,4),(0.E0,1.E0),(-5.533474966322E-2,0.E0,
2.347929522806E-1,4.710542451030E-1,7.233820924739E-1,1.E0,1.054667112859E0),
.UNSPECIFIED.)GEOMETRIC_REPRESENTATION_ITEM()RATIONAL_B_SPLINE_SURFACE(((
1.236576482419E0,1.236576482419E0,1.236576482419E0,1.236576482419E0,
1.236576482419E0,1.236576482419E0,1.236576482419E0,1.236576482419E0,
1.236576482419E0),(9.211411725270E-1,9.211411725270E-1,9.211411725270E-1,
9.211411725270E-1,9.211411725270E-1,9.211411725270E-1,9.211411725270E-1,
9.211411725270E-1,9.211411725270E-1),(9.211411725270E-1,9.211411725270E-1,
9.211411725270E-1,9.211411725270E-1,9.211411725270E-1,9.211411725270E-1,
9.211411725270E-1,9.211411725270E-1,9.211411725270E-1),(1.236576482419E0,
1.236576482419E0,1.236576482419E0,1.236576482419E0,1.236576482419E0,
1.236576482419E0,1.236576482419E0,1.236576482419E0,1.236576482419E0)))REPRESENTATION_ITEM('')SURFACE());
#8309=ORIENTED_EDGE('',*,*,#8257,.T.);
#8311=ORIENTED_EDGE('',*,*,#8310,.T.);
#8313=ORIENTED_EDGE('',*,*,#8312,.F.);
#8315=ORIENTED_EDGE('',*,*,#8314,.F.);
#8316=EDGE_LOOP('',(#8309,#8311,#8313,#8315));
#8317=FACE_OUTER_BOUND('',#8316,.F.);
#8318=ADVANCED_FACE('',(#8317),#8308,.T.);
#8319=CARTESIAN_POINT('',(2.248304467814E2,-5.595407109838E1,2.798856175288E0));
#8320=DIRECTION('',(0.E0,0.E0,-1.E0));
#8321=DIRECTION('',(-9.844035726916E-1,1.759250012705E-1,0.E0));
#8322=AXIS2_PLACEMENT_3D('',#8319,#8320,#8321);
#8323=TOROIDAL_SURFACE('',#8322,4.5E0,1.E0);
#8324=ORIENTED_EDGE('',*,*,#8118,.T.);
#8325=ORIENTED_EDGE('',*,*,#8138,.T.);
#8327=ORIENTED_EDGE('',*,*,#8326,.F.);
#8328=ORIENTED_EDGE('',*,*,#8310,.F.);
#8329=EDGE_LOOP('',(#8324,#8325,#8327,#8328));
#8330=FACE_OUTER_BOUND('',#8329,.F.);
#8331=ADVANCED_FACE('',(#8330),#8323,.T.);
#8332=CARTESIAN_POINT('',(2.248304467814E2,-5.595407109838E1,3.798856175288E0));
#8333=DIRECTION('',(0.E0,0.E0,-1.E0));
#8334=DIRECTION('',(0.E0,-1.E0,0.E0));
#8335=AXIS2_PLACEMENT_3D('',#8332,#8333,#8334);
#8336=CYLINDRICAL_SURFACE('',#8335,3.5E0);
#8337=ORIENTED_EDGE('',*,*,#8326,.T.);
#8338=ORIENTED_EDGE('',*,*,#8153,.T.);
#8339=ORIENTED_EDGE('',*,*,#8187,.F.);
#8341=ORIENTED_EDGE('',*,*,#8340,.F.);
#8342=ORIENTED_EDGE('',*,*,#8312,.T.);
#8343=EDGE_LOOP('',(#8337,#8338,#8339,#8341,#8342));
#8344=FACE_OUTER_BOUND('',#8343,.F.);
#8345=ADVANCED_FACE('',(#8344),#8336,.F.);
#8346=CARTESIAN_POINT('',(2.213304467814E2,-5.895407109838E1,3.798856175288E0));
#8347=DIRECTION('',(1.E0,0.E0,0.E0));
#8348=DIRECTION('',(0.E0,1.E0,0.E0));
#8349=AXIS2_PLACEMENT_3D('',#8346,#8347,#8348);
#8350=PLANE('',#8349);
#8352=ORIENTED_EDGE('',*,*,#8351,.T.);
#8353=ORIENTED_EDGE('',*,*,#8340,.T.);
#8354=ORIENTED_EDGE('',*,*,#8185,.F.);
#8356=ORIENTED_EDGE('',*,*,#8355,.T.);
#8357=EDGE_LOOP('',(#8352,#8353,#8354,#8356));
#8358=FACE_OUTER_BOUND('',#8357,.F.);
#8359=ADVANCED_FACE('',(#8358),#8350,.T.);
#8360=CARTESIAN_POINT('',(2.203304467814E2,-5.785783909838E1,2.809445463442E0));
#8361=DIRECTION('',(0.E0,1.E0,0.E0));
#8362=DIRECTION('',(9.690485461684E-2,0.E0,9.952936497093E-1));
#8363=AXIS2_PLACEMENT_3D('',#8360,#8361,#8362);
#8364=CYLINDRICAL_SURFACE('',#8363,1.E0);
#8365=ORIENTED_EDGE('',*,*,#8259,.T.);
#8366=ORIENTED_EDGE('',*,*,#8314,.T.);
#8367=ORIENTED_EDGE('',*,*,#8351,.F.);
#8369=ORIENTED_EDGE('',*,*,#8368,.F.);
#8370=EDGE_LOOP('',(#8365,#8366,#8367,#8369));
#8371=FACE_OUTER_BOUND('',#8370,.F.);
#8372=ADVANCED_FACE('',(#8371),#8364,.T.);
#8373=CARTESIAN_POINT('',(2.202549864496E2,-5.787698650796E1,3.831979035449E0));
#8374=CARTESIAN_POINT('',(2.202653568180E2,-5.788852260389E1,3.829344100990E0));
#8375=CARTESIAN_POINT('',(2.202838433183E2,-5.789756880720E1,3.825293224962E0));
#8376=CARTESIAN_POINT('',(2.203088979936E2,-5.788985274820E1,3.820077541037E0));
#8377=CARTESIAN_POINT('',(2.203277968153E2,-5.787149238007E1,3.816295420791E0));
#8378=CARTESIAN_POINT('',(2.203439520201E2,-5.784262182667E1,3.813161368769E0));
#8379=CARTESIAN_POINT('',(2.203568174327E2,-5.780406107221E1,3.810730212240E0));
#8380=CARTESIAN_POINT('',(2.203654429067E2,-5.775694573679E1,3.809134030185E0));
#8381=CARTESIAN_POINT('',(2.203687320544E2,-5.770070249588E1,3.808531531909E0));
#8382=CARTESIAN_POINT('',(2.203660321600E2,-5.766191582317E1,3.809028606804E0));
#8383=CARTESIAN_POINT('',(2.203630383099E2,-5.764232456926E1,3.809493140081E0));
#8384=CARTESIAN_POINT('',(2.200145541294E2,-5.849250057818E1,3.936394299439E0));
#8385=CARTESIAN_POINT('',(2.200994551309E2,-5.854174130723E1,3.910541354577E0));
#8386=CARTESIAN_POINT('',(2.202570738754E2,-5.858103089954E1,3.869424279083E0));
#8387=CARTESIAN_POINT('',(2.204822893509E2,-5.854755646308E1,3.827891992059E0));
#8388=CARTESIAN_POINT('',(2.206584803208E2,-5.846579432097E1,3.804635578838E0));
#8389=CARTESIAN_POINT('',(2.208127128909E2,-5.833530006283E1,3.791382447367E0));
#8390=CARTESIAN_POINT('',(2.209368743008E2,-5.815983188262E1,3.785445723712E0));
#8391=CARTESIAN_POINT('',(2.210203052874E2,-5.794506090510E1,3.783869409148E0));
#8392=CARTESIAN_POINT('',(2.210521511027E2,-5.768871403903E1,3.783801519365E0));
#8393=CARTESIAN_POINT('',(2.210259084944E2,-5.751194812396E1,3.783838017164E0));
#8394=CARTESIAN_POINT('',(2.209969241539E2,-5.742261921829E1,3.784283775263E0));
#8395=CARTESIAN_POINT('',(2.197187815191E2,-5.891524427041E1,3.507224428175E0));
#8396=CARTESIAN_POINT('',(2.198619318686E2,-5.899038107006E1,3.463472548673E0));
#8397=CARTESIAN_POINT('',(2.201279273080E2,-5.905044224591E1,3.393845427265E0));
#8398=CARTESIAN_POINT('',(2.205084184480E2,-5.899927659472E1,3.323862526397E0));
#8399=CARTESIAN_POINT('',(2.208063018982E2,-5.887396922542E1,3.284941167136E0));
#8400=CARTESIAN_POINT('',(2.210671806064E2,-5.867367838221E1,3.263063525165E0));
#8401=CARTESIAN_POINT('',(2.212772383110E2,-5.840418026271E1,3.253580931461E0));
#8402=CARTESIAN_POINT('',(2.214183938470E2,-5.807426103986E1,3.251356916347E0));
#8403=CARTESIAN_POINT('',(2.214722742609E2,-5.768048019880E1,3.251426083819E0));
#8404=CARTESIAN_POINT('',(2.214278707417E2,-5.740894820576E1,3.251335382187E0));
#8405=CARTESIAN_POINT('',(2.213788317760E2,-5.727172250322E1,3.251960234209E0));
#8406=CARTESIAN_POINT('',(2.195802174614E2,-5.884142446958E1,2.852880533359E0));
#8407=CARTESIAN_POINT('',(2.197234765838E2,-5.891203927917E1,2.809411371550E0));
#8408=CARTESIAN_POINT('',(2.199892112409E2,-5.896847330649E1,2.740318317314E0));
#8409=CARTESIAN_POINT('',(2.203685083286E2,-5.892039690766E1,2.670196042170E0));
#8410=CARTESIAN_POINT('',(2.206650336410E2,-5.880269343655E1,2.630676265971E0));
#8411=CARTESIAN_POINT('',(2.209244889491E2,-5.861459052212E1,2.607866449466E0));
#8412=CARTESIAN_POINT('',(2.211333162386E2,-5.836151197674E1,2.597345824671E0));
#8413=CARTESIAN_POINT('',(2.212736332028E2,-5.805170002147E1,2.594271993131E0));
#8414=CARTESIAN_POINT('',(2.213271915885E2,-5.768191799777E1,2.593982174198E0));
#8415=CARTESIAN_POINT('',(2.212830598001E2,-5.742693412391E1,2.594189059170E0));
#8416=CARTESIAN_POINT('',(2.212343137786E2,-5.729807219372E1,2.595062173300E0));
#8417=(BOUNDED_SURFACE()B_SPLINE_SURFACE(3,3,((#8373,#8374,#8375,#8376,#8377,
#8378,#8379,#8380,#8381,#8382,#8383),(#8384,#8385,#8386,#8387,#8388,#8389,#8390,
#8391,#8392,#8393,#8394),(#8395,#8396,#8397,#8398,#8399,#8400,#8401,#8402,#8403,
#8404,#8405),(#8406,#8407,#8408,#8409,#8410,#8411,#8412,#8413,#8414,#8415,
#8416)),.UNSPECIFIED.,.F.,.F.,.F.)B_SPLINE_SURFACE_WITH_KNOTS((4,4),(4,1,1,1,1,
1,1,1,4),(0.E0,1.E0),(-2.636810885959E-1,0.E0,1.633500883848E-1,
3.232599496274E-1,4.835654123274E-1,6.462374821963E-1,8.188663843596E-1,1.E0,
1.214383706185E0),.UNSPECIFIED.)GEOMETRIC_REPRESENTATION_ITEM()RATIONAL_B_SPLINE_SURFACE(((1.219000239967E0,1.219000239967E0,1.219000239967E0,1.219000239967E0,
1.219000239967E0,1.219000239967E0,1.219000239967E0,1.219000239967E0,
1.219000239967E0,1.219000239967E0,1.219000239967E0),(9.269999200108E-1,
9.269999200108E-1,9.269999200108E-1,9.269999200108E-1,9.269999200108E-1,
9.269999200108E-1,9.269999200108E-1,9.269999200108E-1,9.269999200108E-1,
9.269999200108E-1,9.269999200108E-1),(9.269999200108E-1,9.269999200108E-1,
9.269999200108E-1,9.269999200108E-1,9.269999200108E-1,9.269999200108E-1,
9.269999200108E-1,9.269999200108E-1,9.269999200108E-1,9.269999200108E-1,
9.269999200108E-1),(1.219000239967E0,1.219000239967E0,1.219000239967E0,
1.219000239967E0,1.219000239967E0,1.219000239967E0,1.219000239967E0,
1.219000239967E0,1.219000239967E0,1.219000239967E0,1.219000239967E0)))REPRESENTATION_ITEM('')SURFACE());
#8418=ORIENTED_EDGE('',*,*,#8261,.T.);
#8419=ORIENTED_EDGE('',*,*,#8368,.T.);
#8421=ORIENTED_EDGE('',*,*,#8420,.F.);
#8422=ORIENTED_EDGE('',*,*,#8244,.F.);
#8423=EDGE_LOOP('',(#8418,#8419,#8421,#8422));
#8424=FACE_OUTER_BOUND('',#8423,.F.);
#8425=ADVANCED_FACE('',(#8424),#8417,.T.);
#8426=CARTESIAN_POINT('',(2.200804467814E2,-5.770407109838E1,
-2.383545190982E1));
#8427=DIRECTION('',(0.E0,0.E0,1.E0));
#8428=DIRECTION('',(0.E0,-1.E0,0.E0));
#8429=AXIS2_PLACEMENT_3D('',#8426,#8427,#8428);
#8430=CYLINDRICAL_SURFACE('',#8429,1.25E0);
#8431=ORIENTED_EDGE('',*,*,#8420,.T.);
#8432=ORIENTED_EDGE('',*,*,#8355,.F.);
#8433=ORIENTED_EDGE('',*,*,#8183,.T.);
#8434=ORIENTED_EDGE('',*,*,#8218,.T.);
#8435=EDGE_LOOP('',(#8431,#8432,#8433,#8434));
#8436=FACE_OUTER_BOUND('',#8435,.F.);
#8437=ADVANCED_FACE('',(#8436),#8430,.T.);
#8438=CARTESIAN_POINT('',(2.198027836493E2,-5.895407109838E1,3.798856175288E0));
#8439=DIRECTION('',(8.799568606961E-1,0.E0,4.750536004641E-1));
#8440=DIRECTION('',(-4.750536004641E-1,0.E0,8.799568606961E-1));
#8441=AXIS2_PLACEMENT_3D('',#8438,#8439,#8440);
#8442=PLANE('',#8441);
#8444=ORIENTED_EDGE('',*,*,#8443,.F.);
#8446=ORIENTED_EDGE('',*,*,#8445,.T.);
#8448=ORIENTED_EDGE('',*,*,#8447,.F.);
#8449=ORIENTED_EDGE('',*,*,#8264,.T.);
#8450=EDGE_LOOP('',(#8444,#8446,#8448,#8449));
#8451=FACE_OUTER_BOUND('',#8450,.F.);
#8452=ADVANCED_FACE('',(#8451),#8442,.T.);
#8453=CARTESIAN_POINT('',(2.144397346241E2,-5.795407109838E1,1.162797646898E1));
#8454=DIRECTION('',(4.750536004641E-1,0.E0,-8.799568606961E-1));
#8455=DIRECTION('',(8.799568606961E-1,0.E0,4.750536004641E-1));
#8456=AXIS2_PLACEMENT_3D('',#8453,#8454,#8455);
#8457=CYLINDRICAL_SURFACE('',#8456,1.E0);
#8458=ORIENTED_EDGE('',*,*,#8443,.T.);
#8459=ORIENTED_EDGE('',*,*,#8247,.T.);
#8460=ORIENTED_EDGE('',*,*,#8232,.F.);
#8462=ORIENTED_EDGE('',*,*,#8461,.F.);
#8463=EDGE_LOOP('',(#8458,#8459,#8460,#8462));
#8464=FACE_OUTER_BOUND('',#8463,.F.);
#8465=ADVANCED_FACE('',(#8464),#8457,.T.);
#8466=CARTESIAN_POINT('',(2.048304467814E2,-5.795407109838E1,6.272283482110E0));
#8467=DIRECTION('',(0.E0,-1.E0,0.E0));
#8468=DIRECTION('',(-8.857430570386E-1,0.E0,4.641758685109E-1));
#8469=AXIS2_PLACEMENT_3D('',#8466,#8467,#8468);
#8470=TOROIDAL_SURFACE('',#8469,1.1E1,1.E0);
#8472=ORIENTED_EDGE('',*,*,#8471,.T.);
#8473=ORIENTED_EDGE('',*,*,#8461,.T.);
#8474=ORIENTED_EDGE('',*,*,#8230,.F.);
#8475=ORIENTED_EDGE('',*,*,#5125,.F.);
#8476=EDGE_LOOP('',(#8472,#8473,#8474,#8475));
#8477=FACE_OUTER_BOUND('',#8476,.F.);
#8478=ADVANCED_FACE('',(#8477),#8470,.T.);
#8479=CARTESIAN_POINT('',(2.048304467814E2,-5.895407109838E1,6.272283482110E0));
#8480=DIRECTION('',(0.E0,-1.E0,0.E0));
#8481=DIRECTION('',(1.E0,0.E0,0.E0));
#8482=AXIS2_PLACEMENT_3D('',#8479,#8480,#8481);
#8483=CYLINDRICAL_SURFACE('',#8482,1.2E1);
#8484=ORIENTED_EDGE('',*,*,#8471,.F.);
#8485=ORIENTED_EDGE('',*,*,#5142,.T.);
#8487=ORIENTED_EDGE('',*,*,#8486,.F.);
#8489=ORIENTED_EDGE('',*,*,#8488,.T.);
#8491=ORIENTED_EDGE('',*,*,#8490,.T.);
#8493=ORIENTED_EDGE('',*,*,#8492,.F.);
#8494=ORIENTED_EDGE('',*,*,#8445,.F.);
#8495=EDGE_LOOP('',(#8484,#8485,#8487,#8489,#8491,#8493,#8494));
#8496=FACE_OUTER_BOUND('',#8495,.F.);
#8497=ADVANCED_FACE('',(#8496),#8483,.T.);
#8498=CARTESIAN_POINT('',(2.048304467814E2,5.584592890162E1,6.272283482110E0));
#8499=DIRECTION('',(0.E0,-1.E0,0.E0));
#8500=DIRECTION('',(8.862582096769E-1,0.E0,4.631915217060E-1));
#8501=AXIS2_PLACEMENT_3D('',#8498,#8499,#8500);
#8502=TOROIDAL_SURFACE('',#8501,1.1E1,1.E0);
#8503=ORIENTED_EDGE('',*,*,#8486,.T.);
#8504=ORIENTED_EDGE('',*,*,#5157,.T.);
#8505=ORIENTED_EDGE('',*,*,#6016,.F.);
#8507=ORIENTED_EDGE('',*,*,#8506,.F.);
#8508=EDGE_LOOP('',(#8503,#8504,#8505,#8507));
#8509=FACE_OUTER_BOUND('',#8508,.F.);
#8510=ADVANCED_FACE('',(#8509),#8502,.T.);
#8511=CARTESIAN_POINT('',(2.124174296518E2,5.584592890162E1,2.081180517039E1));
#8512=DIRECTION('',(0.E0,-1.E0,0.E0));
#8513=DIRECTION('',(3.355096298568E-1,0.E0,-9.420367764973E-1));
#8514=AXIS2_PLACEMENT_3D('',#8511,#8512,#8513);
#8515=TOROIDAL_SURFACE('',#8514,5.4E0,1.E0);
#8517=ORIENTED_EDGE('',*,*,#8516,.T.);
#8518=ORIENTED_EDGE('',*,*,#8506,.T.);
#8519=ORIENTED_EDGE('',*,*,#6014,.F.);
#8521=ORIENTED_EDGE('',*,*,#8520,.F.);
#8522=EDGE_LOOP('',(#8517,#8518,#8519,#8521));
#8523=FACE_OUTER_BOUND('',#8522,.F.);
#8524=ADVANCED_FACE('',(#8523),#8515,.T.);
#8525=CARTESIAN_POINT('',(2.124174296518E2,2.078167970256E2,2.081180517039E1));
#8526=DIRECTION('',(0.E0,-1.E0,0.E0));
#8527=DIRECTION('',(-4.626209067323E-1,0.E0,-8.865562005052E-1));
#8528=AXIS2_PLACEMENT_3D('',#8525,#8526,#8527);
#8529=CYLINDRICAL_SURFACE('',#8528,4.4E0);
#8530=ORIENTED_EDGE('',*,*,#8516,.F.);
#8532=ORIENTED_EDGE('',*,*,#8531,.T.);
#8534=ORIENTED_EDGE('',*,*,#8533,.T.);
#8535=ORIENTED_EDGE('',*,*,#8488,.F.);
#8536=EDGE_LOOP('',(#8530,#8532,#8534,#8535));
#8537=FACE_OUTER_BOUND('',#8536,.F.);
#8538=ADVANCED_FACE('',(#8537),#8529,.F.);
#8539=CARTESIAN_POINT('',(2.157274455183E2,5.684592890162E1,1.042653700036E1));
#8540=DIRECTION('',(0.E0,1.E0,0.E0));
#8541=DIRECTION('',(-1.E0,0.E0,0.E0));
#8542=AXIS2_PLACEMENT_3D('',#8539,#8540,#8541);
#8543=CYLINDRICAL_SURFACE('',#8542,6.5E0);
#8545=ORIENTED_EDGE('',*,*,#8544,.T.);
#8546=ORIENTED_EDGE('',*,*,#7327,.F.);
#8548=ORIENTED_EDGE('',*,*,#8547,.F.);
#8549=ORIENTED_EDGE('',*,*,#8531,.F.);
#8551=ORIENTED_EDGE('',*,*,#8550,.F.);
#8553=ORIENTED_EDGE('',*,*,#8552,.T.);
#8554=EDGE_LOOP('',(#8545,#8546,#8548,#8549,#8551,#8553));
#8555=FACE_OUTER_BOUND('',#8554,.F.);
#8556=ADVANCED_FACE('',(#8555),#8543,.T.);
#8557=CARTESIAN_POINT('',(2.222320727062E2,5.215695433775E1,1.039556992058E1));
#8558=CARTESIAN_POINT('',(2.222321659E2,5.215132689618E1,1.041511272348E1));
#8559=CARTESIAN_POINT('',(2.222322219451E2,5.209041392345E1,1.062494472179E1));
#8560=CARTESIAN_POINT('',(2.222129054363E2,5.196470025670E1,1.102437735997E1));
#8561=CARTESIAN_POINT('',(2.221338170022E2,5.176542466997E1,1.160483349718E1));
#8562=CARTESIAN_POINT('',(2.220402317756E2,5.161972604525E1,1.201013108580E1));
#8563=CARTESIAN_POINT('',(2.219775930373E2,5.154091445050E1,1.222860936190E1));
#8564=CARTESIAN_POINT('',(2.219722372398E2,5.153428524720E1,1.224698451756E1));
#8565=CARTESIAN_POINT('',(2.222015345961E2,5.178332892152E1,1.030880308380E1));
#8566=CARTESIAN_POINT('',(2.222018825433E2,5.177780716371E1,1.032780214438E1));
#8567=CARTESIAN_POINT('',(2.222047235015E2,5.171801089804E1,1.053191843249E1));
#8568=CARTESIAN_POINT('',(2.221916471856E2,5.159405349712E1,1.092297662300E1));
#8569=CARTESIAN_POINT('',(2.221227256012E2,5.139616354893E1,1.149703677482E1));
#8570=CARTESIAN_POINT('',(2.220362076414E2,5.125053175658E1,1.190174732914E1));
#8571=CARTESIAN_POINT('',(2.219771230454E2,5.117149887575E1,1.212095773312E1));
#8572=CARTESIAN_POINT('',(2.219720642482E2,5.116484917256E1,1.213940182568E1));
#8573=CARTESIAN_POINT('',(2.223095801637E2,5.142387349735E1,1.022409801616E1));
#8574=CARTESIAN_POINT('',(2.223101768590E2,5.141845341516E1,1.024298385514E1));
#8575=CARTESIAN_POINT('',(2.223157167103E2,5.135973150470E1,1.044600311919E1));
#8576=CARTESIAN_POINT('',(2.223082764783E2,5.123746376206E1,1.083740044653E1));
#8577=CARTESIAN_POINT('',(2.222475299992E2,5.104090690115E1,1.141754640992E1));
#8578=CARTESIAN_POINT('',(2.221658778922E2,5.089533940651E1,1.183026375534E1));
#8579=CARTESIAN_POINT('',(2.221089106584E2,5.081609331344E1,1.205480636453E1));
#8580=CARTESIAN_POINT('',(2.221040262273E2,5.080942385854E1,1.207370605663E1));
#8581=CARTESIAN_POINT('',(2.225420444673E2,5.112571322992E1,1.015255968367E1));
#8582=CARTESIAN_POINT('',(2.225428512940E2,5.112037748541E1,1.017177766530E1));
#8583=CARTESIAN_POINT('',(2.225506501896E2,5.106254672865E1,1.037846241296E1));
#8584=CARTESIAN_POINT('',(2.225475030328E2,5.094168051993E1,1.077886800027E1));
#8585=CARTESIAN_POINT('',(2.224918681457E2,5.074622942522E1,1.137678371284E1));
#8586=CARTESIAN_POINT('',(2.224122425565E2,5.060071526410E1,1.180505197200E1));
#8587=CARTESIAN_POINT('',(2.223556783155E2,5.052129198507E1,1.203882780336E1));
#8588=CARTESIAN_POINT('',(2.223508227566E2,5.051460611613E1,1.205851002781E1));
#8589=(BOUNDED_SURFACE()B_SPLINE_SURFACE(3,3,((#8557,#8558,#8559,#8560,#8561,
#8562,#8563,#8564),(#8565,#8566,#8567,#8568,#8569,#8570,#8571,#8572),(#8573,
#8574,#8575,#8576,#8577,#8578,#8579,#8580),(#8581,#8582,#8583,#8584,#8585,#8586,
#8587,#8588)),.UNSPECIFIED.,.F.,.F.,.F.)B_SPLINE_SURFACE_WITH_KNOTS((4,4),(4,1,
1,1,1,4),(0.E0,1.E0),(-3.274086719562E-2,0.E0,3.190846508783E-1,
6.429566926168E-1,1.E0,1.032827000808E0),.UNSPECIFIED.)GEOMETRIC_REPRESENTATION_ITEM()RATIONAL_B_SPLINE_SURFACE(((1.033886015823E0,1.033886015823E0,
1.033886015823E0,1.033886015823E0,1.033886015823E0,1.033886015823E0,
1.033886015823E0,1.033886015823E0),(9.887046613922E-1,9.887046613922E-1,
9.887046613922E-1,9.887046613922E-1,9.887046613922E-1,9.887046613922E-1,
9.887046613922E-1,9.887046613922E-1),(9.887046613922E-1,9.887046613922E-1,
9.887046613922E-1,9.887046613922E-1,9.887046613922E-1,9.887046613922E-1,
9.887046613922E-1,9.887046613922E-1),(1.033886015823E0,1.033886015823E0,
1.033886015823E0,1.033886015823E0,1.033886015823E0,1.033886015823E0,
1.033886015823E0,1.033886015823E0)))REPRESENTATION_ITEM('')SURFACE());
#8590=ORIENTED_EDGE('',*,*,#8544,.F.);
#8592=ORIENTED_EDGE('',*,*,#8591,.T.);
#8593=ORIENTED_EDGE('',*,*,#7292,.T.);
#8594=EDGE_LOOP('',(#8590,#8592,#8593));
#8595=FACE_OUTER_BOUND('',#8594,.F.);
#8596=ADVANCED_FACE('',(#8595),#8589,.F.);
#8597=CARTESIAN_POINT('',(2.222305716811E2,5.230296748311E1,8.419730603441E0));
#8598=CARTESIAN_POINT('',(2.222310278906E2,5.231022109926E1,8.441490390778E0));
#8599=CARTESIAN_POINT('',(2.222350534797E2,5.236761338248E1,8.615161555422E0));
#8600=CARTESIAN_POINT('',(2.222480476362E2,5.246549000914E1,8.933780165651E0));
#8601=CARTESIAN_POINT('',(2.222785971806E2,5.258037263260E1,9.373853406366E0));
#8602=CARTESIAN_POINT('',(2.223184003501E2,5.266831504742E1,9.793597590765E0));
#8603=CARTESIAN_POINT('',(2.223652793762E2,5.272824759283E1,1.019502200657E1));
#8604=CARTESIAN_POINT('',(2.224051466080E2,5.275083445032E1,1.049123008963E1));
#8605=CARTESIAN_POINT('',(2.224282032484E2,5.275345500895E1,1.065333965900E1));
#8606=CARTESIAN_POINT('',(2.224321313790E2,5.275361521758E1,1.068079640458E1));
#8607=CARTESIAN_POINT('',(2.221903957643E2,5.167160733305E1,8.422598741337E0));
#8608=CARTESIAN_POINT('',(2.221879310865E2,5.167904271350E1,8.443406363409E0));
#8609=CARTESIAN_POINT('',(2.221686921254E2,5.173806060708E1,8.609441380185E0));
#8610=CARTESIAN_POINT('',(2.221396989700E2,5.184145741016E1,8.913474835714E0));
#8611=CARTESIAN_POINT('',(2.221142541607E2,5.196994060232E1,9.331136153342E0));
#8612=CARTESIAN_POINT('',(2.221027633773E2,5.207636529856E1,9.726560384298E0));
#8613=CARTESIAN_POINT('',(2.221029542930E2,5.215929222385E1,1.010092214111E1));
#8614=CARTESIAN_POINT('',(2.221104871130E2,5.220301531813E1,1.037345247634E1));
#8615=CARTESIAN_POINT('',(2.221167939754E2,5.221890276176E1,1.052091731082E1));
#8616=CARTESIAN_POINT('',(2.221179146170E2,5.222135873658E1,1.054584450510E1));
#8617=CARTESIAN_POINT('',(2.225014767053E2,5.112073478619E1,8.425101396146E0));
#8618=CARTESIAN_POINT('',(2.224964633186E2,5.112672755475E1,8.445085390283E0));
#8619=CARTESIAN_POINT('',(2.224568368219E2,5.117440389653E1,8.604457505470E0));
#8620=CARTESIAN_POINT('',(2.223897719767E2,5.125950669510E1,8.894924894976E0));
#8621=CARTESIAN_POINT('',(2.223106083457E2,5.136897044905E1,9.289497793389E0));
#8622=CARTESIAN_POINT('',(2.222472743240E2,5.146335839093E1,9.657611167151E0));
#8623=CARTESIAN_POINT('',(2.221979037079E2,5.154116109189E1,9.999246699917E0));
#8624=CARTESIAN_POINT('',(2.221694627823E2,5.158663931926E1,1.024125541068E1));
#8625=CARTESIAN_POINT('',(2.221565987063E2,5.160601645405E1,1.036910191663E1));
#8626=CARTESIAN_POINT('',(2.221544918821E2,5.160913745804E1,1.039062117827E1));
#8627=CARTESIAN_POINT('',(2.230628823308E2,5.082908391440E1,8.426426565732E0));
#8628=CARTESIAN_POINT('',(2.230565193584E2,5.083247775941E1,8.445982700540E0));
#8629=CARTESIAN_POINT('',(2.230059972054E2,5.085952522521E1,8.601826980859E0));
#8630=CARTESIAN_POINT('',(2.229171288923E2,5.090845544348E1,8.884148988694E0));
#8631=CARTESIAN_POINT('',(2.228039513820E2,5.097245072898E1,9.262448154981E0));
#8632=CARTESIAN_POINT('',(2.227050457023E2,5.102818828159E1,9.609120947649E0));
#8633=CARTESIAN_POINT('',(2.226193206844E2,5.107441074090E1,9.922984921082E0));
#8634=CARTESIAN_POINT('',(2.225629385881E2,5.110169353365E1,1.013753106428E1));
#8635=CARTESIAN_POINT('',(2.225347025451E2,5.111365091349E1,1.024715093848E1));
#8636=CARTESIAN_POINT('',(2.225299954500E2,5.111559043671E1,1.026548961139E1));
#8637=(BOUNDED_SURFACE()B_SPLINE_SURFACE(3,3,((#8597,#8598,#8599,#8600,#8601,
#8602,#8603,#8604,#8605,#8606),(#8607,#8608,#8609,#8610,#8611,#8612,#8613,#8614,
#8615,#8616),(#8617,#8618,#8619,#8620,#8621,#8622,#8623,#8624,#8625,#8626),(
#8627,#8628,#8629,#8630,#8631,#8632,#8633,#8634,#8635,#8636)),.UNSPECIFIED.,.F.,
.F.,.F.)B_SPLINE_SURFACE_WITH_KNOTS((4,4),(4,1,1,1,1,1,1,4),(0.E0,1.E0),(
-3.353548990363E-2,0.E0,2.336858133792E-1,4.503247679732E-1,6.502263205676E-1,
8.335063378820E-1,1.E0,1.033608679435E0),.UNSPECIFIED.)GEOMETRIC_REPRESENTATION_ITEM()RATIONAL_B_SPLINE_SURFACE(((1.088274370668E0,1.088274370668E0,
1.088274370668E0,1.088274370668E0,1.088274370668E0,1.088274370668E0,
1.088274370668E0,1.088274370668E0,1.088274370668E0,1.088274370668E0),(
9.705752097773E-1,9.705752097773E-1,9.705752097773E-1,9.705752097773E-1,
9.705752097773E-1,9.705752097773E-1,9.705752097773E-1,9.705752097773E-1,
9.705752097773E-1,9.705752097773E-1),(9.705752097773E-1,9.705752097773E-1,
9.705752097773E-1,9.705752097773E-1,9.705752097773E-1,9.705752097773E-1,
9.705752097773E-1,9.705752097773E-1,9.705752097773E-1,9.705752097773E-1),(
1.088274370668E0,1.088274370668E0,1.088274370668E0,1.088274370668E0,
1.088274370668E0,1.088274370668E0,1.088274370668E0,1.088274370668E0,
1.088274370668E0,1.088274370668E0)))REPRESENTATION_ITEM('')SURFACE());
#8639=ORIENTED_EDGE('',*,*,#8638,.F.);
#8641=ORIENTED_EDGE('',*,*,#8640,.T.);
#8642=ORIENTED_EDGE('',*,*,#7294,.T.);
#8643=ORIENTED_EDGE('',*,*,#8591,.F.);
#8644=EDGE_LOOP('',(#8639,#8641,#8642,#8643));
#8645=FACE_OUTER_BOUND('',#8644,.F.);
#8646=ADVANCED_FACE('',(#8645),#8637,.F.);
#8647=CARTESIAN_POINT('',(2.222274455183E2,5.684592890162E1,3.148858866981E0));
#8648=DIRECTION('',(-1.E0,0.E0,0.E0));
#8649=DIRECTION('',(0.E0,0.E0,1.E0));
#8650=AXIS2_PLACEMENT_3D('',#8647,#8648,#8649);
#8651=PLANE('',#8650);
#8653=ORIENTED_EDGE('',*,*,#8652,.T.);
#8654=ORIENTED_EDGE('',*,*,#8638,.T.);
#8655=ORIENTED_EDGE('',*,*,#8552,.F.);
#8657=ORIENTED_EDGE('',*,*,#8656,.F.);
#8659=ORIENTED_EDGE('',*,*,#8658,.T.);
#8660=ORIENTED_EDGE('',*,*,#7011,.T.);
#8661=ORIENTED_EDGE('',*,*,#7061,.T.);
#8662=EDGE_LOOP('',(#8653,#8654,#8655,#8657,#8659,#8660,#8661));
#8663=FACE_OUTER_BOUND('',#8662,.F.);
#8664=ADVANCED_FACE('',(#8663),#8651,.F.);
#8665=CARTESIAN_POINT('',(2.237774455183E2,5.220468292983E1,4.746352608510E0));
#8666=DIRECTION('',(0.E0,0.E0,1.E0));
#8667=DIRECTION('',(-1.E0,0.E0,0.E0));
#8668=AXIS2_PLACEMENT_3D('',#8665,#8666,#8667);
#8669=CYLINDRICAL_SURFACE('',#8668,1.55E0);
#8670=ORIENTED_EDGE('',*,*,#8652,.F.);
#8671=ORIENTED_EDGE('',*,*,#7216,.T.);
#8672=ORIENTED_EDGE('',*,*,#7228,.T.);
#8673=ORIENTED_EDGE('',*,*,#8640,.F.);
#8674=EDGE_LOOP('',(#8670,#8671,#8672,#8673));
#8675=FACE_OUTER_BOUND('',#8674,.F.);
#8676=ADVANCED_FACE('',(#8675),#8669,.F.);
#8677=CARTESIAN_POINT('',(2.212274455183E2,5.584592890162E1,4.746352608510E0));
#8678=DIRECTION('',(0.E0,0.E0,1.E0));
#8679=DIRECTION('',(1.E0,0.E0,0.E0));
#8680=AXIS2_PLACEMENT_3D('',#8677,#8678,#8679);
#8681=CYLINDRICAL_SURFACE('',#8680,1.E0);
#8683=ORIENTED_EDGE('',*,*,#8682,.T.);
#8684=ORIENTED_EDGE('',*,*,#6010,.F.);
#8686=ORIENTED_EDGE('',*,*,#8685,.F.);
#8687=ORIENTED_EDGE('',*,*,#8656,.T.);
#8688=EDGE_LOOP('',(#8683,#8684,#8686,#8687));
#8689=FACE_OUTER_BOUND('',#8688,.F.);
#8690=ADVANCED_FACE('',(#8689),#8681,.T.);
#8691=CARTESIAN_POINT('',(2.157274455183E2,5.584592890162E1,1.042653700036E1));
#8692=DIRECTION('',(0.E0,1.E0,0.E0));
#8693=DIRECTION('',(9.997413103979E-1,0.E0,-2.274450008027E-2));
#8694=AXIS2_PLACEMENT_3D('',#8691,#8692,#8693);
#8695=TOROIDAL_SURFACE('',#8694,5.5E0,1.E0);
#8696=ORIENTED_EDGE('',*,*,#8550,.T.);
#8697=ORIENTED_EDGE('',*,*,#8520,.T.);
#8698=ORIENTED_EDGE('',*,*,#6012,.F.);
#8699=ORIENTED_EDGE('',*,*,#8682,.F.);
#8700=EDGE_LOOP('',(#8696,#8697,#8698,#8699));
#8701=FACE_OUTER_BOUND('',#8700,.F.);
#8702=ADVANCED_FACE('',(#8701),#8695,.T.);
#8703=CARTESIAN_POINT('',(2.216687271866E2,5.572627052990E1,4.820793936526E0));
#8704=CARTESIAN_POINT('',(2.217038455191E2,5.572627052991E1,4.840736232162E0));
#8705=CARTESIAN_POINT('',(2.218073135573E2,5.572627052993E1,4.907620659883E0));
#8706=CARTESIAN_POINT('',(2.219593769739E2,5.572627052991E1,5.047430509486E0));
#8707=CARTESIAN_POINT('',(2.221024110026E2,5.572627052996E1,5.255653281941E0));
#8708=CARTESIAN_POINT('',(2.221976369438E2,5.572627052976E1,5.500236663741E0));
#8709=CARTESIAN_POINT('',(2.222253105703E2,5.572627053038E1,5.719239578878E0));
#8710=CARTESIAN_POINT('',(2.222180842039E2,5.572627053027E1,5.850683753371E0));
#8711=CARTESIAN_POINT('',(2.222137013498E2,5.572627053016E1,5.890023853620E0));
#8712=CARTESIAN_POINT('',(2.217104907466E2,5.642522296591E1,4.747644343595E0));
#8713=CARTESIAN_POINT('',(2.217483172886E2,5.642522296591E1,4.769124377094E0));
#8714=CARTESIAN_POINT('',(2.218597626786E2,5.642522296592E1,4.841165439602E0));
#8715=CARTESIAN_POINT('',(2.220235424667E2,5.642522296591E1,4.991748753678E0));
#8716=CARTESIAN_POINT('',(2.221775875764E2,5.642522296593E1,5.216002448241E0));
#8717=CARTESIAN_POINT('',(2.222801376582E2,5.642522296586E1,5.479400690166E0));
#8718=CARTESIAN_POINT('',(2.223099393103E2,5.642522296609E1,5.715240654106E0));
#8719=CARTESIAN_POINT('',(2.223021571123E2,5.642522296605E1,5.856789423497E0));
#8720=CARTESIAN_POINT('',(2.222974371892E2,5.642522296601E1,5.899153787091E0));
#8721=CARTESIAN_POINT('',(2.214636867199E2,5.692301898848E1,5.179925837816E0));
#8722=CARTESIAN_POINT('',(2.214855089502E2,5.692301898848E1,5.192318525858E0));
#8723=CARTESIAN_POINT('',(2.215498117463E2,5.692301898848E1,5.233886174890E0));
#8724=CARTESIAN_POINT('',(2.216443530006E2,5.692301898848E1,5.320803115253E0));
#8725=CARTESIAN_POINT('',(2.217333275287E2,5.692301898848E1,5.450321204537E0));
#8726=CARTESIAN_POINT('',(2.217925952040E2,5.692301898849E1,5.602532008190E0));
#8727=CARTESIAN_POINT('',(2.218098211730E2,5.692301898845E1,5.738872517340E0));
#8728=CARTESIAN_POINT('',(2.218053236917E2,5.692301898845E1,5.820707634118E0));
#8729=CARTESIAN_POINT('',(2.218025956963E2,5.692301898846E1,5.845199949145E0));
#8730=CARTESIAN_POINT('',(2.211171735730E2,5.683873696282E1,5.786849569937E0));
#8731=CARTESIAN_POINT('',(2.211165257306E2,5.683873696282E1,5.786483614149E0));
#8732=CARTESIAN_POINT('',(2.211146402686E2,5.683873696282E1,5.785266554409E0));
#8733=CARTESIAN_POINT('',(2.211119705391E2,5.683873696282E1,5.782795830342E0));
#8734=CARTESIAN_POINT('',(2.211095858932E2,5.683873696282E1,5.779305017120E0));
#8735=CARTESIAN_POINT('',(2.211080850183E2,5.683873696282E1,5.775408525172E0));
#8736=CARTESIAN_POINT('',(2.211076547134E2,5.683873696282E1,5.772051681433E0));
#8737=CARTESIAN_POINT('',(2.211077689781E2,5.683873696282E1,5.770048758908E0));
#8738=CARTESIAN_POINT('',(2.211078376516E2,5.683873696282E1,5.769448696485E0));
#8739=(BOUNDED_SURFACE()B_SPLINE_SURFACE(3,3,((#8703,#8704,#8705,#8706,#8707,
#8708,#8709,#8710,#8711),(#8712,#8713,#8714,#8715,#8716,#8717,#8718,#8719,
#8720),(#8721,#8722,#8723,#8724,#8725,#8726,#8727,#8728,#8729),(#8730,#8731,
#8732,#8733,#8734,#8735,#8736,#8737,#8738)),.UNSPECIFIED.,.F.,.F.,.F.)B_SPLINE_SURFACE_WITH_KNOTS((4,4),(4,1,1,1,1,1,4),(0.E0,1.E0),(-1.167383096838E-1,0.E0,
2.386299788697E-1,4.760330774575E-1,7.299502028527E-1,1.E0,1.116736390169E0),
.UNSPECIFIED.)GEOMETRIC_REPRESENTATION_ITEM()RATIONAL_B_SPLINE_SURFACE(((
1.236558725871E0,1.236558725871E0,1.236558725871E0,1.236558725871E0,
1.236558725871E0,1.236558725871E0,1.236558725871E0,1.236558725871E0,
1.236558725871E0),(9.211470913763E-1,9.211470913763E-1,9.211470913763E-1,
9.211470913763E-1,9.211470913763E-1,9.211470913763E-1,9.211470913763E-1,
9.211470913763E-1,9.211470913763E-1),(9.211470913763E-1,9.211470913763E-1,
9.211470913763E-1,9.211470913763E-1,9.211470913763E-1,9.211470913763E-1,
9.211470913763E-1,9.211470913763E-1,9.211470913763E-1),(1.236558725871E0,
1.236558725871E0,1.236558725871E0,1.236558725871E0,1.236558725871E0,
1.236558725871E0,1.236558725871E0,1.236558725871E0,1.236558725871E0)))REPRESENTATION_ITEM('')SURFACE());
#8741=ORIENTED_EDGE('',*,*,#8740,.T.);
#8743=ORIENTED_EDGE('',*,*,#8742,.T.);
#8744=ORIENTED_EDGE('',*,*,#8685,.T.);
#8745=ORIENTED_EDGE('',*,*,#6008,.F.);
#8746=ORIENTED_EDGE('',*,*,#6773,.F.);
#8747=EDGE_LOOP('',(#8741,#8743,#8744,#8745,#8746));
#8748=FACE_OUTER_BOUND('',#8747,.F.);
#8749=ADVANCED_FACE('',(#8748),#8739,.T.);
#8750=CARTESIAN_POINT('',(2.217757572137E2,5.635265058624E1,5.041983679740E0));
#8751=CARTESIAN_POINT('',(2.217866114124E2,5.633533469468E1,5.038212769809E0));
#8752=CARTESIAN_POINT('',(2.218171936617E2,5.628340945323E1,5.028081897693E0));
#8753=CARTESIAN_POINT('',(2.218598655644E2,5.619551809226E1,5.016293846239E0));
#8754=CARTESIAN_POINT('',(2.218977554508E2,5.609154945038E1,5.009412024687E0));
#8755=CARTESIAN_POINT('',(2.219208879623E2,5.600332119727E1,5.008517039027E0));
#8756=CARTESIAN_POINT('',(2.219308147088E2,5.595010946360E1,5.010185841137E0));
#8757=CARTESIAN_POINT('',(2.219340643625E2,5.592947645374E1,5.011159208858E0));
#8758=CARTESIAN_POINT('',(2.213732917083E2,5.618422514823E1,4.708984399961E0));
#8759=CARTESIAN_POINT('',(2.213821237279E2,5.617007470104E1,4.706030362846E0));
#8760=CARTESIAN_POINT('',(2.214068394755E2,5.612795754119E1,4.698217737112E0));
#8761=CARTESIAN_POINT('',(2.214407037779E2,5.605795401183E1,4.689437334899E0));
#8762=CARTESIAN_POINT('',(2.214703745536E2,5.597633851988E1,4.684602527668E0));
#8763=CARTESIAN_POINT('',(2.214883894823E2,5.590748318710E1,4.684285785070E0));
#8764=CARTESIAN_POINT('',(2.214961281117E2,5.586593697116E1,4.685783288171E0));
#8765=CARTESIAN_POINT('',(2.214986700312E2,5.584980596644E1,4.686625491057E0));
#8766=CARTESIAN_POINT('',(2.211418392281E2,5.615711777316E1,4.212062717269E0));
#8767=CARTESIAN_POINT('',(2.211514974911E2,5.614138036332E1,4.208794733315E0));
#8768=CARTESIAN_POINT('',(2.211783789360E2,5.609481072176E1,4.200241855617E0));
#8769=CARTESIAN_POINT('',(2.212146624236E2,5.601851833253E1,4.190818177222E0));
#8770=CARTESIAN_POINT('',(2.212460768862E2,5.593062155364E1,4.185739240712E0));
#8771=CARTESIAN_POINT('',(2.212650326200E2,5.585682831787E1,4.185477345856E0));
#8772=CARTESIAN_POINT('',(2.212731600208E2,5.581228586768E1,4.187123024792E0));
#8773=CARTESIAN_POINT('',(2.212758322243E2,5.579497231985E1,4.188051491248E0));
#8774=CARTESIAN_POINT('',(2.211398585564E2,5.627817506800E1,3.676727923921E0));
#8775=CARTESIAN_POINT('',(2.211529827980E2,5.625649911337E1,3.672094468153E0));
#8776=CARTESIAN_POINT('',(2.211895151415E2,5.619234100605E1,3.659929808239E0));
#8777=CARTESIAN_POINT('',(2.212388335774E2,5.608717146537E1,3.646374402812E0));
#8778=CARTESIAN_POINT('',(2.212815141152E2,5.596594544983E1,3.638821854033E0));
#8779=CARTESIAN_POINT('',(2.213072314196E2,5.586415067163E1,3.638077558509E0));
#8780=CARTESIAN_POINT('',(2.213182262868E2,5.580270700487E1,3.640153462821E0));
#8781=CARTESIAN_POINT('',(2.213218338862E2,5.577882504480E1,3.641363833351E0));
#8782=(BOUNDED_SURFACE()B_SPLINE_SURFACE(3,3,((#8750,#8751,#8752,#8753,#8754,
#8755,#8756,#8757),(#8758,#8759,#8760,#8761,#8762,#8763,#8764,#8765),(#8766,
#8767,#8768,#8769,#8770,#8771,#8772,#8773),(#8774,#8775,#8776,#8777,#8778,#8779,
#8780,#8781)),.UNSPECIFIED.,.F.,.F.,.F.)B_SPLINE_SURFACE_WITH_KNOTS((4,4),(4,1,
1,1,1,4),(0.E0,1.E0),(-1.907146462309E-1,0.E0,3.677281091477E-1,
7.001835259135E-1,1.E0,1.189193423276E0),.UNSPECIFIED.)GEOMETRIC_REPRESENTATION_ITEM()RATIONAL_B_SPLINE_SURFACE(((1.067399212161E0,1.067399212161E0,
1.067399212161E0,1.067399212161E0,1.067399212161E0,1.067399212161E0,
1.067399212161E0,1.067399212161E0),(9.775335959465E-1,9.775335959465E-1,
9.775335959465E-1,9.775335959465E-1,9.775335959465E-1,9.775335959465E-1,
9.775335959465E-1,9.775335959465E-1),(9.775335959465E-1,9.775335959465E-1,
9.775335959465E-1,9.775335959465E-1,9.775335959465E-1,9.775335959465E-1,
9.775335959465E-1,9.775335959465E-1),(1.067399212161E0,1.067399212161E0,
1.067399212161E0,1.067399212161E0,1.067399212161E0,1.067399212161E0,
1.067399212161E0,1.067399212161E0)))REPRESENTATION_ITEM('')SURFACE());
#8783=ORIENTED_EDGE('',*,*,#8740,.F.);
#8784=ORIENTED_EDGE('',*,*,#6922,.T.);
#8785=ORIENTED_EDGE('',*,*,#6941,.T.);
#8787=ORIENTED_EDGE('',*,*,#8786,.F.);
#8788=EDGE_LOOP('',(#8783,#8784,#8785,#8787));
#8789=FACE_OUTER_BOUND('',#8788,.F.);
#8790=ADVANCED_FACE('',(#8789),#8782,.F.);
#8791=CARTESIAN_POINT('',(2.219006173944E2,5.608263992423E1,5.007769711650E0));
#8792=CARTESIAN_POINT('',(2.219087600399E2,5.605222291728E1,5.008337293185E0));
#8793=CARTESIAN_POINT('',(2.219268744843E2,5.597686776380E1,5.009561620529E0));
#8794=CARTESIAN_POINT('',(2.219479465258E2,5.585745085156E1,5.010996094663E0));
#8795=CARTESIAN_POINT('',(2.219616312999E2,5.572471420723E1,5.011915864690E0));
#8796=CARTESIAN_POINT('',(2.219655659555E2,5.560693699040E1,5.012113672975E0));
#8797=CARTESIAN_POINT('',(2.219637601917E2,5.553414543805E1,5.012023818289E0));
#8798=CARTESIAN_POINT('',(2.219622546418E2,5.550354632095E1,5.011960249716E0));
#8799=CARTESIAN_POINT('',(2.214729439763E2,5.596788924556E1,4.683467895839E0));
#8800=CARTESIAN_POINT('',(2.214791587503E2,5.594465156907E1,4.684024706370E0));
#8801=CARTESIAN_POINT('',(2.214929886298E2,5.588706771219E1,4.685240337359E0));
#8802=CARTESIAN_POINT('',(2.215090801707E2,5.579578855955E1,4.686668811843E0));
#8803=CARTESIAN_POINT('',(2.215195271578E2,5.569436237593E1,4.687582514906E0));
#8804=CARTESIAN_POINT('',(2.215225328211E2,5.560434930792E1,4.687779304469E0));
#8805=CARTESIAN_POINT('',(2.215211534102E2,5.554869499750E1,4.687690431623E0));
#8806=CARTESIAN_POINT('',(2.215200026133E2,5.552529411635E1,4.687628062831E0));
#8807=CARTESIAN_POINT('',(2.212526926104E2,5.590453934785E1,4.184752382515E0));
#8808=CARTESIAN_POINT('',(2.212577553561E2,5.588535162235E1,4.185292629259E0));
#8809=CARTESIAN_POINT('',(2.212690707904E2,5.583763277609E1,4.186494886882E0));
#8810=CARTESIAN_POINT('',(2.212822785212E2,5.576170474554E1,4.187914135026E0));
#8811=CARTESIAN_POINT('',(2.212908150031E2,5.567773145449E1,4.188818508232E0));
#8812=CARTESIAN_POINT('',(2.212932934180E2,5.560300377865E1,4.189013731191E0));
#8813=CARTESIAN_POINT('',(2.212921560139E2,5.555654344179E1,4.188926368233E0));
#8814=CARTESIAN_POINT('',(2.212911988229E2,5.553694271069E1,4.188865844478E0));
#8815=CARTESIAN_POINT('',(2.212954929024E2,5.590859072132E1,3.637585375105E0));
#8816=CARTESIAN_POINT('',(2.213004704343E2,5.588930065803E1,3.638107448847E0));
#8817=CARTESIAN_POINT('',(2.213116766251E2,5.584104889852E1,3.639295033847E0));
#8818=CARTESIAN_POINT('',(2.213248256095E2,5.576380806957E1,3.640704159289E0));
#8819=CARTESIAN_POINT('',(2.213332614104E2,5.567902196899E1,3.641598296219E0));
#8820=CARTESIAN_POINT('',(2.213357474898E2,5.560324024729E1,3.641791800374E0));
#8821=CARTESIAN_POINT('',(2.213346066218E2,5.555570846375E1,3.641706093993E0));
#8822=CARTESIAN_POINT('',(2.213336329901E2,5.553554998050E1,3.641647594525E0));
#8823=(BOUNDED_SURFACE()B_SPLINE_SURFACE(3,3,((#8791,#8792,#8793,#8794,#8795,
#8796,#8797,#8798),(#8799,#8800,#8801,#8802,#8803,#8804,#8805,#8806),(#8807,
#8808,#8809,#8810,#8811,#8812,#8813,#8814),(#8815,#8816,#8817,#8818,#8819,#8820,
#8821,#8822)),.UNSPECIFIED.,.F.,.F.,.F.)B_SPLINE_SURFACE_WITH_KNOTS((4,4),(4,1,
1,1,1,4),(0.E0,1.E0),(-2.360562909098E-1,0.E0,3.477113676775E-1,
6.809201249855E-1,1.E0,1.234401791665E0),.UNSPECIFIED.)GEOMETRIC_REPRESENTATION_ITEM()RATIONAL_B_SPLINE_SURFACE(((1.067399119024E0,1.067399119024E0,
1.067399119024E0,1.067399119024E0,1.067399119024E0,1.067399119024E0,
1.067399119024E0,1.067399119024E0),(9.775336269918E-1,9.775336269918E-1,
9.775336269918E-1,9.775336269918E-1,9.775336269918E-1,9.775336269918E-1,
9.775336269918E-1,9.775336269918E-1),(9.775336269918E-1,9.775336269918E-1,
9.775336269918E-1,9.775336269918E-1,9.775336269918E-1,9.775336269918E-1,
9.775336269918E-1,9.775336269918E-1),(1.067399119024E0,1.067399119024E0,
1.067399119024E0,1.067399119024E0,1.067399119024E0,1.067399119024E0,
1.067399119024E0,1.067399119024E0)))REPRESENTATION_ITEM('')SURFACE());
#8825=ORIENTED_EDGE('',*,*,#8824,.F.);
#8826=ORIENTED_EDGE('',*,*,#8786,.T.);
#8827=ORIENTED_EDGE('',*,*,#6939,.T.);
#8828=ORIENTED_EDGE('',*,*,#6995,.F.);
#8829=EDGE_LOOP('',(#8825,#8826,#8827,#8828));
#8830=FACE_OUTER_BOUND('',#8829,.F.);
#8831=ADVANCED_FACE('',(#8830),#8823,.F.);
#8832=CARTESIAN_POINT('',(2.217109520436E2,5.609728529274E1,4.870050451551E0));
#8833=CARTESIAN_POINT('',(2.217222746996E2,5.604021244114E1,4.865398326314E0));
#8834=CARTESIAN_POINT('',(2.217494664340E2,5.587663736917E1,4.854321135033E0));
#8835=CARTESIAN_POINT('',(2.217622676772E2,5.568637651930E1,4.849181074001E0));
#8836=CARTESIAN_POINT('',(2.217607323852E2,5.555715060715E1,4.849798066834E0));
#8837=CARTESIAN_POINT('',(2.217602681842E2,5.553778355596E1,4.849984596512E0));
#8838=CARTESIAN_POINT('',(2.220721983681E2,5.605118788691E1,5.091354197894E0));
#8839=CARTESIAN_POINT('',(2.220807786097E2,5.599759466570E1,5.091909563499E0));
#8840=CARTESIAN_POINT('',(2.221010448024E2,5.584629297425E1,5.093782793087E0));
#8841=CARTESIAN_POINT('',(2.221102959149E2,5.567653981409E1,5.095286544377E0));
#8842=CARTESIAN_POINT('',(2.221091622513E2,5.556136406871E1,5.095103917773E0));
#8843=CARTESIAN_POINT('',(2.221088103146E2,5.554409014894E1,5.095047490451E0));
#8844=CARTESIAN_POINT('',(2.222615506825E2,5.597333118298E1,5.465095585082E0));
#8845=CARTESIAN_POINT('',(2.222654974162E2,5.592665451440E1,5.469442002915E0));
#8846=CARTESIAN_POINT('',(2.222743468336E2,5.579778284129E1,5.480834812470E0));
#8847=CARTESIAN_POINT('',(2.222779763607E2,5.566085535053E1,5.487323329716E0));
#8848=CARTESIAN_POINT('',(2.222774963382E2,5.556808504305E1,5.486540448362E0));
#8849=CARTESIAN_POINT('',(2.222773342208E2,5.555415565539E1,5.486301465399E0));
#8850=CARTESIAN_POINT('',(2.222229181358E2,5.588677826726E1,5.880563146559E0));
#8851=CARTESIAN_POINT('',(2.222217128279E2,5.584840621914E1,5.886161174331E0));
#8852=CARTESIAN_POINT('',(2.222180361685E2,5.574547687457E1,5.900822787305E0));
#8853=CARTESIAN_POINT('',(2.222156379086E2,5.564396925565E1,5.909160412859E0));
#8854=CARTESIAN_POINT('',(2.222158699152E2,5.557532261093E1,5.908154451782E0));
#8855=CARTESIAN_POINT('',(2.222159189430E2,5.556499842271E1,5.907847392044E0));
#8856=(BOUNDED_SURFACE()B_SPLINE_SURFACE(3,3,((#8832,#8833,#8834,#8835,#8836,
#8837),(#8838,#8839,#8840,#8841,#8842,#8843),(#8844,#8845,#8846,#8847,#8848,
#8849),(#8850,#8851,#8852,#8853,#8854,#8855)),.UNSPECIFIED.,.F.,.F.,.F.)B_SPLINE_SURFACE_WITH_KNOTS((4,4),(4,1,1,4),(0.E0,1.E0),(9.460731766499E-1,
9.652949779403E-1,1.E0,1.006125803172E0),.UNSPECIFIED.)GEOMETRIC_REPRESENTATION_ITEM()RATIONAL_B_SPLINE_SURFACE(((1.079979151213E0,1.079979151213E0,
1.079979151213E0,1.079979151213E0,1.079979151213E0,1.079979151213E0),(
9.733402829292E-1,9.733402829292E-1,9.733402829292E-1,9.733402829292E-1,
9.733402829292E-1,9.733402829292E-1),(9.733402829292E-1,9.733402829292E-1,
9.733402829292E-1,9.733402829292E-1,9.733402829292E-1,9.733402829292E-1),(
1.079979151213E0,1.079979151213E0,1.079979151213E0,1.079979151213E0,
1.079979151213E0,1.079979151213E0)))REPRESENTATION_ITEM('')SURFACE());
#8857=ORIENTED_EDGE('',*,*,#8824,.T.);
#8858=ORIENTED_EDGE('',*,*,#7013,.T.);
#8859=ORIENTED_EDGE('',*,*,#8658,.F.);
#8860=ORIENTED_EDGE('',*,*,#8742,.F.);
#8861=EDGE_LOOP('',(#8857,#8858,#8859,#8860));
#8862=FACE_OUTER_BOUND('',#8861,.F.);
#8863=ADVANCED_FACE('',(#8862),#8856,.T.);
#8864=CARTESIAN_POINT('',(2.157274455183E2,3.324592890162E1,1.042653700036E1));
#8865=DIRECTION('',(0.E0,1.E0,0.E0));
#8866=DIRECTION('',(-3.272019191837E-1,0.E0,9.449544455065E-1));
#8867=AXIS2_PLACEMENT_3D('',#8864,#8865,#8866);
#8868=TOROIDAL_SURFACE('',#8867,5.1E0,1.4E0);
#8870=ORIENTED_EDGE('',*,*,#8869,.T.);
#8871=ORIENTED_EDGE('',*,*,#8547,.T.);
#8873=ORIENTED_EDGE('',*,*,#8872,.T.);
#8875=ORIENTED_EDGE('',*,*,#8874,.F.);
#8876=EDGE_LOOP('',(#8870,#8871,#8873,#8875));
#8877=FACE_OUTER_BOUND('',#8876,.F.);
#8878=ADVANCED_FACE('',(#8877),#8868,.T.);
#8879=CARTESIAN_POINT('',(2.148193837739E2,3.184360924599E1,1.539319678734E1));
#8880=CARTESIAN_POINT('',(2.146648976817E2,3.185932783623E1,1.525321733531E1));
#8881=CARTESIAN_POINT('',(2.143713457086E2,3.179937285795E1,1.498097889754E1));
#8882=CARTESIAN_POINT('',(2.140081430406E2,3.147958291990E1,1.462934417142E1));
#8883=CARTESIAN_POINT('',(2.137679633003E2,3.098234512993E1,1.437960604027E1));
#8884=CARTESIAN_POINT('',(2.137255451414E2,3.057515539189E1,1.431561830567E1));
#8885=CARTESIAN_POINT('',(2.137395502221E2,3.036488262796E1,1.431471518323E1));
#8886=CARTESIAN_POINT('',(2.146861151286E2,3.184520014764E1,1.542988287163E1));
#8887=CARTESIAN_POINT('',(2.145382642290E2,3.185522117254E1,1.529158697113E1));
#8888=CARTESIAN_POINT('',(2.142551145474E2,3.178891019281E1,1.502614258239E1));
#8889=CARTESIAN_POINT('',(2.139053323990E2,3.147059896735E1,1.469635007444E1));
#8890=CARTESIAN_POINT('',(2.136726997119E2,3.099126861749E1,1.447484984439E1));
#8891=CARTESIAN_POINT('',(2.136243608871E2,3.060318729560E1,1.442609405972E1));
#8892=CARTESIAN_POINT('',(2.136319713022E2,3.040046541882E1,1.443101915176E1));
#8893=CARTESIAN_POINT('',(2.145370454812E2,3.183900381731E1,1.551831155757E1));
#8894=CARTESIAN_POINT('',(2.143939675274E2,3.184024127341E1,1.538141871530E1));
#8895=CARTESIAN_POINT('',(2.141161029690E2,3.175967416709E1,1.512170527537E1));
#8896=CARTESIAN_POINT('',(2.137699012109E2,3.142985288075E1,1.481282555065E1));
#8897=CARTESIAN_POINT('',(2.135352613757E2,3.095542695922E1,1.462026168864E1));
#8898=CARTESIAN_POINT('',(2.134761129023E2,3.057948104172E1,1.458981205243E1));
#8899=CARTESIAN_POINT('',(2.134753516328E2,3.038197881997E1,1.460347636712E1));
#8900=CARTESIAN_POINT('',(2.143603654236E2,3.189504232193E1,1.574166267422E1));
#8901=CARTESIAN_POINT('',(2.142092768420E2,3.187899858496E1,1.560430134924E1));
#8902=CARTESIAN_POINT('',(2.139085619738E2,3.176446822536E1,1.535038072174E1));
#8903=CARTESIAN_POINT('',(2.135182003727E2,3.139051676613E1,1.507064008210E1));
#8904=CARTESIAN_POINT('',(2.132339192597E2,3.088614814675E1,1.492172726168E1));
#8905=CARTESIAN_POINT('',(2.131366554948E2,3.050041164506E1,1.492506743146E1));
#8906=CARTESIAN_POINT('',(2.131154934107E2,3.029886084005E1,1.495728454512E1));
#8907=CARTESIAN_POINT('',(2.142520951667E2,3.196379341589E1,1.591131242931E1));
#8908=CARTESIAN_POINT('',(2.140901134081E2,3.193519163452E1,1.577375448473E1));
#8909=CARTESIAN_POINT('',(2.137633067853E2,3.179566323438E1,1.552518809764E1));
#8910=CARTESIAN_POINT('',(2.133265420867E2,3.138773651915E1,1.526847199616E1));
#8911=CARTESIAN_POINT('',(2.129926092210E2,3.085642601058E1,1.515295033211E1));
#8912=CARTESIAN_POINT('',(2.128607377664E2,3.045827216505E1,1.518268004309E1));
#8913=CARTESIAN_POINT('',(2.128219196947E2,3.025130160019E1,1.522942913850E1));
#8914=CARTESIAN_POINT('',(2.141562158675E2,3.206479331854E1,1.607592337311E1));
#8915=CARTESIAN_POINT('',(2.139795037898E2,3.202352946313E1,1.593782269116E1));
#8916=CARTESIAN_POINT('',(2.136191986184E2,3.186025570786E1,1.569618245797E1));
#8917=CARTESIAN_POINT('',(2.131238756758E2,3.142285167226E1,1.546787859888E1));
#8918=CARTESIAN_POINT('',(2.127270663244E2,3.086929731713E1,1.539197514040E1));
#8919=CARTESIAN_POINT('',(2.125514080658E2,3.046129951381E1,1.545203433616E1));
#8920=CARTESIAN_POINT('',(2.124900354160E2,3.025016709997E1,1.551490402802E1));
#8921=CARTESIAN_POINT('',(2.140765382220E2,3.217918432969E1,1.621076580771E1));
#8922=CARTESIAN_POINT('',(2.138842210318E2,3.212664276352E1,1.607249998510E1));
#8923=CARTESIAN_POINT('',(2.134896688134E2,3.194524722691E1,1.583936778647E1));
#8924=CARTESIAN_POINT('',(2.129347432882E2,3.149185097383E1,1.564191943120E1));
#8925=CARTESIAN_POINT('',(2.124727413337E2,3.093084222054E1,1.560687585436E1));
#8926=CARTESIAN_POINT('',(2.122503567263E2,3.052210985856E1,1.569683408795E1));
#8927=CARTESIAN_POINT('',(2.121642203110E2,3.031104657929E1,1.577498856293E1));
#8928=CARTESIAN_POINT('',(2.140109698988E2,3.229609697309E1,1.631671075393E1));
#8929=CARTESIAN_POINT('',(2.138032531846E2,3.223426487530E1,1.617924405119E1));
#8930=CARTESIAN_POINT('',(2.133760900640E2,3.204121676424E1,1.595601825607E1));
#8931=CARTESIAN_POINT('',(2.127647331161E2,3.158600311705E1,1.578936441462E1));
#8932=CARTESIAN_POINT('',(2.122398231723E2,3.103294017702E1,1.579302599783E1));
#8933=CARTESIAN_POINT('',(2.119709849121E2,3.063310727934E1,1.591031227488E1));
#8934=CARTESIAN_POINT('',(2.118595736160E2,3.042665947273E1,1.600208487314E1));
#8935=CARTESIAN_POINT('',(2.139365486604E2,3.245642354203E1,1.643132593702E1));
#8936=CARTESIAN_POINT('',(2.137078276936E2,3.238556140563E1,1.629696252891E1));
#8937=CARTESIAN_POINT('',(2.132379666997E2,3.218614238727E1,1.608952256809E1));
#8938=CARTESIAN_POINT('',(2.125538274998E2,3.174677758226E1,1.596383173684E1));
#8939=CARTESIAN_POINT('',(2.119466766247E2,3.122384974083E1,1.601604116814E1));
#8940=CARTESIAN_POINT('',(2.116156491142E2,3.084829401398E1,1.616658449269E1));
#8941=CARTESIAN_POINT('',(2.114697055691E2,3.065399702888E1,1.627468372058E1));
#8942=CARTESIAN_POINT('',(2.138808152928E2,3.262148461096E1,1.651342545081E1));
#8943=CARTESIAN_POINT('',(2.136303195852E2,3.254855876361E1,1.638548834136E1));
#8944=CARTESIAN_POINT('',(2.131188233766E2,3.235875030684E1,1.619740432965E1));
#8945=CARTESIAN_POINT('',(2.123657925503E2,3.196341020534E1,1.611094784938E1));
#8946=CARTESIAN_POINT('',(2.116795201029E2,3.150000260648E1,1.620542975382E1));
#8947=CARTESIAN_POINT('',(2.112868301387E2,3.116780323742E1,1.638379147356E1));
#8948=CARTESIAN_POINT('',(2.111058213500E2,3.099520415635E1,1.650542748902E1));
#8949=CARTESIAN_POINT('',(2.138477327828E2,3.278835381428E1,1.657282475212E1));
#8950=CARTESIAN_POINT('',(2.135759959819E2,3.272408766157E1,1.645310561882E1));
#8951=CARTESIAN_POINT('',(2.130258040770E2,3.256424763281E1,1.628492934657E1));
#8952=CARTESIAN_POINT('',(2.122102293315E2,3.224269451662E1,1.623208685191E1));
#8953=CARTESIAN_POINT('',(2.114509439565E2,3.186846047729E1,1.636002119544E1));
#8954=CARTESIAN_POINT('',(2.110001926557E2,3.159967800720E1,1.656027280649E1));
#8955=CARTESIAN_POINT('',(2.107858538845E2,3.145942763079E1,1.669283801960E1));
#8956=CARTESIAN_POINT('',(2.138357088589E2,3.291381757078E1,1.660736932716E1));
#8957=CARTESIAN_POINT('',(2.135491256641E2,3.286222810126E1,1.649387109394E1));
#8958=CARTESIAN_POINT('',(2.129726437482E2,3.273606436293E1,1.633958034999E1));
#8959=CARTESIAN_POINT('',(2.121148699036E2,3.248527989377E1,1.630791245357E1));
#8960=CARTESIAN_POINT('',(2.113054415784E2,3.219306860515E1,1.645596829862E1));
#8961=CARTESIAN_POINT('',(2.108142828979E2,3.198225816364E1,1.666968230551E1));
#8962=CARTESIAN_POINT('',(2.105767140118E2,3.187189888741E1,1.680922841084E1));
#8963=CARTESIAN_POINT('',(2.138357984748E2,3.303015814794E1,1.663101091762E1));
#8964=CARTESIAN_POINT('',(2.135378630978E2,3.299572321018E1,1.652234022777E1));
#8965=CARTESIAN_POINT('',(2.129420042074E2,3.291067474543E1,1.637846647026E1));
#8966=CARTESIAN_POINT('',(2.120524291516E2,3.273961751683E1,1.636129578758E1));
#8967=CARTESIAN_POINT('',(2.112031862700E2,3.253787781337E1,1.652275748511E1));
#8968=CARTESIAN_POINT('',(2.106790028178E2,3.239106709211E1,1.674636338387E1));
#8969=CARTESIAN_POINT('',(2.104224547507E2,3.231402206507E1,1.689149028515E1));
#8970=CARTESIAN_POINT('',(2.138440029811E2,3.319846729935E1,1.665359975462E1));
#8971=CARTESIAN_POINT('',(2.135359196082E2,3.319246347747E1,1.654968201044E1));
#8972=CARTESIAN_POINT('',(2.129248937335E2,3.317490503141E1,1.641606406833E1));
#8973=CARTESIAN_POINT('',(2.120068272482E2,3.313435730910E1,1.641069827262E1));
#8974=CARTESIAN_POINT('',(2.111140912019E2,3.308200219002E1,1.658291274393E1));
#8975=CARTESIAN_POINT('',(2.105502455023E2,3.304202647372E1,1.681764113446E1));
#8976=CARTESIAN_POINT('',(2.102707832467E2,3.302097250286E1,1.697029320741E1));
#8977=CARTESIAN_POINT('',(2.138442955383E2,3.325738879705E1,1.664853725220E1));
#8978=CARTESIAN_POINT('',(2.135416614911E2,3.325849995015E1,1.654441137887E1));
#8979=CARTESIAN_POINT('',(2.129449876027E2,3.326270503748E1,1.640990588876E1));
#8980=CARTESIAN_POINT('',(2.120431951476E2,3.327400946907E1,1.639742181472E1));
#8981=CARTESIAN_POINT('',(2.111533186249E2,3.328852314131E1,1.656258521430E1));
#8982=CARTESIAN_POINT('',(2.105836046015E2,3.329947512441E1,1.679847607071E1));
#8983=CARTESIAN_POINT('',(2.103006393792E2,3.330534036578E1,1.695421361672E1));
#8984=CARTESIAN_POINT('',(2.138394824609E2,3.333553986944E1,1.664782752064E1));
#8985=CARTESIAN_POINT('',(2.135392432564E2,3.334933730241E1,1.654511924167E1));
#8986=CARTESIAN_POINT('',(2.129511444974E2,3.338371839238E1,1.641251005835E1));
#8987=CARTESIAN_POINT('',(2.120590071718E2,3.345332481010E1,1.639654793187E1));
#8988=CARTESIAN_POINT('',(2.111669819449E2,3.353926030991E1,1.655808642250E1));
#8989=CARTESIAN_POINT('',(2.105887380598E2,3.360365247033E1,1.679608784389E1));
#8990=CARTESIAN_POINT('',(2.103013930717E2,3.363724514656E1,1.695469552831E1));
#8991=B_SPLINE_SURFACE_WITH_KNOTS('',3,3,((#8879,#8880,#8881,#8882,#8883,#8884,
#8885),(#8886,#8887,#8888,#8889,#8890,#8891,#8892),(#8893,#8894,#8895,#8896,
#8897,#8898,#8899),(#8900,#8901,#8902,#8903,#8904,#8905,#8906),(#8907,#8908,
#8909,#8910,#8911,#8912,#8913),(#8914,#8915,#8916,#8917,#8918,#8919,#8920),(
#8921,#8922,#8923,#8924,#8925,#8926,#8927),(#8928,#8929,#8930,#8931,#8932,#8933,
#8934),(#8935,#8936,#8937,#8938,#8939,#8940,#8941),(#8942,#8943,#8944,#8945,
#8946,#8947,#8948),(#8949,#8950,#8951,#8952,#8953,#8954,#8955),(#8956,#8957,
#8958,#8959,#8960,#8961,#8962),(#8963,#8964,#8965,#8966,#8967,#8968,#8969),(
#8970,#8971,#8972,#8973,#8974,#8975,#8976),(#8977,#8978,#8979,#8980,#8981,#8982,
#8983),(#8984,#8985,#8986,#8987,#8988,#8989,#8990)),.UNSPECIFIED.,.F.,.F.,.F.,
(4,1,1,1,1,1,1,1,1,1,1,1,1,4),(4,1,1,1,4),(-7.477756268126E-2,1.25E-1,1.875E-1,
2.5E-1,3.125E-1,3.75E-1,4.375E-1,5.E-1,6.25E-1,6.875E-1,7.5E-1,8.125E-1,8.75E-1,
1.094941574003E0),(-2.710822502746E-2,2.5E-1,5.E-1,7.5E-1,1.027674434075E0),
.UNSPECIFIED.);
#8992=ORIENTED_EDGE('',*,*,#8490,.F.);
#8993=ORIENTED_EDGE('',*,*,#8533,.F.);
#8994=ORIENTED_EDGE('',*,*,#8869,.F.);
#8996=ORIENTED_EDGE('',*,*,#8995,.F.);
#8997=EDGE_LOOP('',(#8992,#8993,#8994,#8996));
#8998=FACE_OUTER_BOUND('',#8997,.F.);
#8999=ADVANCED_FACE('',(#8998),#8991,.T.);
#9000=CARTESIAN_POINT('',(2.048304467814E2,3.044592890162E1,6.272283482110E0));
#9001=DIRECTION('',(0.E0,-1.E0,0.E0));
#9002=DIRECTION('',(8.859782288290E-1,0.E0,4.637268355843E-1));
#9003=AXIS2_PLACEMENT_3D('',#9000,#9001,#9002);
#9004=TOROIDAL_SURFACE('',#9003,1.339999999871E1,1.4E0);
#9006=ORIENTED_EDGE('',*,*,#9005,.F.);
#9008=ORIENTED_EDGE('',*,*,#9007,.T.);
#9009=ORIENTED_EDGE('',*,*,#8492,.T.);
#9010=ORIENTED_EDGE('',*,*,#8995,.T.);
#9011=EDGE_LOOP('',(#9006,#9008,#9009,#9010));
#9012=FACE_OUTER_BOUND('',#9011,.F.);
#9013=ADVANCED_FACE('',(#9012),#9004,.F.);
#9014=CARTESIAN_POINT('',(0.E0,3.184592890162E1,4.751166127193E-11));
#9015=DIRECTION('',(0.E0,1.E0,0.E0));
#9016=DIRECTION('',(-1.E0,0.E0,0.E0));
#9017=AXIS2_PLACEMENT_3D('',#9014,#9015,#9016);
#9018=PLANE('',#9017);
#9020=ORIENTED_EDGE('',*,*,#9019,.T.);
#9021=ORIENTED_EDGE('',*,*,#9005,.T.);
#9022=ORIENTED_EDGE('',*,*,#8874,.T.);
#9024=ORIENTED_EDGE('',*,*,#9023,.T.);
#9026=ORIENTED_EDGE('',*,*,#9025,.F.);
#9027=EDGE_LOOP('',(#9020,#9021,#9022,#9024,#9026));
#9028=FACE_OUTER_BOUND('',#9027,.F.);
#9029=ADVANCED_FACE('',(#9028),#9018,.F.);
#9030=CARTESIAN_POINT('',(2.363124311116E2,3.044592890162E1,-2.383545190982E1));
#9031=DIRECTION('',(-4.750536004641E-1,0.E0,8.799568606961E-1));
#9032=DIRECTION('',(0.E0,1.E0,0.E0));
#9033=AXIS2_PLACEMENT_3D('',#9030,#9031,#9032);
#9034=CYLINDRICAL_SURFACE('',#9033,1.4E0);
#9035=ORIENTED_EDGE('',*,*,#8447,.T.);
#9036=ORIENTED_EDGE('',*,*,#9007,.F.);
#9037=ORIENTED_EDGE('',*,*,#9019,.F.);
#9039=ORIENTED_EDGE('',*,*,#9038,.T.);
#9040=EDGE_LOOP('',(#9035,#9036,#9037,#9039));
#9041=FACE_OUTER_BOUND('',#9040,.F.);
#9042=ADVANCED_FACE('',(#9041),#9034,.F.);
#9043=CARTESIAN_POINT('',(2.206684175254E2,3.036160753343E1,3.807180520559E0));
#9044=CARTESIAN_POINT('',(2.206681764675E2,3.046246445901E1,3.801128333271E0));
#9045=CARTESIAN_POINT('',(2.206685974373E2,3.068870482624E1,3.811890108467E0));
#9046=CARTESIAN_POINT('',(2.206724851913E2,3.102738557879E1,3.912744358961E0));
#9047=CARTESIAN_POINT('',(2.206815985651E2,3.135075954477E1,4.114469968960E0));
#9048=CARTESIAN_POINT('',(2.206963662866E2,3.161111231393E1,4.399281375324E0));
#9049=CARTESIAN_POINT('',(2.207165164752E2,3.178612892271E1,4.749051393307E0));
#9050=CARTESIAN_POINT('',(2.207341712465E2,3.183949352687E1,5.034574566978E0));
#9051=CARTESIAN_POINT('',(2.207447351378E2,3.184199150253E1,5.196801935553E0));
#9052=CARTESIAN_POINT('',(2.207467064159E2,3.184153718141E1,5.226695518606E0));
#9053=CARTESIAN_POINT('',(2.201044238517E2,3.033673983138E1,3.754293367522E0));
#9054=CARTESIAN_POINT('',(2.201032790236E2,3.046719275749E1,3.744711364629E0));
#9055=CARTESIAN_POINT('',(2.201053579630E2,3.076167234269E1,3.761982127012E0));
#9056=CARTESIAN_POINT('',(2.201247727869E2,3.118615224836E1,3.919423308025E0));
#9057=CARTESIAN_POINT('',(2.201572320501E2,3.155131137595E1,4.212133567021E0));
#9058=CARTESIAN_POINT('',(2.201936980802E2,3.179978827121E1,4.589096756377E0));
#9059=CARTESIAN_POINT('',(2.202283060720E2,3.192019903173E1,5.009578694460E0));
#9060=CARTESIAN_POINT('',(2.202500651673E2,3.191528880090E1,5.321111298282E0));
#9061=CARTESIAN_POINT('',(2.202598080382E2,3.188402918546E1,5.488010274191E0));
#9062=CARTESIAN_POINT('',(2.202614915353E2,3.187735745839E1,5.518445975330E0));
#9063=CARTESIAN_POINT('',(2.196178334522E2,3.033679147744E1,4.045394883947E0));
#9064=CARTESIAN_POINT('',(2.196159088884E2,3.046706224179E1,4.034400062564E0));
#9065=CARTESIAN_POINT('',(2.196194182555E2,3.076263504498E1,4.054371707472E0));
#9066=CARTESIAN_POINT('',(2.196522291926E2,3.117547488590E1,4.233542469135E0));
#9067=CARTESIAN_POINT('',(2.197048303230E2,3.149693760366E1,4.551694692854E0));
#9068=CARTESIAN_POINT('',(2.197600167556E2,3.167328290841E1,4.935104766131E0));
#9069=CARTESIAN_POINT('',(2.198070983416E2,3.170735679636E1,5.329037214344E0));
#9070=CARTESIAN_POINT('',(2.198323984779E2,3.164233058357E1,5.593151833899E0));
#9071=CARTESIAN_POINT('',(2.198414330064E2,3.158306715340E1,5.724904795439E0));
#9072=CARTESIAN_POINT('',(2.198428682181E2,3.157145721544E1,5.748605419041E0));
#9073=CARTESIAN_POINT('',(2.193977280868E2,3.036174240272E1,4.567367369354E0));
#9074=CARTESIAN_POINT('',(2.193954508157E2,3.046212362835E1,4.557625726755E0));
#9075=CARTESIAN_POINT('',(2.193996072255E2,3.069121884137E1,4.575440626924E0));
#9076=CARTESIAN_POINT('',(2.194384777899E2,3.099950255493E1,4.733039828948E0));
#9077=CARTESIAN_POINT('',(2.195001899365E2,3.120876706351E1,5.001204965707E0));
#9078=CARTESIAN_POINT('',(2.195638443969E2,3.128075431963E1,5.302851861052E0));
#9079=CARTESIAN_POINT('',(2.196165683158E2,3.123030952957E1,5.583290144562E0));
#9080=CARTESIAN_POINT('',(2.196434702142E2,3.112668636039E1,5.744985285736E0));
#9081=CARTESIAN_POINT('',(2.196521843296E2,3.105605475588E1,5.815431827338E0));
#9082=CARTESIAN_POINT('',(2.196535072313E2,3.104270471709E1,5.827737328293E0));
#9083=(BOUNDED_SURFACE()B_SPLINE_SURFACE(3,3,((#9043,#9044,#9045,#9046,#9047,
#9048,#9049,#9050,#9051,#9052),(#9053,#9054,#9055,#9056,#9057,#9058,#9059,#9060,
#9061,#9062),(#9063,#9064,#9065,#9066,#9067,#9068,#9069,#9070,#9071,#9072),(
#9073,#9074,#9075,#9076,#9077,#9078,#9079,#9080,#9081,#9082)),.UNSPECIFIED.,.F.,
.F.,.F.)B_SPLINE_SURFACE_WITH_KNOTS((4,4),(4,1,1,1,1,1,1,4),(0.E0,1.E0),(
3.046732997456E-2,1.663112458482E-1,3.326657078809E-1,4.992743255305E-1,
6.661282201711E-1,8.330243805078E-1,1.E0,1.037507460341E0),.UNSPECIFIED.)GEOMETRIC_REPRESENTATION_ITEM()RATIONAL_B_SPLINE_SURFACE(((1.107599117638E0,
1.107599117638E0,1.107599117638E0,1.107599117638E0,1.107599117638E0,
1.107599117638E0,1.107599117638E0,1.107599117638E0,1.107599117638E0,
1.107599117638E0),(9.641336274538E-1,9.641336274538E-1,9.641336274538E-1,
9.641336274538E-1,9.641336274538E-1,9.641336274538E-1,9.641336274538E-1,
9.641336274538E-1,9.641336274538E-1,9.641336274538E-1),(9.641336274538E-1,
9.641336274538E-1,9.641336274538E-1,9.641336274538E-1,9.641336274538E-1,
9.641336274538E-1,9.641336274538E-1,9.641336274538E-1,9.641336274538E-1,
9.641336274538E-1),(1.107599117638E0,1.107599117638E0,1.107599117638E0,
1.107599117638E0,1.107599117638E0,1.107599117638E0,1.107599117638E0,
1.107599117638E0,1.107599117638E0,1.107599117638E0)))REPRESENTATION_ITEM('')SURFACE());
#9084=ORIENTED_EDGE('',*,*,#8266,.T.);
#9085=ORIENTED_EDGE('',*,*,#9038,.F.);
#9087=ORIENTED_EDGE('',*,*,#9086,.F.);
#9088=EDGE_LOOP('',(#9084,#9085,#9087));
#9089=FACE_OUTER_BOUND('',#9088,.F.);
#9090=ADVANCED_FACE('',(#9089),#9083,.F.);
#9091=CARTESIAN_POINT('',(1.218204524594E2,3.044592890162E1,5.198856175288E0));
#9092=DIRECTION('',(1.E0,0.E0,0.E0));
#9093=DIRECTION('',(0.E0,0.E0,-1.E0));
#9094=AXIS2_PLACEMENT_3D('',#9091,#9092,#9093);
#9095=CYLINDRICAL_SURFACE('',#9094,1.4E0);
#9096=ORIENTED_EDGE('',*,*,#9025,.T.);
#9098=ORIENTED_EDGE('',*,*,#9097,.T.);
#9099=ORIENTED_EDGE('',*,*,#8122,.F.);
#9100=ORIENTED_EDGE('',*,*,#9086,.T.);
#9101=EDGE_LOOP('',(#9096,#9098,#9099,#9100));
#9102=FACE_OUTER_BOUND('',#9101,.F.);
#9103=ADVANCED_FACE('',(#9102),#9095,.F.);
#9104=CARTESIAN_POINT('',(2.269071668798E2,3.262785933161E1,4.336696176834E0));
#9105=CARTESIAN_POINT('',(2.268925549263E2,3.261759959297E1,4.342292454392E0));
#9106=CARTESIAN_POINT('',(2.267995241259E2,3.255389896276E1,4.377882123412E0));
#9107=CARTESIAN_POINT('',(2.266178304666E2,3.244685994541E1,4.446838481318E0));
#9108=CARTESIAN_POINT('',(2.263521667246E2,3.231875205436E1,4.546572044221E0));
#9109=CARTESIAN_POINT('',(2.260786592356E2,3.220801297474E1,4.648339806500E0));
#9110=CARTESIAN_POINT('',(2.257972373764E2,3.211183782744E1,4.752168594006E0));
#9111=CARTESIAN_POINT('',(2.255106674232E2,3.202981523588E1,4.856965672169E0));
#9112=CARTESIAN_POINT('',(2.252206459642E2,3.196171405469E1,4.961998114112E0));
#9113=CARTESIAN_POINT('',(2.249238346752E2,3.190679427493E1,5.068316863015E0));
#9114=CARTESIAN_POINT('',(2.246107562237E2,3.186496350953E1,5.179033625869E0));
#9115=CARTESIAN_POINT('',(2.243502644267E2,3.184508404481E1,5.269716602591E0));
#9116=CARTESIAN_POINT('',(2.241931276997E2,3.184017980381E1,5.323706902024E0));
#9117=CARTESIAN_POINT('',(2.241480092387E2,3.183938011104E1,5.339147857387E0));
#9118=CARTESIAN_POINT('',(2.273441193766E2,3.225166780081E1,3.599028162609E0));
#9119=CARTESIAN_POINT('',(2.273230997321E2,3.223971638368E1,3.601710131595E0));
#9120=CARTESIAN_POINT('',(2.271901829318E2,3.216694246123E1,3.618996838489E0));
#9121=CARTESIAN_POINT('',(2.269407313086E2,3.205990454314E1,3.655846802789E0));
#9122=CARTESIAN_POINT('',(2.265954180786E2,3.195585095697E1,3.717000828582E0));
#9123=CARTESIAN_POINT('',(2.262550924513E2,3.188436429822E1,3.786430652383E0));
#9124=CARTESIAN_POINT('',(2.259178476838E2,3.183819135419E1,3.863831525496E0));
#9125=CARTESIAN_POINT('',(2.255859721692E2,3.181369000757E1,3.948101653725E0));
#9126=CARTESIAN_POINT('',(2.252608253588E2,3.180833181005E1,4.038333576545E0));
#9127=CARTESIAN_POINT('',(2.249385996254E2,3.182064184403E1,4.135223670195E0));
#9128=CARTESIAN_POINT('',(2.246100739427E2,3.185152583030E1,4.241852017888E0));
#9129=CARTESIAN_POINT('',(2.243471225367E2,3.189245162486E1,4.334107048115E0));
#9130=CARTESIAN_POINT('',(2.241933297384E2,3.192368195268E1,4.391127765732E0));
#9131=CARTESIAN_POINT('',(2.241495806697E2,3.193318689412E1,4.407608056976E0));
#9132=CARTESIAN_POINT('',(2.280531814150E2,3.164120558116E1,3.565080543360E0));
#9133=CARTESIAN_POINT('',(2.280262412970E2,3.162265358396E1,3.563022576726E0));
#9134=CARTESIAN_POINT('',(2.278561961363E2,3.151000760827E1,3.550314082276E0));
#9135=CARTESIAN_POINT('',(2.275404744510E2,3.134780209257E1,3.531208589375E0));
#9136=CARTESIAN_POINT('',(2.271092956668E2,3.119638600379E1,3.516492319613E0));
#9137=CARTESIAN_POINT('',(2.266883927616E2,3.109828180266E1,3.513030597472E0));
#9138=CARTESIAN_POINT('',(2.262742508817E2,3.104133894053E1,3.520291421038E0));
#9139=CARTESIAN_POINT('',(2.258689502656E2,3.101919637939E1,3.537726226958E0));
#9140=CARTESIAN_POINT('',(2.254737231338E2,3.102742394385E1,3.564690138104E0));
#9141=CARTESIAN_POINT('',(2.250837916103E2,3.106359505918E1,3.601113511649E0));
#9142=CARTESIAN_POINT('',(2.246881913811E2,3.112934231175E1,3.648464053425E0));
#9143=CARTESIAN_POINT('',(2.243735444900E2,3.120720400633E1,3.695336216595E0));
#9144=CARTESIAN_POINT('',(2.241905980314E2,3.126394530342E1,3.726685945397E0));
#9145=CARTESIAN_POINT('',(2.241386559296E2,3.128103396613E1,3.735935647051E0));
#9146=CARTESIAN_POINT('',(2.285294775598E2,3.123114180192E1,4.259025137791E0));
#9147=CARTESIAN_POINT('',(2.285013197572E2,3.120578015264E1,4.253776598165E0));
#9148=CARTESIAN_POINT('',(2.283233404862E2,3.105085357279E1,4.220738230632E0));
#9149=CARTESIAN_POINT('',(2.279900230992E2,3.081759290210E1,4.161670338324E0));
#9150=CARTESIAN_POINT('',(2.275279017864E2,3.058112115902E1,4.087815154249E0));
#9151=CARTESIAN_POINT('',(2.270700361292E2,3.040948201573E1,4.022809450935E0));
#9152=CARTESIAN_POINT('',(2.266126761998E2,3.028866564920E1,3.966160106327E0));
#9153=CARTESIAN_POINT('',(2.261581120234E2,3.021203988141E1,3.918040159869E0));
#9154=CARTESIAN_POINT('',(2.257077490884E2,3.017502247791E1,3.878317466884E0));
#9155=CARTESIAN_POINT('',(2.252560291729E2,3.017469606938E1,3.846290344060E0));
#9156=CARTESIAN_POINT('',(2.247894863597E2,3.021263131343E1,3.821381431841E0));
#9157=CARTESIAN_POINT('',(2.244107169892E2,3.027725997612E1,3.808229897718E0));
#9158=CARTESIAN_POINT('',(2.241868776437E2,3.033072399583E1,3.803485816991E0));
#9159=CARTESIAN_POINT('',(2.241230137918E2,3.034727560849E1,3.802383420602E0));
#9160=(BOUNDED_SURFACE()B_SPLINE_SURFACE(3,3,((#9104,#9105,#9106,#9107,#9108,
#9109,#9110,#9111,#9112,#9113,#9114,#9115,#9116,#9117),(#9118,#9119,#9120,#9121,
#9122,#9123,#9124,#9125,#9126,#9127,#9128,#9129,#9130,#9131),(#9132,#9133,#9134,
#9135,#9136,#9137,#9138,#9139,#9140,#9141,#9142,#9143,#9144,#9145),(#9146,#9147,
#9148,#9149,#9150,#9151,#9152,#9153,#9154,#9155,#9156,#9157,#9158,#9159)),
.UNSPECIFIED.,.F.,.F.,.F.)B_SPLINE_SURFACE_WITH_KNOTS((4,4),(4,1,1,1,1,1,1,1,1,
1,1,4),(0.E0,1.E0),(-1.910953356732E-2,0.E0,1.008108006663E-1,1.968791190932E-1,
2.920133219240E-1,3.870277917049E-1,4.820588418994E-1,5.762451112786E-1,
6.707304307724E-1,7.700504000184E-1,8.789494800656E-1,9.229411289954E-1),
.UNSPECIFIED.)GEOMETRIC_REPRESENTATION_ITEM()RATIONAL_B_SPLINE_SURFACE(((
1.216557151590E0,1.216557151590E0,1.216557151590E0,1.216557151590E0,
1.216557151590E0,1.216557151590E0,1.216557151590E0,1.216557151590E0,
1.216557151590E0,1.216557151590E0,1.216557151590E0,1.216557151590E0,
1.216557151590E0,1.216557151590E0),(9.278142828032E-1,9.278142828032E-1,
9.278142828032E-1,9.278142828032E-1,9.278142828032E-1,9.278142828032E-1,
9.278142828032E-1,9.278142828032E-1,9.278142828032E-1,9.278142828032E-1,
9.278142828032E-1,9.278142828032E-1,9.278142828032E-1,9.278142828032E-1),(
9.278142828032E-1,9.278142828032E-1,9.278142828032E-1,9.278142828032E-1,
9.278142828032E-1,9.278142828032E-1,9.278142828032E-1,9.278142828032E-1,
9.278142828032E-1,9.278142828032E-1,9.278142828032E-1,9.278142828032E-1,
9.278142828032E-1,9.278142828032E-1),(1.216557151590E0,1.216557151590E0,
1.216557151590E0,1.216557151590E0,1.216557151590E0,1.216557151590E0,
1.216557151590E0,1.216557151590E0,1.216557151590E0,1.216557151590E0,
1.216557151590E0,1.216557151590E0,1.216557151590E0,1.216557151590E0)))REPRESENTATION_ITEM('')SURFACE());
#9162=ORIENTED_EDGE('',*,*,#9161,.F.);
#9163=ORIENTED_EDGE('',*,*,#8124,.T.);
#9164=ORIENTED_EDGE('',*,*,#9097,.F.);
#9166=ORIENTED_EDGE('',*,*,#9165,.F.);
#9168=ORIENTED_EDGE('',*,*,#9167,.T.);
#9169=EDGE_LOOP('',(#9162,#9163,#9164,#9166,#9168));
#9170=FACE_OUTER_BOUND('',#9169,.F.);
#9171=ADVANCED_FACE('',(#9170),#9160,.F.);
#9172=CARTESIAN_POINT('',(2.266961048064E2,3.110216475779E1,3.790500071280E0));
#9173=CARTESIAN_POINT('',(2.267009263789E2,3.112096582154E1,3.790676846033E0));
#9174=CARTESIAN_POINT('',(2.267215821581E2,3.120070913059E1,3.792322214154E0));
#9175=CARTESIAN_POINT('',(2.267589853829E2,3.133898407231E1,3.801520824029E0));
#9176=CARTESIAN_POINT('',(2.268111317954E2,3.151830361086E1,3.824458330295E0));
#9177=CARTESIAN_POINT('',(2.268670047177E2,3.169928224130E1,3.857078502201E0));
#9178=CARTESIAN_POINT('',(2.269292748271E2,3.188835746065E1,3.899734337998E0));
#9179=CARTESIAN_POINT('',(2.269976729718E2,3.208386154802E1,3.950564483180E0));
#9180=CARTESIAN_POINT('',(2.270547410338E2,3.223928460422E1,3.993564388155E0));
#9181=CARTESIAN_POINT('',(2.270883908656E2,3.232911085773E1,4.017882447868E0));
#9182=CARTESIAN_POINT('',(2.270960922892E2,3.234959465531E1,4.023382204511E0));
#9183=CARTESIAN_POINT('',(2.273937504415E2,3.110455391298E1,3.885051192718E0));
#9184=CARTESIAN_POINT('',(2.273990342711E2,3.112246664841E1,3.881854642675E0));
#9185=CARTESIAN_POINT('',(2.274215560492E2,3.119883785230E1,3.868994725707E0));
#9186=CARTESIAN_POINT('',(2.274615205722E2,3.133419330021E1,3.851654242013E0));
#9187=CARTESIAN_POINT('',(2.275153613617E2,3.151547237655E1,3.837794066023E0));
#9188=CARTESIAN_POINT('',(2.275709689334E2,3.170389337612E1,3.831725317423E0));
#9189=CARTESIAN_POINT('',(2.276303824720E2,3.190628833830E1,3.832460440928E0));
#9190=CARTESIAN_POINT('',(2.276924167745E2,3.212061944261E1,3.838670284142E0));
#9191=CARTESIAN_POINT('',(2.277411861115E2,3.229346147488E1,3.845230112588E0));
#9192=CARTESIAN_POINT('',(2.277686231695E2,3.239308407599E1,3.847922400504E0));
#9193=CARTESIAN_POINT('',(2.277748358955E2,3.241576369016E1,3.848455604210E0));
#9194=CARTESIAN_POINT('',(2.278988638022E2,3.109216566982E1,3.394782437257E0));
#9195=CARTESIAN_POINT('',(2.279017626382E2,3.111417778530E1,3.389023230908E0));
#9196=CARTESIAN_POINT('',(2.279139964405E2,3.120802587992E1,3.365497298471E0));
#9197=CARTESIAN_POINT('',(2.279348268425E2,3.137421497688E1,3.331114673125E0));
#9198=CARTESIAN_POINT('',(2.279608329270E2,3.159563974143E1,3.297707125309E0));
#9199=CARTESIAN_POINT('',(2.279853320151E2,3.182413976331E1,3.274502416273E0));
#9200=CARTESIAN_POINT('',(2.280084942957E2,3.206631725845E1,3.259576941655E0));
#9201=CARTESIAN_POINT('',(2.280287180850E2,3.231735130113E1,3.251323268603E0));
#9202=CARTESIAN_POINT('',(2.280407574130E2,3.251281815867E1,3.246637474354E0));
#9203=CARTESIAN_POINT('',(2.280457222314E2,3.262111080583E1,3.242186577159E0));
#9204=CARTESIAN_POINT('',(2.280467505148E2,3.264551667707E1,3.241046047657E0));
#9205=CARTESIAN_POINT('',(2.278249074973E2,3.107448011648E1,2.694871379918E0));
#9206=CARTESIAN_POINT('',(2.278243992023E2,3.110244227473E1,2.689321255408E0));
#9207=CARTESIAN_POINT('',(2.278220639153E2,3.122124208638E1,2.667130732621E0));
#9208=CARTESIAN_POINT('',(2.278167071400E2,3.142842256241E1,2.638244395927E0));
#9209=CARTESIAN_POINT('',(2.278066499120E2,3.169745772602E1,2.617498389477E0));
#9210=CARTESIAN_POINT('',(2.277930031134E2,3.196800299981E1,2.611823953174E0));
#9211=CARTESIAN_POINT('',(2.277742606803E2,3.224598228256E1,2.619482248467E0));
#9212=CARTESIAN_POINT('',(2.277492227303E2,3.252350830564E1,2.637990033265E0));
#9213=CARTESIAN_POINT('',(2.277242083605E2,3.272949221733E1,2.655858769387E0));
#9214=CARTESIAN_POINT('',(2.277076383276E2,3.283869386670E1,2.664213587576E0));
#9215=CARTESIAN_POINT('',(2.277037538121E2,3.286303541935E1,2.665972966916E0));
#9216=(BOUNDED_SURFACE()B_SPLINE_SURFACE(3,3,((#9172,#9173,#9174,#9175,#9176,
#9177,#9178,#9179,#9180,#9181,#9182),(#9183,#9184,#9185,#9186,#9187,#9188,#9189,
#9190,#9191,#9192,#9193),(#9194,#9195,#9196,#9197,#9198,#9199,#9200,#9201,#9202,
#9203,#9204),(#9205,#9206,#9207,#9208,#9209,#9210,#9211,#9212,#9213,#9214,
#9215)),.UNSPECIFIED.,.F.,.F.,.F.)B_SPLINE_SURFACE_WITH_KNOTS((4,4),(4,1,1,1,1,
1,1,1,4),(0.E0,1.E0),(-5.266761693617E-2,0.E0,1.702578496025E-1,
3.306390549554E-1,4.915000615940E-1,6.610801057806E-1,8.351667244112E-1,1.E0,
1.047918323836E0),.UNSPECIFIED.)GEOMETRIC_REPRESENTATION_ITEM()RATIONAL_B_SPLINE_SURFACE(((1.236571145110E0,1.236571145110E0,1.236571145110E0,1.236571145110E0,
1.236571145110E0,1.236571145110E0,1.236571145110E0,1.236571145110E0,
1.236571145110E0,1.236571145110E0,1.236571145110E0),(9.211429516300E-1,
9.211429516300E-1,9.211429516300E-1,9.211429516300E-1,9.211429516300E-1,
9.211429516300E-1,9.211429516300E-1,9.211429516300E-1,9.211429516300E-1,
9.211429516300E-1,9.211429516300E-1),(9.211429516300E-1,9.211429516300E-1,
9.211429516300E-1,9.211429516300E-1,9.211429516300E-1,9.211429516300E-1,
9.211429516300E-1,9.211429516300E-1,9.211429516300E-1,9.211429516300E-1,
9.211429516300E-1),(1.236571145110E0,1.236571145110E0,1.236571145110E0,
1.236571145110E0,1.236571145110E0,1.236571145110E0,1.236571145110E0,
1.236571145110E0,1.236571145110E0,1.236571145110E0,1.236571145110E0)))REPRESENTATION_ITEM('')SURFACE());
#9218=ORIENTED_EDGE('',*,*,#9217,.F.);
#9220=ORIENTED_EDGE('',*,*,#9219,.F.);
#9221=ORIENTED_EDGE('',*,*,#7623,.F.);
#9222=ORIENTED_EDGE('',*,*,#7764,.F.);
#9223=ORIENTED_EDGE('',*,*,#9161,.T.);
#9225=ORIENTED_EDGE('',*,*,#9224,.T.);
#9226=EDGE_LOOP('',(#9218,#9220,#9221,#9222,#9223,#9225));
#9227=FACE_OUTER_BOUND('',#9226,.F.);
#9228=ADVANCED_FACE('',(#9227),#9216,.T.);
#9229=CARTESIAN_POINT('',(4.096608935627E2,1.878901412705E1,3.798856175288E0));
#9230=DIRECTION('',(0.E0,0.E0,1.E0));
#9231=DIRECTION('',(0.E0,1.E0,0.E0));
#9232=AXIS2_PLACEMENT_3D('',#9229,#9230,#9231);
#9233=PLANE('',#9232);
#9234=ORIENTED_EDGE('',*,*,#9217,.T.);
#9236=ORIENTED_EDGE('',*,*,#9235,.T.);
#9238=ORIENTED_EDGE('',*,*,#9237,.T.);
#9240=ORIENTED_EDGE('',*,*,#9239,.T.);
#9241=EDGE_LOOP('',(#9234,#9236,#9238,#9240));
#9242=FACE_OUTER_BOUND('',#9241,.F.);
#9243=ADVANCED_FACE('',(#9242),#9233,.F.);
#9244=CARTESIAN_POINT('',(2.270732925346E2,3.219772513607E1,3.973774833309E0));
#9245=CARTESIAN_POINT('',(2.270732925414E2,3.222782005097E1,3.984482241629E0));
#9246=CARTESIAN_POINT('',(2.270732925450E2,3.228213614540E1,4.004322381427E0));
#9247=CARTESIAN_POINT('',(2.270732925432E2,3.236036521521E1,4.033778817037E0));
#9248=CARTESIAN_POINT('',(2.270732925452E2,3.243029986110E1,4.060500830968E0));
#9249=CARTESIAN_POINT('',(2.270732925394E2,3.249742984629E1,4.086206747612E0));
#9250=CARTESIAN_POINT('',(2.270732925594E2,3.256378899174E1,4.111357741640E0));
#9251=CARTESIAN_POINT('',(2.270732924877E2,3.263141463098E1,4.136358824007E0));
#9252=CARTESIAN_POINT('',(2.270732927455E2,3.270156528841E1,4.161181904633E0));
#9253=CARTESIAN_POINT('',(2.270732918355E2,3.277486929922E1,4.185392001404E0));
#9254=CARTESIAN_POINT('',(2.270732949969E2,3.285170292696E1,4.208235775253E0));
#9255=CARTESIAN_POINT('',(2.270732840378E2,3.293267718798E1,4.228952178427E0));
#9256=CARTESIAN_POINT('',(2.270733241209E2,3.302249978417E1,4.247064926972E0));
#9257=CARTESIAN_POINT('',(2.270731570258E2,3.312746769891E1,4.261843055142E0));
#9258=CARTESIAN_POINT('',(2.270744425801E2,3.334009118229E1,4.268620835386E0));
#9259=CARTESIAN_POINT('',(2.270713869467E2,3.352069933651E1,4.249298190956E0));
#9260=CARTESIAN_POINT('',(2.270535556185E2,3.363327403903E1,4.238619289809E0));
#9261=CARTESIAN_POINT('',(2.275866415285E2,3.224090933143E1,3.852736164558E0));
#9262=CARTESIAN_POINT('',(2.275866415306E2,3.227160916717E1,3.863659280774E0));
#9263=CARTESIAN_POINT('',(2.275866415318E2,3.232689371508E1,3.883854478310E0));
#9264=CARTESIAN_POINT('',(2.275866415312E2,3.240601986555E1,3.913649678658E0));
#9265=CARTESIAN_POINT('',(2.275866415319E2,3.247629312472E1,3.940501468834E0));
#9266=CARTESIAN_POINT('',(2.275866415300E2,3.254327044419E1,3.966148739184E0));
#9267=CARTESIAN_POINT('',(2.275866415364E2,3.260894392067E1,3.991038961616E0));
#9268=CARTESIAN_POINT('',(2.275866415134E2,3.267524829717E1,4.015549495995E0));
#9269=CARTESIAN_POINT('',(2.275866415964E2,3.274329100314E1,4.039622943212E0));
#9270=CARTESIAN_POINT('',(2.275866413033E2,3.281350688059E1,4.062806107766E0));
#9271=CARTESIAN_POINT('',(2.275866423213E2,3.288608416513E1,4.084375786761E0));
#9272=CARTESIAN_POINT('',(2.275866387925E2,3.296155405942E1,4.103670385530E0));
#9273=CARTESIAN_POINT('',(2.275866516993E2,3.304402736208E1,4.120284136571E0));
#9274=CARTESIAN_POINT('',(2.275865978943E2,3.313933094577E1,4.133697564662E0));
#9275=CARTESIAN_POINT('',(2.275870118455E2,3.333085455962E1,4.139638854347E0));
#9276=CARTESIAN_POINT('',(2.275860279251E2,3.349241373752E1,4.122588289291E0));
#9277=CARTESIAN_POINT('',(2.275802862001E2,3.359466469747E1,4.115925685386E0));
#9278=CARTESIAN_POINT('',(2.278866309604E2,3.238740167126E1,3.442140629649E0));
#9279=CARTESIAN_POINT('',(2.278866309599E2,3.242015356024E1,3.453795484739E0));
#9280=CARTESIAN_POINT('',(2.278866309597E2,3.247872336137E1,3.475195133078E0));
#9281=CARTESIAN_POINT('',(2.278866309598E2,3.256089264933E1,3.506139514017E0));
#9282=CARTESIAN_POINT('',(2.278866309597E2,3.263231457533E1,3.533431539920E0));
#9283=CARTESIAN_POINT('',(2.278866309601E2,3.269877401183E1,3.558879866359E0));
#9284=CARTESIAN_POINT('',(2.278866309586E2,3.276212151578E1,3.582885481792E0));
#9285=CARTESIAN_POINT('',(2.278866309639E2,3.282394381577E1,3.605731946210E0));
#9286=CARTESIAN_POINT('',(2.278866309448E2,3.288483578660E1,3.627262436420E0));
#9287=CARTESIAN_POINT('',(2.278866310123E2,3.294457588981E1,3.646961972251E0));
#9288=CARTESIAN_POINT('',(2.278866307777E2,3.300271451989E1,3.664209580758E0));
#9289=CARTESIAN_POINT('',(2.278866315909E2,3.305951213014E1,3.678681038740E0));
#9290=CARTESIAN_POINT('',(2.278866286166E2,3.311705466367E1,3.690209789355E0));
#9291=CARTESIAN_POINT('',(2.278866410158E2,3.317957425181E1,3.698993789808E0));
#9292=CARTESIAN_POINT('',(2.278865456220E2,3.329952146529E1,3.702097479802E0));
#9293=CARTESIAN_POINT('',(2.278867723635E2,3.339646142107E1,3.692754415626E0));
#9294=CARTESIAN_POINT('',(2.278880955265E2,3.346369148523E1,3.699716166081E0));
#9295=CARTESIAN_POINT('',(2.278232480378E2,3.256394715830E1,2.947310737694E0));
#9296=CARTESIAN_POINT('',(2.278232480379E2,3.259917208268E1,2.959847449103E0));
#9297=CARTESIAN_POINT('',(2.278232480379E2,3.266170111219E1,2.982698643332E0));
#9298=CARTESIAN_POINT('',(2.278232480379E2,3.274753784235E1,3.015027961172E0));
#9299=CARTESIAN_POINT('',(2.278232480379E2,3.282034408608E1,3.042850537894E0));
#9300=CARTESIAN_POINT('',(2.278232480379E2,3.288617939508E1,3.068059106746E0));
#9301=CARTESIAN_POINT('',(2.278232480381E2,3.294672374936E1,3.090998636585E0));
#9302=CARTESIAN_POINT('',(2.278232480374E2,3.300314446737E1,3.111839644319E0));
#9303=CARTESIAN_POINT('',(2.278232480398E2,3.305541871786E1,3.130305485664E0));
#9304=CARTESIAN_POINT('',(2.278232480312E2,3.310253392432E1,3.145806720543E0));
#9305=CARTESIAN_POINT('',(2.278232480612E2,3.314327178596E1,3.157845578611E0));
#9306=CARTESIAN_POINT('',(2.278232479570E2,3.317756646204E1,3.166504420449E0));
#9307=CARTESIAN_POINT('',(2.278232483381E2,3.320506363767E1,3.171904974342E0));
#9308=CARTESIAN_POINT('',(2.278232467494E2,3.322807353904E1,3.175109812376E0));
#9309=CARTESIAN_POINT('',(2.278232589720E2,3.326176033454E1,3.174793764381E0));
#9310=CARTESIAN_POINT('',(2.278232299202E2,3.328082432728E1,3.174739407713E0));
#9311=CARTESIAN_POINT('',(2.278230603865E2,3.330584890061E1,3.198120571491E0));
#9312=(BOUNDED_SURFACE()B_SPLINE_SURFACE(3,3,((#9244,#9245,#9246,#9247,#9248,
#9249,#9250,#9251,#9252,#9253,#9254,#9255,#9256,#9257,#9258,#9259,#9260),(#9261,
#9262,#9263,#9264,#9265,#9266,#9267,#9268,#9269,#9270,#9271,#9272,#9273,#9274,
#9275,#9276,#9277),(#9278,#9279,#9280,#9281,#9282,#9283,#9284,#9285,#9286,#9287,
#9288,#9289,#9290,#9291,#9292,#9293,#9294),(#9295,#9296,#9297,#9298,#9299,#9300,
#9301,#9302,#9303,#9304,#9305,#9306,#9307,#9308,#9309,#9310,#9311)),
.UNSPECIFIED.,.F.,.F.,.F.)B_SPLINE_SURFACE_WITH_KNOTS((4,4),(4,1,1,1,1,1,1,1,1,
1,1,1,1,1,4),(0.E0,1.E0),(-1.351863694041E-1,0.E0,1.071088128470E-1,
2.050979781809E-1,2.954545979567E-1,3.811382095853E-1,4.648200009376E-1,
5.467575433266E-1,6.256964907742E-1,7.009531449973E-1,7.721479843371E-1,
8.410939796379E-1,9.147724374750E-1,1.E0,1.271667953055E0),.UNSPECIFIED.)GEOMETRIC_REPRESENTATION_ITEM()RATIONAL_B_SPLINE_SURFACE(((1.142876819270E0,
1.142876819270E0,1.142876819270E0,1.142876819270E0,1.142876819270E0,
1.142876819270E0,1.142876819270E0,1.142876819270E0,1.142876819270E0,
1.142876819270E0,1.142876819270E0,1.142876819270E0,1.142876819270E0,
1.142876819270E0,1.142876819270E0,1.142876819270E0,1.142876819270E0),(
9.523743935767E-1,9.523743935767E-1,9.523743935767E-1,9.523743935767E-1,
9.523743935767E-1,9.523743935767E-1,9.523743935767E-1,9.523743935767E-1,
9.523743935767E-1,9.523743935767E-1,9.523743935767E-1,9.523743935767E-1,
9.523743935767E-1,9.523743935767E-1,9.523743935767E-1,9.523743935767E-1,
9.523743935767E-1),(9.523743935767E-1,9.523743935767E-1,9.523743935767E-1,
9.523743935767E-1,9.523743935767E-1,9.523743935767E-1,9.523743935767E-1,
9.523743935767E-1,9.523743935767E-1,9.523743935767E-1,9.523743935767E-1,
9.523743935767E-1,9.523743935767E-1,9.523743935767E-1,9.523743935767E-1,
9.523743935767E-1,9.523743935767E-1),(1.142876819270E0,1.142876819270E0,
1.142876819270E0,1.142876819270E0,1.142876819270E0,1.142876819270E0,
1.142876819270E0,1.142876819270E0,1.142876819270E0,1.142876819270E0,
1.142876819270E0,1.142876819270E0,1.142876819270E0,1.142876819270E0,
1.142876819270E0,1.142876819270E0,1.142876819270E0)))REPRESENTATION_ITEM('')SURFACE());
#9313=ORIENTED_EDGE('',*,*,#9235,.F.);
#9314=ORIENTED_EDGE('',*,*,#9224,.F.);
#9316=ORIENTED_EDGE('',*,*,#9315,.T.);
#9318=ORIENTED_EDGE('',*,*,#9317,.T.);
#9320=ORIENTED_EDGE('',*,*,#9319,.T.);
#9321=ORIENTED_EDGE('',*,*,#7638,.F.);
#9323=ORIENTED_EDGE('',*,*,#9322,.F.);
#9324=EDGE_LOOP('',(#9313,#9314,#9316,#9318,#9320,#9321,#9323));
#9325=FACE_OUTER_BOUND('',#9324,.F.);
#9326=ADVANCED_FACE('',(#9325),#9312,.T.);
#9327=CARTESIAN_POINT('',(2.273490861219E2,3.325330587778E1,4.163962126597E0));
#9328=CARTESIAN_POINT('',(2.273492319948E2,3.324517723276E1,4.163904221692E0));
#9329=CARTESIAN_POINT('',(2.273485645207E2,3.318420501871E1,4.164174795666E0));
#9330=CARTESIAN_POINT('',(2.273226668214E2,3.307177436374E1,4.174611502232E0));
#9331=CARTESIAN_POINT('',(2.272370566498E2,3.292670155325E1,4.208709252930E0));
#9332=CARTESIAN_POINT('',(2.271223136461E2,3.279937061238E1,4.253727161856E0));
#9333=CARTESIAN_POINT('',(2.269919121314E2,3.268738197287E1,4.304250527459E0));
#9334=CARTESIAN_POINT('',(2.268821076551E2,3.260930937356E1,4.346357040992E0));
#9335=CARTESIAN_POINT('',(2.268158387040E2,3.256679395137E1,4.371619673687E0));
#9336=CARTESIAN_POINT('',(2.268001123628E2,3.255693284314E1,4.377607212743E0));
#9337=CARTESIAN_POINT('',(2.275248383395E2,3.325501059421E1,4.003831128517E0));
#9338=CARTESIAN_POINT('',(2.275250141729E2,3.324500016858E1,4.003782405749E0));
#9339=CARTESIAN_POINT('',(2.275242229338E2,3.316990462117E1,4.003997262834E0));
#9340=CARTESIAN_POINT('',(2.274931127963E2,3.303178150974E1,4.012477742697E0));
#9341=CARTESIAN_POINT('',(2.273921273072E2,3.285987160619E1,4.040513915400E0));
#9342=CARTESIAN_POINT('',(2.272598173766E2,3.271579499923E1,4.078200288840E0));
#9343=CARTESIAN_POINT('',(2.271123330561E2,3.259431251910E1,4.121234299503E0));
#9344=CARTESIAN_POINT('',(2.269901366759E2,3.251278595515E1,4.157687513096E0));
#9345=CARTESIAN_POINT('',(2.269170747105E2,3.246936763258E1,4.179791012286E0));
#9346=CARTESIAN_POINT('',(2.268997714684E2,3.245934936440E1,4.185041966133E0));
#9347=CARTESIAN_POINT('',(2.277349711120E2,3.325704958426E1,3.892593611218E0));
#9348=CARTESIAN_POINT('',(2.277351775297E2,3.324478900549E1,3.892556233072E0));
#9349=CARTESIAN_POINT('',(2.277342594072E2,3.315280690168E1,3.892705673355E0));
#9350=CARTESIAN_POINT('',(2.276978236201E2,3.298390005555E1,3.898849681518E0));
#9351=CARTESIAN_POINT('',(2.275810538534E2,3.277865586275E1,3.919571563690E0));
#9352=CARTESIAN_POINT('',(2.274305616850E2,3.261220887583E1,3.948251283099E0));
#9353=CARTESIAN_POINT('',(2.272652166006E2,3.247634545005E1,3.981892618503E0));
#9354=CARTESIAN_POINT('',(2.271299063108E2,3.238799409206E1,4.011087701203E0));
#9355=CARTESIAN_POINT('',(2.270495869611E2,3.234184842965E1,4.029061865106E0));
#9356=CARTESIAN_POINT('',(2.270305950579E2,3.233125043538E1,4.033345900168E0));
#9357=CARTESIAN_POINT('',(2.279662053406E2,3.325929399630E1,3.837279101635E0));
#9358=CARTESIAN_POINT('',(2.279664410338E2,3.324455708767E1,3.837254513686E0));
#9359=CARTESIAN_POINT('',(2.279654009274E2,3.313399233093E1,3.837332971194E0));
#9360=CARTESIAN_POINT('',(2.279238628278E2,3.293115581459E1,3.840907913301E0));
#9361=CARTESIAN_POINT('',(2.277918972926E2,3.268818665842E1,3.853525010582E0));
#9362=CARTESIAN_POINT('',(2.276237565810E2,3.249515824806E1,3.872092122556E0));
#9363=CARTESIAN_POINT('',(2.274409014652E2,3.234093555894E1,3.895031021688E0));
#9364=CARTESIAN_POINT('',(2.272925839785E2,3.224281986251E1,3.915821811774E0));
#9365=CARTESIAN_POINT('',(2.272050014967E2,3.219229477188E1,3.928957387200E0));
#9366=CARTESIAN_POINT('',(2.271843158851E2,3.218073112056E1,3.932105273224E0));
#9367=(BOUNDED_SURFACE()B_SPLINE_SURFACE(3,3,((#9327,#9328,#9329,#9330,#9331,
#9332,#9333,#9334,#9335,#9336),(#9337,#9338,#9339,#9340,#9341,#9342,#9343,#9344,
#9345,#9346),(#9347,#9348,#9349,#9350,#9351,#9352,#9353,#9354,#9355,#9356),(
#9357,#9358,#9359,#9360,#9361,#9362,#9363,#9364,#9365,#9366)),.UNSPECIFIED.,.F.,
.F.,.F.)B_SPLINE_SURFACE_WITH_KNOTS((4,4),(4,1,1,1,1,1,1,4),(0.E0,1.E0),(
9.101581049379E-1,9.126603790907E-1,9.289254387673E-1,9.448394771627E-1,
9.591764169834E-1,9.722503294789E-1,9.854881136879E-1,9.895437103075E-1),
.UNSPECIFIED.)GEOMETRIC_REPRESENTATION_ITEM()RATIONAL_B_SPLINE_SURFACE(((
1.016052060266E0,1.016052060266E0,1.016052060266E0,1.016052060266E0,
1.016052060266E0,1.016052060266E0,1.016052060266E0,1.016052060266E0,
1.016052060266E0,1.016052060266E0),(9.946493132447E-1,9.946493132447E-1,
9.946493132447E-1,9.946493132447E-1,9.946493132447E-1,9.946493132447E-1,
9.946493132447E-1,9.946493132447E-1,9.946493132447E-1,9.946493132447E-1),(
9.946493132447E-1,9.946493132447E-1,9.946493132447E-1,9.946493132447E-1,
9.946493132447E-1,9.946493132447E-1,9.946493132447E-1,9.946493132447E-1,
9.946493132447E-1,9.946493132447E-1),(1.016052060266E0,1.016052060266E0,
1.016052060266E0,1.016052060266E0,1.016052060266E0,1.016052060266E0,
1.016052060266E0,1.016052060266E0,1.016052060266E0,1.016052060266E0)))REPRESENTATION_ITEM('')SURFACE());
#9368=ORIENTED_EDGE('',*,*,#9315,.F.);
#9369=ORIENTED_EDGE('',*,*,#9167,.F.);
#9371=ORIENTED_EDGE('',*,*,#9370,.F.);
#9372=EDGE_LOOP('',(#9368,#9369,#9371));
#9373=FACE_OUTER_BOUND('',#9372,.F.);
#9374=ADVANCED_FACE('',(#9373),#9367,.F.);
#9375=CARTESIAN_POINT('',(2.367385143532E2,3.324592890162E1,1.623816210994E1));
#9376=DIRECTION('',(0.E0,1.E0,0.E0));
#9377=DIRECTION('',(-9.663444414419E-1,0.E0,-2.572516676222E-1));
#9378=AXIS2_PLACEMENT_3D('',#9375,#9376,#9377);
#9379=TOROIDAL_SURFACE('',#9378,1.669999999901E1,1.4E0);
#9380=ORIENTED_EDGE('',*,*,#9317,.F.);
#9381=ORIENTED_EDGE('',*,*,#9370,.T.);
#9382=ORIENTED_EDGE('',*,*,#9165,.T.);
#9383=ORIENTED_EDGE('',*,*,#9023,.F.);
#9384=ORIENTED_EDGE('',*,*,#8872,.F.);
#9385=ORIENTED_EDGE('',*,*,#7325,.T.);
#9386=EDGE_LOOP('',(#9380,#9381,#9382,#9383,#9384,#9385));
#9387=FACE_OUTER_BOUND('',#9386,.F.);
#9388=ADVANCED_FACE('',(#9387),#9379,.T.);
#9389=CARTESIAN_POINT('',(2.268304467814E2,3.186676074665E1,3.295202750032E0));
#9390=DIRECTION('',(0.E0,1.E0,0.E0));
#9391=DIRECTION('',(6.078569062470E-1,0.E0,7.940465864972E-1));
#9392=AXIS2_PLACEMENT_3D('',#9389,#9390,#9391);
#9393=CYLINDRICAL_SURFACE('',#9392,1.E0);
#9395=ORIENTED_EDGE('',*,*,#9394,.F.);
#9397=ORIENTED_EDGE('',*,*,#9396,.F.);
#9398=ORIENTED_EDGE('',*,*,#7672,.F.);
#9400=ORIENTED_EDGE('',*,*,#9399,.F.);
#9402=ORIENTED_EDGE('',*,*,#9401,.F.);
#9404=ORIENTED_EDGE('',*,*,#9403,.F.);
#9405=ORIENTED_EDGE('',*,*,#7640,.F.);
#9406=ORIENTED_EDGE('',*,*,#9319,.F.);
#9407=ORIENTED_EDGE('',*,*,#7323,.T.);
#9408=ORIENTED_EDGE('',*,*,#7381,.T.);
#9409=ORIENTED_EDGE('',*,*,#7652,.F.);
#9411=ORIENTED_EDGE('',*,*,#9410,.F.);
#9412=EDGE_LOOP('',(#9395,#9397,#9398,#9400,#9402,#9404,#9405,#9406,#9407,#9408,
#9409,#9411));
#9413=FACE_OUTER_BOUND('',#9412,.F.);
#9414=ADVANCED_FACE('',(#9413),#9393,.T.);
#9415=CARTESIAN_POINT('',(4.096608935627E2,3.074948877711E1,3.798856175288E0));
#9416=DIRECTION('',(0.E0,0.E0,1.E0));
#9417=DIRECTION('',(0.E0,1.E0,0.E0));
#9418=AXIS2_PLACEMENT_3D('',#9415,#9416,#9417);
#9419=PLANE('',#9418);
#9420=ORIENTED_EDGE('',*,*,#9394,.T.);
#9422=ORIENTED_EDGE('',*,*,#9421,.T.);
#9424=ORIENTED_EDGE('',*,*,#9423,.T.);
#9425=EDGE_LOOP('',(#9420,#9422,#9424));
#9426=FACE_OUTER_BOUND('',#9425,.F.);
#9427=ADVANCED_FACE('',(#9426),#9419,.F.);
#9428=CARTESIAN_POINT('',(2.265033549070E2,4.548783797961E1,3.798856175288E0));
#9429=DIRECTION('',(0.E0,0.E0,1.E0));
#9430=DIRECTION('',(0.E0,1.E0,0.E0));
#9431=AXIS2_PLACEMENT_3D('',#9428,#9429,#9430);
#9432=CYLINDRICAL_SURFACE('',#9431,1.360165174201E0);
#9433=ORIENTED_EDGE('',*,*,#4915,.F.);
#9435=ORIENTED_EDGE('',*,*,#9434,.F.);
#9436=ORIENTED_EDGE('',*,*,#9421,.F.);
#9437=ORIENTED_EDGE('',*,*,#9410,.T.);
#9438=ORIENTED_EDGE('',*,*,#7650,.F.);
#9439=EDGE_LOOP('',(#9433,#9435,#9436,#9437,#9438));
#9440=FACE_OUTER_BOUND('',#9439,.F.);
#9441=ADVANCED_FACE('',(#9440),#9432,.T.);
#9442=CARTESIAN_POINT('',(2.265033549070E2,4.297728042859E1,3.798856175288E0));
#9443=DIRECTION('',(0.E0,0.E0,1.E0));
#9444=DIRECTION('',(0.E0,1.E0,0.E0));
#9445=AXIS2_PLACEMENT_3D('',#9442,#9443,#9444);
#9446=CYLINDRICAL_SURFACE('',#9445,1.360165174201E0);
#9447=ORIENTED_EDGE('',*,*,#4913,.F.);
#9448=ORIENTED_EDGE('',*,*,#7667,.T.);
#9449=ORIENTED_EDGE('',*,*,#9396,.T.);
#9450=ORIENTED_EDGE('',*,*,#9423,.F.);
#9451=ORIENTED_EDGE('',*,*,#9434,.T.);
#9452=EDGE_LOOP('',(#9447,#9448,#9449,#9450,#9451));
#9453=FACE_OUTER_BOUND('',#9452,.F.);
#9454=ADVANCED_FACE('',(#9453),#9446,.T.);
#9455=CARTESIAN_POINT('',(2.265033549070E2,3.950760065458E1,3.798856175288E0));
#9456=DIRECTION('',(0.E0,0.E0,1.E0));
#9457=DIRECTION('',(0.E0,1.E0,0.E0));
#9458=AXIS2_PLACEMENT_3D('',#9455,#9456,#9457);
#9459=CYLINDRICAL_SURFACE('',#9458,1.360165174201E0);
#9460=ORIENTED_EDGE('',*,*,#4909,.F.);
#9462=ORIENTED_EDGE('',*,*,#9461,.F.);
#9464=ORIENTED_EDGE('',*,*,#9463,.F.);
#9465=ORIENTED_EDGE('',*,*,#9399,.T.);
#9466=ORIENTED_EDGE('',*,*,#7670,.F.);
#9467=EDGE_LOOP('',(#9460,#9462,#9464,#9465,#9466));
#9468=FACE_OUTER_BOUND('',#9467,.F.);
#9469=ADVANCED_FACE('',(#9468),#9459,.T.);
#9470=CARTESIAN_POINT('',(2.265033549070E2,3.699704310356E1,3.798856175288E0));
#9471=DIRECTION('',(0.E0,0.E0,1.E0));
#9472=DIRECTION('',(0.E0,1.E0,0.E0));
#9473=AXIS2_PLACEMENT_3D('',#9470,#9471,#9472);
#9474=CYLINDRICAL_SURFACE('',#9473,1.360165174201E0);
#9475=ORIENTED_EDGE('',*,*,#4907,.F.);
#9476=ORIENTED_EDGE('',*,*,#7633,.T.);
#9477=ORIENTED_EDGE('',*,*,#9403,.T.);
#9479=ORIENTED_EDGE('',*,*,#9478,.F.);
#9480=ORIENTED_EDGE('',*,*,#9461,.T.);
#9481=EDGE_LOOP('',(#9475,#9476,#9477,#9479,#9480));
#9482=FACE_OUTER_BOUND('',#9481,.F.);
#9483=ADVANCED_FACE('',(#9482),#9474,.T.);
#9484=CARTESIAN_POINT('',(4.096608935627E2,2.476925145208E1,3.798856175288E0));
#9485=DIRECTION('',(0.E0,0.E0,1.E0));
#9486=DIRECTION('',(0.E0,1.E0,0.E0));
#9487=AXIS2_PLACEMENT_3D('',#9484,#9485,#9486);
#9488=PLANE('',#9487);
#9489=ORIENTED_EDGE('',*,*,#9401,.T.);
#9490=ORIENTED_EDGE('',*,*,#9463,.T.);
#9491=ORIENTED_EDGE('',*,*,#9478,.T.);
#9492=EDGE_LOOP('',(#9489,#9490,#9491));
#9493=FACE_OUTER_BOUND('',#9492,.F.);
#9494=ADVANCED_FACE('',(#9493),#9488,.F.);
#9495=CARTESIAN_POINT('',(2.265033549070E2,3.352736332954E1,3.798856175288E0));
#9496=DIRECTION('',(0.E0,0.E0,1.E0));
#9497=DIRECTION('',(0.E0,1.E0,0.E0));
#9498=AXIS2_PLACEMENT_3D('',#9495,#9496,#9497);
#9499=CYLINDRICAL_SURFACE('',#9498,1.360165174201E0);
#9500=ORIENTED_EDGE('',*,*,#4903,.F.);
#9502=ORIENTED_EDGE('',*,*,#9501,.F.);
#9503=ORIENTED_EDGE('',*,*,#9237,.F.);
#9504=ORIENTED_EDGE('',*,*,#9322,.T.);
#9505=ORIENTED_EDGE('',*,*,#7636,.F.);
#9506=EDGE_LOOP('',(#9500,#9502,#9503,#9504,#9505));
#9507=FACE_OUTER_BOUND('',#9506,.F.);
#9508=ADVANCED_FACE('',(#9507),#9499,.T.);
#9509=CARTESIAN_POINT('',(2.265033549070E2,3.101680577853E1,3.798856175288E0));
#9510=DIRECTION('',(0.E0,0.E0,1.E0));
#9511=DIRECTION('',(0.E0,1.E0,0.E0));
#9512=AXIS2_PLACEMENT_3D('',#9509,#9510,#9511);
#9513=CYLINDRICAL_SURFACE('',#9512,1.360165174201E0);
#9514=ORIENTED_EDGE('',*,*,#4901,.F.);
#9515=ORIENTED_EDGE('',*,*,#7616,.T.);
#9516=ORIENTED_EDGE('',*,*,#9219,.T.);
#9517=ORIENTED_EDGE('',*,*,#9239,.F.);
#9518=ORIENTED_EDGE('',*,*,#9501,.T.);
#9519=EDGE_LOOP('',(#9514,#9515,#9516,#9517,#9518));
#9520=FACE_OUTER_BOUND('',#9519,.F.);
#9521=ADVANCED_FACE('',(#9520),#9513,.T.);
#9522=CARTESIAN_POINT('',(1.830804467814E2,-5.770407109838E1,4.211978138971E1));
#9523=DIRECTION('',(0.E0,0.E0,-1.E0));
#9524=DIRECTION('',(0.E0,-1.E0,0.E0));
#9525=AXIS2_PLACEMENT_3D('',#9522,#9523,#9524);
#9526=CYLINDRICAL_SURFACE('',#9525,1.25E0);
#9527=ORIENTED_EDGE('',*,*,#4815,.T.);
#9528=ORIENTED_EDGE('',*,*,#5474,.F.);
#9529=ORIENTED_EDGE('',*,*,#5029,.T.);
#9530=ORIENTED_EDGE('',*,*,#8223,.T.);
#9531=EDGE_LOOP('',(#9527,#9528,#9529,#9530));
#9532=FACE_OUTER_BOUND('',#9531,.F.);
#9533=ADVANCED_FACE('',(#9532),#9526,.T.);
#9534=CARTESIAN_POINT('',(1.895804467814E2,-5.770407109838E1,4.211978138971E1));
#9535=DIRECTION('',(0.E0,0.E0,-1.E0));
#9536=DIRECTION('',(0.E0,-1.E0,0.E0));
#9537=AXIS2_PLACEMENT_3D('',#9534,#9535,#9536);
#9538=CYLINDRICAL_SURFACE('',#9537,1.25E0);
#9540=ORIENTED_EDGE('',*,*,#9539,.T.);
#9541=ORIENTED_EDGE('',*,*,#8226,.T.);
#9542=ORIENTED_EDGE('',*,*,#5025,.T.);
#9543=ORIENTED_EDGE('',*,*,#5053,.F.);
#9544=EDGE_LOOP('',(#9540,#9541,#9542,#9543));
#9545=FACE_OUTER_BOUND('',#9544,.F.);
#9546=ADVANCED_FACE('',(#9545),#9538,.T.);
#9547=CARTESIAN_POINT('',(1.892979215718E2,-5.764172818426E1,3.809514169954E0));
#9548=CARTESIAN_POINT('',(1.892948866648E2,-5.766151692491E1,3.809034974366E0));
#9549=CARTESIAN_POINT('',(1.892923124643E2,-5.769824938856E1,3.808558595351E0));
#9550=CARTESIAN_POINT('',(1.892949826349E2,-5.775068480308E1,3.809048784737E0));
#9551=CARTESIAN_POINT('',(1.893018864582E2,-5.779407233093E1,3.810323366875E0));
#9552=CARTESIAN_POINT('',(1.893124878337E2,-5.783085818703E1,3.812315175430E0));
#9553=CARTESIAN_POINT('',(1.893254087491E2,-5.785886978599E1,3.814797125168E0));
#9554=CARTESIAN_POINT('',(1.893395834686E2,-5.787846657466E1,3.817587209252E0));
#9555=CARTESIAN_POINT('',(1.893553149870E2,-5.789106394355E1,3.820765020256E0));
#9556=CARTESIAN_POINT('',(1.893779618786E2,-5.789709497043E1,3.825494457787E0));
#9557=CARTESIAN_POINT('',(1.893954719643E2,-5.788855492855E1,3.829327424143E0));
#9558=CARTESIAN_POINT('',(1.894057807340E2,-5.787710814559E1,3.831932295821E0));
#9559=CARTESIAN_POINT('',(1.886645627920E2,-5.741989279208E1,3.784300689782E0));
#9560=CARTESIAN_POINT('',(1.886352058640E2,-5.751013009799E1,3.783837996026E0));
#9561=CARTESIAN_POINT('',(1.886102149405E2,-5.767753460080E1,3.783798226754E0));
#9562=CARTESIAN_POINT('',(1.886360614307E2,-5.791652340582E1,3.783873510151E0));
#9563=CARTESIAN_POINT('',(1.887028344468E2,-5.811430161675E1,3.784939303590E0));
#9564=CARTESIAN_POINT('',(1.888052581725E2,-5.828182335981E1,3.788988442772E0));
#9565=CARTESIAN_POINT('',(1.889292096376E2,-5.840883904249E1,3.797861290184E0));
#9566=CARTESIAN_POINT('',(1.890631726293E2,-5.849693223453E1,3.812206040001E0));
#9567=CARTESIAN_POINT('',(1.892085670261E2,-5.855281016457E1,3.833262356117E0));
#9568=CARTESIAN_POINT('',(1.894115611326E2,-5.857896612596E1,3.871468540140E0));
#9569=CARTESIAN_POINT('',(1.895609157179E2,-5.854191630008E1,3.910405208945E0));
#9570=CARTESIAN_POINT('',(1.896455372325E2,-5.849314313098E1,3.936129645021E0));
#9571=CARTESIAN_POINT('',(1.882830641793E2,-5.726753313324E1,3.251982904685E0));
#9572=CARTESIAN_POINT('',(1.882333956227E2,-5.740615550189E1,3.251333389696E0));
#9573=CARTESIAN_POINT('',(1.881911109556E2,-5.766330739402E1,3.251412055929E0));
#9574=CARTESIAN_POINT('',(1.882348408189E2,-5.803042368424E1,3.251390342152E0));
#9575=CARTESIAN_POINT('',(1.883478128420E2,-5.833423958182E1,3.252833691884E0));
#9576=CARTESIAN_POINT('',(1.885210980711E2,-5.859155256577E1,3.259198180678E0));
#9577=CARTESIAN_POINT('',(1.887307767136E2,-5.878656564179E1,3.273726467461E0));
#9578=CARTESIAN_POINT('',(1.889573260873E2,-5.892170312440E1,3.297592179523E0));
#9579=CARTESIAN_POINT('',(1.892031001889E2,-5.900730675089E1,3.332907694245E0));
#9580=CARTESIAN_POINT('',(1.895460294854E2,-5.904728479958E1,3.397307216699E0));
#9581=CARTESIAN_POINT('',(1.897980806405E2,-5.899065405416E1,3.463243022399E0));
#9582=CARTESIAN_POINT('',(1.899407682380E2,-5.891624459952E1,3.506782664913E0));
#9583=CARTESIAN_POINT('',(1.884275792020E2,-5.729413827934E1,2.595096326555E0));
#9584=CARTESIAN_POINT('',(1.883782058018E2,-5.742431161580E1,2.594190921201E0));
#9585=CARTESIAN_POINT('',(1.883361780427E2,-5.766579175844E1,2.593984738289E0));
#9586=CARTESIAN_POINT('',(1.883796469393E2,-5.801053434102E1,2.594253640497E0));
#9587=CARTESIAN_POINT('',(1.884919481399E2,-5.829583386643E1,2.596389571085E0));
#9588=CARTESIAN_POINT('',(1.886642113583E2,-5.853746744350E1,2.603663566263E0));
#9589=CARTESIAN_POINT('',(1.888727083315E2,-5.872060676896E1,2.619047708406E0));
#9590=CARTESIAN_POINT('',(1.890981075442E2,-5.884752934591E1,2.643558701994E0));
#9591=CARTESIAN_POINT('',(1.893428430674E2,-5.892794225129E1,2.679267128550E0));
#9592=CARTESIAN_POINT('',(1.896847349597E2,-5.896550667780E1,2.743753460289E0));
#9593=CARTESIAN_POINT('',(1.899365346938E2,-5.891229516572E1,2.809181651379E0));
#9594=CARTESIAN_POINT('',(1.900793141215E2,-5.884236233650E1,2.852429735037E0));
#9595=(BOUNDED_SURFACE()B_SPLINE_SURFACE(3,3,((#9547,#9548,#9549,#9550,#9551,
#9552,#9553,#9554,#9555,#9556,#9557,#9558),(#9559,#9560,#9561,#9562,#9563,#9564,
#9565,#9566,#9567,#9568,#9569,#9570),(#9571,#9572,#9573,#9574,#9575,#9576,#9577,
#9578,#9579,#9580,#9581,#9582),(#9583,#9584,#9585,#9586,#9587,#9588,#9589,#9590,
#9591,#9592,#9593,#9594)),.UNSPECIFIED.,.F.,.F.,.F.)B_SPLINE_SURFACE_WITH_KNOTS(
(4,4),(4,1,1,1,1,1,1,1,1,4),(0.E0,1.E0),(-2.162025942542E-1,0.E0,
1.578568738538E-1,3.137839919150E-1,4.667528258346E-1,6.069704813354E-1,
7.329040504681E-1,8.585107220604E-1,1.E0,1.262812743971E0),.UNSPECIFIED.)GEOMETRIC_REPRESENTATION_ITEM()RATIONAL_B_SPLINE_SURFACE(((1.219000234295E0,
1.219000234295E0,1.219000234295E0,1.219000234295E0,1.219000234295E0,
1.219000234295E0,1.219000234295E0,1.219000234295E0,1.219000234295E0,
1.219000234295E0,1.219000234295E0,1.219000234295E0),(9.269999219016E-1,
9.269999219016E-1,9.269999219016E-1,9.269999219016E-1,9.269999219016E-1,
9.269999219016E-1,9.269999219016E-1,9.269999219016E-1,9.269999219016E-1,
9.269999219016E-1,9.269999219016E-1,9.269999219016E-1),(9.269999219016E-1,
9.269999219016E-1,9.269999219016E-1,9.269999219016E-1,9.269999219016E-1,
9.269999219016E-1,9.269999219016E-1,9.269999219016E-1,9.269999219016E-1,
9.269999219016E-1,9.269999219016E-1,9.269999219016E-1),(1.219000234295E0,
1.219000234295E0,1.219000234295E0,1.219000234295E0,1.219000234295E0,
1.219000234295E0,1.219000234295E0,1.219000234295E0,1.219000234295E0,
1.219000234295E0,1.219000234295E0,1.219000234295E0)))REPRESENTATION_ITEM('')SURFACE());
#9596=ORIENTED_EDGE('',*,*,#5083,.T.);
#9597=ORIENTED_EDGE('',*,*,#5113,.T.);
#9598=ORIENTED_EDGE('',*,*,#9539,.F.);
#9599=ORIENTED_EDGE('',*,*,#5068,.F.);
#9600=EDGE_LOOP('',(#9596,#9597,#9598,#9599));
#9601=FACE_OUTER_BOUND('',#9600,.F.);
#9602=ADVANCED_FACE('',(#9601),#9595,.T.);
#9603=CARTESIAN_POINT('',(2.249651288822E2,-5.612702888721E1,1.998856175288E0));
#9604=DIRECTION('',(0.E0,0.E0,-1.E0));
#9605=DIRECTION('',(0.E0,-1.E0,0.E0));
#9606=AXIS2_PLACEMENT_3D('',#9603,#9604,#9605);
#9607=CYLINDRICAL_SURFACE('',#9606,1.689133695277E0);
#9609=ORIENTED_EDGE('',*,*,#9608,.F.);
#9610=ORIENTED_EDGE('',*,*,#8191,.T.);
#9612=ORIENTED_EDGE('',*,*,#9611,.T.);
#9613=ORIENTED_EDGE('',*,*,#4935,.F.);
#9614=EDGE_LOOP('',(#9609,#9610,#9612,#9613));
#9615=FACE_OUTER_BOUND('',#9614,.F.);
#9616=ADVANCED_FACE('',(#9615),#9607,.F.);
#9617=CARTESIAN_POINT('',(2.249651288822E2,-5.612702888721E1,1.998856175288E0));
#9618=DIRECTION('',(0.E0,0.E0,-1.E0));
#9619=DIRECTION('',(0.E0,-1.E0,0.E0));
#9620=AXIS2_PLACEMENT_3D('',#9617,#9618,#9619);
#9621=CYLINDRICAL_SURFACE('',#9620,1.689133695277E0);
#9622=ORIENTED_EDGE('',*,*,#9608,.T.);
#9623=ORIENTED_EDGE('',*,*,#4937,.F.);
#9624=ORIENTED_EDGE('',*,*,#9611,.F.);
#9625=ORIENTED_EDGE('',*,*,#8193,.T.);
#9626=EDGE_LOOP('',(#9622,#9623,#9624,#9625));
#9627=FACE_OUTER_BOUND('',#9626,.F.);
#9628=ADVANCED_FACE('',(#9627),#9621,.F.);
#9629=CARTESIAN_POINT('',(2.265804467814E2,5.559592890162E1,4.211978138971E1));
#9630=DIRECTION('',(0.E0,0.E0,-1.E0));
#9631=DIRECTION('',(0.E0,1.E0,0.E0));
#9632=AXIS2_PLACEMENT_3D('',#9629,#9630,#9631);
#9633=CYLINDRICAL_SURFACE('',#9632,1.25E0);
#9634=ORIENTED_EDGE('',*,*,#4919,.T.);
#9635=ORIENTED_EDGE('',*,*,#7656,.F.);
#9636=ORIENTED_EDGE('',*,*,#6955,.T.);
#9637=ORIENTED_EDGE('',*,*,#6025,.T.);
#9638=EDGE_LOOP('',(#9634,#9635,#9636,#9637));
#9639=FACE_OUTER_BOUND('',#9638,.F.);
#9640=ADVANCED_FACE('',(#9639),#9633,.T.);
#9641=CARTESIAN_POINT('',(2.249651288822E2,5.401888669046E1,1.998856175288E0));
#9642=DIRECTION('',(0.E0,0.E0,1.E0));
#9643=DIRECTION('',(0.E0,1.E0,0.E0));
#9644=AXIS2_PLACEMENT_3D('',#9641,#9642,#9643);
#9645=CYLINDRICAL_SURFACE('',#9644,1.689133695277E0);
#9647=ORIENTED_EDGE('',*,*,#9646,.T.);
#9648=ORIENTED_EDGE('',*,*,#4941,.T.);
#9650=ORIENTED_EDGE('',*,*,#9649,.F.);
#9651=ORIENTED_EDGE('',*,*,#6967,.F.);
#9652=EDGE_LOOP('',(#9647,#9648,#9650,#9651));
#9653=FACE_OUTER_BOUND('',#9652,.F.);
#9654=ADVANCED_FACE('',(#9653),#9645,.F.);
#9655=CARTESIAN_POINT('',(2.249651288822E2,5.401888669046E1,1.998856175288E0));
#9656=DIRECTION('',(0.E0,0.E0,1.E0));
#9657=DIRECTION('',(0.E0,1.E0,0.E0));
#9658=AXIS2_PLACEMENT_3D('',#9655,#9656,#9657);
#9659=CYLINDRICAL_SURFACE('',#9658,1.689133695277E0);
#9660=ORIENTED_EDGE('',*,*,#9646,.F.);
#9661=ORIENTED_EDGE('',*,*,#6969,.F.);
#9662=ORIENTED_EDGE('',*,*,#9649,.T.);
#9663=ORIENTED_EDGE('',*,*,#4943,.T.);
#9664=EDGE_LOOP('',(#9660,#9661,#9662,#9663));
#9665=FACE_OUTER_BOUND('',#9664,.F.);
#9666=ADVANCED_FACE('',(#9665),#9659,.F.);
#9667=CARTESIAN_POINT('',(1.830804467814E2,5.559592890162E1,4.211978138971E1));
#9668=DIRECTION('',(0.E0,0.E0,-1.E0));
#9669=DIRECTION('',(-1.E0,0.E0,0.E0));
#9670=AXIS2_PLACEMENT_3D('',#9667,#9668,#9669);
#9671=CYLINDRICAL_SURFACE('',#9670,1.25E0);
#9672=ORIENTED_EDGE('',*,*,#4923,.T.);
#9673=ORIENTED_EDGE('',*,*,#6022,.F.);
#9674=ORIENTED_EDGE('',*,*,#5916,.T.);
#9675=ORIENTED_EDGE('',*,*,#5698,.T.);
#9676=EDGE_LOOP('',(#9672,#9673,#9674,#9675));
#9677=FACE_OUTER_BOUND('',#9676,.F.);
#9678=ADVANCED_FACE('',(#9677),#9671,.T.);
#9679=CARTESIAN_POINT('',(1.846957646805E2,5.401888669046E1,1.998856175288E0));
#9680=DIRECTION('',(0.E0,0.E0,-1.E0));
#9681=DIRECTION('',(0.E0,1.E0,0.E0));
#9682=AXIS2_PLACEMENT_3D('',#9679,#9680,#9681);
#9683=CYLINDRICAL_SURFACE('',#9682,1.689133695277E0);
#9685=ORIENTED_EDGE('',*,*,#9684,.F.);
#9686=ORIENTED_EDGE('',*,*,#5928,.T.);
#9688=ORIENTED_EDGE('',*,*,#9687,.T.);
#9689=ORIENTED_EDGE('',*,*,#4929,.F.);
#9690=EDGE_LOOP('',(#9685,#9686,#9688,#9689));
#9691=FACE_OUTER_BOUND('',#9690,.F.);
#9692=ADVANCED_FACE('',(#9691),#9683,.F.);
#9693=CARTESIAN_POINT('',(1.846957646805E2,5.401888669046E1,1.998856175288E0));
#9694=DIRECTION('',(0.E0,0.E0,-1.E0));
#9695=DIRECTION('',(0.E0,1.E0,0.E0));
#9696=AXIS2_PLACEMENT_3D('',#9693,#9694,#9695);
#9697=CYLINDRICAL_SURFACE('',#9696,1.689133695277E0);
#9698=ORIENTED_EDGE('',*,*,#9684,.T.);
#9699=ORIENTED_EDGE('',*,*,#4931,.F.);
#9700=ORIENTED_EDGE('',*,*,#9687,.F.);
#9701=ORIENTED_EDGE('',*,*,#5930,.T.);
#9702=EDGE_LOOP('',(#9698,#9699,#9700,#9701));
#9703=FACE_OUTER_BOUND('',#9702,.F.);
#9704=ADVANCED_FACE('',(#9703),#9697,.F.);
#9705=CARTESIAN_POINT('',(1.831575386557E2,-4.074604212186E1,3.798856175288E0));
#9706=DIRECTION('',(0.E0,0.E0,-1.E0));
#9707=DIRECTION('',(0.E0,1.E0,0.E0));
#9708=AXIS2_PLACEMENT_3D('',#9705,#9706,#9707);
#9709=CYLINDRICAL_SURFACE('',#9708,1.360165174201E0);
#9711=ORIENTED_EDGE('',*,*,#9710,.F.);
#9712=ORIENTED_EDGE('',*,*,#5767,.T.);
#9713=ORIENTED_EDGE('',*,*,#5485,.T.);
#9714=ORIENTED_EDGE('',*,*,#4805,.T.);
#9715=EDGE_LOOP('',(#9711,#9712,#9713,#9714));
#9716=FACE_OUTER_BOUND('',#9715,.F.);
#9717=ADVANCED_FACE('',(#9716),#9709,.T.);
#9718=CARTESIAN_POINT('',(1.831575386557E2,-3.823548457085E1,3.798856175288E0));
#9719=DIRECTION('',(0.E0,0.E0,-1.E0));
#9720=DIRECTION('',(0.E0,1.E0,0.E0));
#9721=AXIS2_PLACEMENT_3D('',#9718,#9719,#9720);
#9722=CYLINDRICAL_SURFACE('',#9721,1.360165174201E0);
#9723=ORIENTED_EDGE('',*,*,#9710,.T.);
#9724=ORIENTED_EDGE('',*,*,#4803,.T.);
#9725=ORIENTED_EDGE('',*,*,#5504,.F.);
#9726=ORIENTED_EDGE('',*,*,#5769,.T.);
#9727=EDGE_LOOP('',(#9723,#9724,#9725,#9726));
#9728=FACE_OUTER_BOUND('',#9727,.F.);
#9729=ADVANCED_FACE('',(#9728),#9722,.T.);
#9730=CARTESIAN_POINT('',(1.831575386557E2,-3.476580479683E1,3.798856175288E0));
#9731=DIRECTION('',(0.E0,0.E0,-1.E0));
#9732=DIRECTION('',(0.E0,1.E0,0.E0));
#9733=AXIS2_PLACEMENT_3D('',#9730,#9731,#9732);
#9734=CYLINDRICAL_SURFACE('',#9733,1.360165174201E0);
#9736=ORIENTED_EDGE('',*,*,#9735,.F.);
#9737=ORIENTED_EDGE('',*,*,#5772,.T.);
#9738=ORIENTED_EDGE('',*,*,#5500,.T.);
#9739=ORIENTED_EDGE('',*,*,#4799,.T.);
#9740=EDGE_LOOP('',(#9736,#9737,#9738,#9739));
#9741=FACE_OUTER_BOUND('',#9740,.F.);
#9742=ADVANCED_FACE('',(#9741),#9734,.T.);
#9743=CARTESIAN_POINT('',(1.831575386557E2,-3.225524724581E1,3.798856175288E0));
#9744=DIRECTION('',(0.E0,0.E0,-1.E0));
#9745=DIRECTION('',(0.E0,1.E0,0.E0));
#9746=AXIS2_PLACEMENT_3D('',#9743,#9744,#9745);
#9747=CYLINDRICAL_SURFACE('',#9746,1.360165174201E0);
#9748=ORIENTED_EDGE('',*,*,#9735,.T.);
#9749=ORIENTED_EDGE('',*,*,#4797,.T.);
#9750=ORIENTED_EDGE('',*,*,#5519,.F.);
#9751=ORIENTED_EDGE('',*,*,#5774,.T.);
#9752=EDGE_LOOP('',(#9748,#9749,#9750,#9751));
#9753=FACE_OUTER_BOUND('',#9752,.F.);
#9754=ADVANCED_FACE('',(#9753),#9747,.T.);
#9755=CARTESIAN_POINT('',(1.831575386557E2,-2.878556747180E1,3.798856175288E0));
#9756=DIRECTION('',(0.E0,0.E0,-1.E0));
#9757=DIRECTION('',(0.E0,1.E0,0.E0));
#9758=AXIS2_PLACEMENT_3D('',#9755,#9756,#9757);
#9759=CYLINDRICAL_SURFACE('',#9758,1.360165174201E0);
#9761=ORIENTED_EDGE('',*,*,#9760,.F.);
#9762=ORIENTED_EDGE('',*,*,#5777,.T.);
#9763=ORIENTED_EDGE('',*,*,#5515,.T.);
#9764=ORIENTED_EDGE('',*,*,#4793,.T.);
#9765=EDGE_LOOP('',(#9761,#9762,#9763,#9764));
#9766=FACE_OUTER_BOUND('',#9765,.F.);
#9767=ADVANCED_FACE('',(#9766),#9759,.T.);
#9768=CARTESIAN_POINT('',(1.831575386557E2,-2.627500992078E1,3.798856175288E0));
#9769=DIRECTION('',(0.E0,0.E0,-1.E0));
#9770=DIRECTION('',(0.E0,1.E0,0.E0));
#9771=AXIS2_PLACEMENT_3D('',#9768,#9769,#9770);
#9772=CYLINDRICAL_SURFACE('',#9771,1.360165174201E0);
#9773=ORIENTED_EDGE('',*,*,#9760,.T.);
#9774=ORIENTED_EDGE('',*,*,#4791,.T.);
#9775=ORIENTED_EDGE('',*,*,#5534,.F.);
#9776=ORIENTED_EDGE('',*,*,#5779,.T.);
#9777=EDGE_LOOP('',(#9773,#9774,#9775,#9776));
#9778=FACE_OUTER_BOUND('',#9777,.F.);
#9779=ADVANCED_FACE('',(#9778),#9772,.T.);
#9780=CARTESIAN_POINT('',(1.831575386557E2,-2.280533014676E1,3.798856175288E0));
#9781=DIRECTION('',(0.E0,0.E0,-1.E0));
#9782=DIRECTION('',(0.E0,1.E0,0.E0));
#9783=AXIS2_PLACEMENT_3D('',#9780,#9781,#9782);
#9784=CYLINDRICAL_SURFACE('',#9783,1.360165174201E0);
#9786=ORIENTED_EDGE('',*,*,#9785,.F.);
#9787=ORIENTED_EDGE('',*,*,#5782,.T.);
#9788=ORIENTED_EDGE('',*,*,#5530,.T.);
#9789=ORIENTED_EDGE('',*,*,#4787,.T.);
#9790=EDGE_LOOP('',(#9786,#9787,#9788,#9789));
#9791=FACE_OUTER_BOUND('',#9790,.F.);
#9792=ADVANCED_FACE('',(#9791),#9784,.T.);
#9793=CARTESIAN_POINT('',(1.831575386557E2,-2.029477259575E1,3.798856175288E0));
#9794=DIRECTION('',(0.E0,0.E0,-1.E0));
#9795=DIRECTION('',(0.E0,1.E0,0.E0));
#9796=AXIS2_PLACEMENT_3D('',#9793,#9794,#9795);
#9797=CYLINDRICAL_SURFACE('',#9796,1.360165174201E0);
#9798=ORIENTED_EDGE('',*,*,#9785,.T.);
#9799=ORIENTED_EDGE('',*,*,#4785,.T.);
#9800=ORIENTED_EDGE('',*,*,#5549,.F.);
#9801=ORIENTED_EDGE('',*,*,#5784,.T.);
#9802=EDGE_LOOP('',(#9798,#9799,#9800,#9801));
#9803=FACE_OUTER_BOUND('',#9802,.F.);
#9804=ADVANCED_FACE('',(#9803),#9797,.T.);
#9805=CARTESIAN_POINT('',(1.831575386557E2,-1.682509282173E1,3.798856175288E0));
#9806=DIRECTION('',(0.E0,0.E0,-1.E0));
#9807=DIRECTION('',(0.E0,1.E0,0.E0));
#9808=AXIS2_PLACEMENT_3D('',#9805,#9806,#9807);
#9809=CYLINDRICAL_SURFACE('',#9808,1.360165174201E0);
#9811=ORIENTED_EDGE('',*,*,#9810,.F.);
#9812=ORIENTED_EDGE('',*,*,#5787,.T.);
#9813=ORIENTED_EDGE('',*,*,#5545,.T.);
#9814=ORIENTED_EDGE('',*,*,#4781,.T.);
#9815=EDGE_LOOP('',(#9811,#9812,#9813,#9814));
#9816=FACE_OUTER_BOUND('',#9815,.F.);
#9817=ADVANCED_FACE('',(#9816),#9809,.T.);
#9818=CARTESIAN_POINT('',(1.831575386557E2,-1.431453527072E1,3.798856175288E0));
#9819=DIRECTION('',(0.E0,0.E0,-1.E0));
#9820=DIRECTION('',(0.E0,1.E0,0.E0));
#9821=AXIS2_PLACEMENT_3D('',#9818,#9819,#9820);
#9822=CYLINDRICAL_SURFACE('',#9821,1.360165174201E0);
#9823=ORIENTED_EDGE('',*,*,#9810,.T.);
#9824=ORIENTED_EDGE('',*,*,#4779,.T.);
#9825=ORIENTED_EDGE('',*,*,#5564,.F.);
#9826=ORIENTED_EDGE('',*,*,#5789,.T.);
#9827=EDGE_LOOP('',(#9823,#9824,#9825,#9826));
#9828=FACE_OUTER_BOUND('',#9827,.F.);
#9829=ADVANCED_FACE('',(#9828),#9822,.T.);
#9830=CARTESIAN_POINT('',(1.831575386557E2,-1.084485549670E1,3.798856175288E0));
#9831=DIRECTION('',(0.E0,0.E0,-1.E0));
#9832=DIRECTION('',(0.E0,1.E0,0.E0));
#9833=AXIS2_PLACEMENT_3D('',#9830,#9831,#9832);
#9834=CYLINDRICAL_SURFACE('',#9833,1.360165174201E0);
#9836=ORIENTED_EDGE('',*,*,#9835,.F.);
#9837=ORIENTED_EDGE('',*,*,#5792,.T.);
#9838=ORIENTED_EDGE('',*,*,#5560,.T.);
#9839=ORIENTED_EDGE('',*,*,#4775,.T.);
#9840=EDGE_LOOP('',(#9836,#9837,#9838,#9839));
#9841=FACE_OUTER_BOUND('',#9840,.F.);
#9842=ADVANCED_FACE('',(#9841),#9834,.T.);
#9843=CARTESIAN_POINT('',(1.831575386557E2,-8.334297945683E0,3.798856175288E0));
#9844=DIRECTION('',(0.E0,0.E0,-1.E0));
#9845=DIRECTION('',(0.E0,1.E0,0.E0));
#9846=AXIS2_PLACEMENT_3D('',#9843,#9844,#9845);
#9847=CYLINDRICAL_SURFACE('',#9846,1.360165174201E0);
#9848=ORIENTED_EDGE('',*,*,#9835,.T.);
#9849=ORIENTED_EDGE('',*,*,#4773,.T.);
#9850=ORIENTED_EDGE('',*,*,#5579,.F.);
#9851=ORIENTED_EDGE('',*,*,#5794,.T.);
#9852=EDGE_LOOP('',(#9848,#9849,#9850,#9851));
#9853=FACE_OUTER_BOUND('',#9852,.F.);
#9854=ADVANCED_FACE('',(#9853),#9847,.T.);
#9855=CARTESIAN_POINT('',(1.831575386557E2,-4.864618171667E0,3.798856175288E0));
#9856=DIRECTION('',(0.E0,0.E0,-1.E0));
#9857=DIRECTION('',(0.E0,1.E0,0.E0));
#9858=AXIS2_PLACEMENT_3D('',#9855,#9856,#9857);
#9859=CYLINDRICAL_SURFACE('',#9858,1.360165174201E0);
#9861=ORIENTED_EDGE('',*,*,#9860,.F.);
#9862=ORIENTED_EDGE('',*,*,#5797,.T.);
#9863=ORIENTED_EDGE('',*,*,#5575,.T.);
#9864=ORIENTED_EDGE('',*,*,#4769,.T.);
#9865=EDGE_LOOP('',(#9861,#9862,#9863,#9864));
#9866=FACE_OUTER_BOUND('',#9865,.F.);
#9867=ADVANCED_FACE('',(#9866),#9859,.T.);
#9868=CARTESIAN_POINT('',(1.831575386557E2,-2.354060620651E0,3.798856175288E0));
#9869=DIRECTION('',(0.E0,0.E0,-1.E0));
#9870=DIRECTION('',(0.E0,1.E0,0.E0));
#9871=AXIS2_PLACEMENT_3D('',#9868,#9869,#9870);
#9872=CYLINDRICAL_SURFACE('',#9871,1.360165174201E0);
#9873=ORIENTED_EDGE('',*,*,#9860,.T.);
#9874=ORIENTED_EDGE('',*,*,#4767,.T.);
#9875=ORIENTED_EDGE('',*,*,#5594,.F.);
#9876=ORIENTED_EDGE('',*,*,#5799,.T.);
#9877=EDGE_LOOP('',(#9873,#9874,#9875,#9876));
#9878=FACE_OUTER_BOUND('',#9877,.F.);
#9879=ADVANCED_FACE('',(#9878),#9872,.T.);
#9880=CARTESIAN_POINT('',(1.831575386557E2,1.115619153366E0,3.798856175288E0));
#9881=DIRECTION('',(0.E0,0.E0,-1.E0));
#9882=DIRECTION('',(0.E0,1.E0,0.E0));
#9883=AXIS2_PLACEMENT_3D('',#9880,#9881,#9882);
#9884=CYLINDRICAL_SURFACE('',#9883,1.360165174201E0);
#9886=ORIENTED_EDGE('',*,*,#9885,.F.);
#9887=ORIENTED_EDGE('',*,*,#5802,.T.);
#9888=ORIENTED_EDGE('',*,*,#5590,.T.);
#9889=ORIENTED_EDGE('',*,*,#4763,.T.);
#9890=EDGE_LOOP('',(#9886,#9887,#9888,#9889));
#9891=FACE_OUTER_BOUND('',#9890,.F.);
#9892=ADVANCED_FACE('',(#9891),#9884,.T.);
#9893=CARTESIAN_POINT('',(1.831575386557E2,3.626176704382E0,3.798856175288E0));
#9894=DIRECTION('',(0.E0,0.E0,-1.E0));
#9895=DIRECTION('',(0.E0,1.E0,0.E0));
#9896=AXIS2_PLACEMENT_3D('',#9893,#9894,#9895);
#9897=CYLINDRICAL_SURFACE('',#9896,1.360165174201E0);
#9898=ORIENTED_EDGE('',*,*,#9885,.T.);
#9899=ORIENTED_EDGE('',*,*,#4761,.T.);
#9900=ORIENTED_EDGE('',*,*,#5609,.F.);
#9901=ORIENTED_EDGE('',*,*,#5804,.T.);
#9902=EDGE_LOOP('',(#9898,#9899,#9900,#9901));
#9903=FACE_OUTER_BOUND('',#9902,.F.);
#9904=ADVANCED_FACE('',(#9903),#9897,.T.);
#9905=CARTESIAN_POINT('',(1.831575386557E2,7.095856478398E0,3.798856175288E0));
#9906=DIRECTION('',(0.E0,0.E0,-1.E0));
#9907=DIRECTION('',(0.E0,1.E0,0.E0));
#9908=AXIS2_PLACEMENT_3D('',#9905,#9906,#9907);
#9909=CYLINDRICAL_SURFACE('',#9908,1.360165174201E0);
#9911=ORIENTED_EDGE('',*,*,#9910,.F.);
#9912=ORIENTED_EDGE('',*,*,#5807,.T.);
#9913=ORIENTED_EDGE('',*,*,#5605,.T.);
#9914=ORIENTED_EDGE('',*,*,#4757,.T.);
#9915=EDGE_LOOP('',(#9911,#9912,#9913,#9914));
#9916=FACE_OUTER_BOUND('',#9915,.F.);
#9917=ADVANCED_FACE('',(#9916),#9909,.T.);
#9918=CARTESIAN_POINT('',(1.831575386557E2,9.606414029414E0,3.798856175288E0));
#9919=DIRECTION('',(0.E0,0.E0,-1.E0));
#9920=DIRECTION('',(0.E0,1.E0,0.E0));
#9921=AXIS2_PLACEMENT_3D('',#9918,#9919,#9920);
#9922=CYLINDRICAL_SURFACE('',#9921,1.360165174201E0);
#9923=ORIENTED_EDGE('',*,*,#9910,.T.);
#9924=ORIENTED_EDGE('',*,*,#4755,.T.);
#9925=ORIENTED_EDGE('',*,*,#5624,.F.);
#9926=ORIENTED_EDGE('',*,*,#5809,.T.);
#9927=EDGE_LOOP('',(#9923,#9924,#9925,#9926));
#9928=FACE_OUTER_BOUND('',#9927,.F.);
#9929=ADVANCED_FACE('',(#9928),#9922,.T.);
#9930=CARTESIAN_POINT('',(1.831575386557E2,1.307609380343E1,3.798856175288E0));
#9931=DIRECTION('',(0.E0,0.E0,-1.E0));
#9932=DIRECTION('',(0.E0,1.E0,0.E0));
#9933=AXIS2_PLACEMENT_3D('',#9930,#9931,#9932);
#9934=CYLINDRICAL_SURFACE('',#9933,1.360165174201E0);
#9936=ORIENTED_EDGE('',*,*,#9935,.F.);
#9937=ORIENTED_EDGE('',*,*,#5812,.T.);
#9938=ORIENTED_EDGE('',*,*,#5620,.T.);
#9939=ORIENTED_EDGE('',*,*,#4751,.T.);
#9940=EDGE_LOOP('',(#9936,#9937,#9938,#9939));
#9941=FACE_OUTER_BOUND('',#9940,.F.);
#9942=ADVANCED_FACE('',(#9941),#9934,.T.);
#9943=CARTESIAN_POINT('',(1.831575386557E2,1.558665135445E1,3.798856175288E0));
#9944=DIRECTION('',(0.E0,0.E0,-1.E0));
#9945=DIRECTION('',(0.E0,1.E0,0.E0));
#9946=AXIS2_PLACEMENT_3D('',#9943,#9944,#9945);
#9947=CYLINDRICAL_SURFACE('',#9946,1.360165174201E0);
#9948=ORIENTED_EDGE('',*,*,#9935,.T.);
#9949=ORIENTED_EDGE('',*,*,#4749,.T.);
#9950=ORIENTED_EDGE('',*,*,#5639,.F.);
#9951=ORIENTED_EDGE('',*,*,#5814,.T.);
#9952=EDGE_LOOP('',(#9948,#9949,#9950,#9951));
#9953=FACE_OUTER_BOUND('',#9952,.F.);
#9954=ADVANCED_FACE('',(#9953),#9947,.T.);
#9955=CARTESIAN_POINT('',(1.831575386557E2,1.905633112846E1,3.798856175288E0));
#9956=DIRECTION('',(0.E0,0.E0,-1.E0));
#9957=DIRECTION('',(0.E0,1.E0,0.E0));
#9958=AXIS2_PLACEMENT_3D('',#9955,#9956,#9957);
#9959=CYLINDRICAL_SURFACE('',#9958,1.360165174201E0);
#9961=ORIENTED_EDGE('',*,*,#9960,.F.);
#9962=ORIENTED_EDGE('',*,*,#5817,.T.);
#9963=ORIENTED_EDGE('',*,*,#5635,.T.);
#9964=ORIENTED_EDGE('',*,*,#4745,.T.);
#9965=EDGE_LOOP('',(#9961,#9962,#9963,#9964));
#9966=FACE_OUTER_BOUND('',#9965,.F.);
#9967=ADVANCED_FACE('',(#9966),#9959,.T.);
#9968=CARTESIAN_POINT('',(1.831575386557E2,2.156688867948E1,3.798856175288E0));
#9969=DIRECTION('',(0.E0,0.E0,-1.E0));
#9970=DIRECTION('',(0.E0,1.E0,0.E0));
#9971=AXIS2_PLACEMENT_3D('',#9968,#9969,#9970);
#9972=CYLINDRICAL_SURFACE('',#9971,1.360165174201E0);
#9973=ORIENTED_EDGE('',*,*,#9960,.T.);
#9974=ORIENTED_EDGE('',*,*,#4743,.T.);
#9975=ORIENTED_EDGE('',*,*,#5654,.F.);
#9976=ORIENTED_EDGE('',*,*,#5819,.T.);
#9977=EDGE_LOOP('',(#9973,#9974,#9975,#9976));
#9978=FACE_OUTER_BOUND('',#9977,.F.);
#9979=ADVANCED_FACE('',(#9978),#9972,.T.);
#9980=CARTESIAN_POINT('',(1.831575386557E2,2.503656845350E1,3.798856175288E0));
#9981=DIRECTION('',(0.E0,0.E0,-1.E0));
#9982=DIRECTION('',(0.E0,1.E0,0.E0));
#9983=AXIS2_PLACEMENT_3D('',#9980,#9981,#9982);
#9984=CYLINDRICAL_SURFACE('',#9983,1.360165174201E0);
#9986=ORIENTED_EDGE('',*,*,#9985,.F.);
#9987=ORIENTED_EDGE('',*,*,#5822,.T.);
#9988=ORIENTED_EDGE('',*,*,#5650,.T.);
#9989=ORIENTED_EDGE('',*,*,#4739,.T.);
#9990=EDGE_LOOP('',(#9986,#9987,#9988,#9989));
#9991=FACE_OUTER_BOUND('',#9990,.F.);
#9992=ADVANCED_FACE('',(#9991),#9984,.T.);
#9993=CARTESIAN_POINT('',(1.831575386557E2,2.754712600451E1,3.798856175288E0));
#9994=DIRECTION('',(0.E0,0.E0,-1.E0));
#9995=DIRECTION('',(0.E0,1.E0,0.E0));
#9996=AXIS2_PLACEMENT_3D('',#9993,#9994,#9995);
#9997=CYLINDRICAL_SURFACE('',#9996,1.360165174201E0);
#9998=ORIENTED_EDGE('',*,*,#9985,.T.);
#9999=ORIENTED_EDGE('',*,*,#4737,.T.);
#10000=ORIENTED_EDGE('',*,*,#5669,.F.);
#10001=ORIENTED_EDGE('',*,*,#5824,.T.);
#10002=EDGE_LOOP('',(#9998,#9999,#10000,#10001));
#10003=FACE_OUTER_BOUND('',#10002,.F.);
#10004=ADVANCED_FACE('',(#10003),#9997,.T.);
#10005=CARTESIAN_POINT('',(1.831575386557E2,3.101680577853E1,3.798856175288E0));
#10006=DIRECTION('',(0.E0,0.E0,-1.E0));
#10007=DIRECTION('',(0.E0,1.E0,0.E0));
#10008=AXIS2_PLACEMENT_3D('',#10005,#10006,#10007);
#10009=CYLINDRICAL_SURFACE('',#10008,1.360165174201E0);
#10011=ORIENTED_EDGE('',*,*,#10010,.F.);
#10012=ORIENTED_EDGE('',*,*,#5827,.T.);
#10013=ORIENTED_EDGE('',*,*,#5665,.T.);
#10014=ORIENTED_EDGE('',*,*,#4733,.T.);
#10015=EDGE_LOOP('',(#10011,#10012,#10013,#10014));
#10016=FACE_OUTER_BOUND('',#10015,.F.);
#10017=ADVANCED_FACE('',(#10016),#10009,.T.);
#10018=CARTESIAN_POINT('',(1.831575386557E2,3.352736332954E1,3.798856175288E0));
#10019=DIRECTION('',(0.E0,0.E0,-1.E0));
#10020=DIRECTION('',(0.E0,1.E0,0.E0));
#10021=AXIS2_PLACEMENT_3D('',#10018,#10019,#10020);
#10022=CYLINDRICAL_SURFACE('',#10021,1.360165174201E0);
#10023=ORIENTED_EDGE('',*,*,#10010,.T.);
#10024=ORIENTED_EDGE('',*,*,#4731,.T.);
#10025=ORIENTED_EDGE('',*,*,#5684,.F.);
#10026=ORIENTED_EDGE('',*,*,#5829,.T.);
#10027=EDGE_LOOP('',(#10023,#10024,#10025,#10026));
#10028=FACE_OUTER_BOUND('',#10027,.F.);
#10029=ADVANCED_FACE('',(#10028),#10022,.T.);
#10030=CARTESIAN_POINT('',(1.831575386557E2,3.699704310356E1,3.798856175288E0));
#10031=DIRECTION('',(0.E0,0.E0,-1.E0));
#10032=DIRECTION('',(0.E0,1.E0,0.E0));
#10033=AXIS2_PLACEMENT_3D('',#10030,#10031,#10032);
#10034=CYLINDRICAL_SURFACE('',#10033,1.360165174201E0);
#10036=ORIENTED_EDGE('',*,*,#10035,.F.);
#10037=ORIENTED_EDGE('',*,*,#5832,.T.);
#10038=ORIENTED_EDGE('',*,*,#5680,.T.);
#10039=ORIENTED_EDGE('',*,*,#4727,.T.);
#10040=EDGE_LOOP('',(#10036,#10037,#10038,#10039));
#10041=FACE_OUTER_BOUND('',#10040,.F.);
#10042=ADVANCED_FACE('',(#10041),#10034,.T.);
#10043=CARTESIAN_POINT('',(1.831575386557E2,3.950760065458E1,3.798856175288E0));
#10044=DIRECTION('',(0.E0,0.E0,-1.E0));
#10045=DIRECTION('',(0.E0,1.E0,0.E0));
#10046=AXIS2_PLACEMENT_3D('',#10043,#10044,#10045);
#10047=CYLINDRICAL_SURFACE('',#10046,1.360165174201E0);
#10048=ORIENTED_EDGE('',*,*,#10035,.T.);
#10049=ORIENTED_EDGE('',*,*,#4725,.T.);
#10050=ORIENTED_EDGE('',*,*,#5718,.F.);
#10051=ORIENTED_EDGE('',*,*,#5834,.T.);
#10052=EDGE_LOOP('',(#10048,#10049,#10050,#10051));
#10053=FACE_OUTER_BOUND('',#10052,.F.);
#10054=ADVANCED_FACE('',(#10053),#10047,.T.);
#10058=DIMENSIONAL_EXPONENTS(0.E0,0.E0,0.E0,0.E0,0.E0,0.E0,0.E0);
#10060=PLANE_ANGLE_MEASURE_WITH_UNIT(PLANE_ANGLE_MEASURE(1.745329251994E-2),
#10059);
#10061=(CONVERSION_BASED_UNIT('DEGREE',#10060)NAMED_UNIT(*)PLANE_ANGLE_UNIT());
#10063=UNCERTAINTY_MEASURE_WITH_UNIT(LENGTH_MEASURE(1.E-2),#10057,'closure',
'Maximum model space distance between geometric entities at asserted connectivities');
#10064=(GEOMETRIC_REPRESENTATION_CONTEXT(3)GLOBAL_UNCERTAINTY_ASSIGNED_CONTEXT((
#10063))GLOBAL_UNIT_ASSIGNED_CONTEXT((#10057,#10061,#10062))REPRESENTATION_CONTEXT('ID1','3'));
#10066=APPLICATION_CONTEXT(
'CONFIGURATION CONTROLLED 3D DESIGNS OF MECHANICAL PARTS AND ASSEMBLIES');
#10067=APPLICATION_PROTOCOL_DEFINITION('international standard',
'config_control_design',1994,#10066);
#10068=DESIGN_CONTEXT('',#10066,'design');
#10069=MECHANICAL_CONTEXT('',#10066,'mechanical');
#10070=PRODUCT('T-BEAM_V7_BACK-18650_SERIAL_CON',
'T-BEAM_V7_BACK-18650_SERIAL_CON','NOT SPECIFIED',(#10069));
#10071=PRODUCT_DEFINITION_FORMATION_WITH_SPECIFIED_SOURCE('17','LAST_VERSION',
#10070,.MADE.);
#10075=PRODUCT_CATEGORY('part','');
#10076=PRODUCT_RELATED_PRODUCT_CATEGORY('detail','',(#10070));
#10077=PRODUCT_CATEGORY_RELATIONSHIP('','',#10075,#10076);
#10078=SECURITY_CLASSIFICATION_LEVEL('unclassified');
#10079=SECURITY_CLASSIFICATION('','',#10078);
#10080=CC_DESIGN_SECURITY_CLASSIFICATION(#10079,(#10071));
#10081=APPROVAL_STATUS('approved');
#10082=APPROVAL(#10081,'');
#10083=CC_DESIGN_APPROVAL(#10082,(#10079,#10071,#10072));
#10084=CALENDAR_DATE(126,31,7);
#10085=COORDINATED_UNIVERSAL_TIME_OFFSET(2,0,.AHEAD.);
#10086=LOCAL_TIME(11,5,2.2E1,#10085);
#10087=DATE_AND_TIME(#10084,#10086);
#10088=APPROVAL_DATE_TIME(#10087,#10082);
#10089=DATE_TIME_ROLE('creation_date');
#10090=CC_DESIGN_DATE_AND_TIME_ASSIGNMENT(#10087,#10089,(#10072));
#10091=DATE_TIME_ROLE('classification_date');
#10092=CC_DESIGN_DATE_AND_TIME_ASSIGNMENT(#10087,#10091,(#10079));
#10093=PERSON('UNSPECIFIED','UNSPECIFIED',$,$,$,$);
#10094=ORGANIZATION('UNSPECIFIED','UNSPECIFIED','UNSPECIFIED');
#10095=PERSON_AND_ORGANIZATION(#10093,#10094);
#10096=APPROVAL_ROLE('approver');
#10097=APPROVAL_PERSON_ORGANIZATION(#10095,#10082,#10096);
#10098=PERSON_AND_ORGANIZATION_ROLE('creator');
#10099=CC_DESIGN_PERSON_AND_ORGANIZATION_ASSIGNMENT(#10095,#10098,(#10071,
#10072));
#10100=PERSON_AND_ORGANIZATION_ROLE('design_supplier');
#10101=CC_DESIGN_PERSON_AND_ORGANIZATION_ASSIGNMENT(#10095,#10100,(#10071));
#10102=PERSON_AND_ORGANIZATION_ROLE('classification_officer');
#10103=CC_DESIGN_PERSON_AND_ORGANIZATION_ASSIGNMENT(#10095,#10102,(#10079));
#10104=PERSON_AND_ORGANIZATION_ROLE('design_owner');
#10105=CC_DESIGN_PERSON_AND_ORGANIZATION_ASSIGNMENT(#10095,#10104,(#10070));
#5=CIRCLE('',#4,1.689133695277E0);
#10=CIRCLE('',#9,1.689133695277E0);
#15=CIRCLE('',#14,1.689133695277E0);
#20=CIRCLE('',#19,1.689133695277E0);
#25=CIRCLE('',#24,1.689133695277E0);
#30=CIRCLE('',#29,1.689133695277E0);
#35=CIRCLE('',#34,1.689133695277E0);
#40=CIRCLE('',#39,1.689133695277E0);
#45=CIRCLE('',#44,2.1E0);
#50=CIRCLE('',#49,2.E0);
#62=B_SPLINE_CURVE_WITH_KNOTS('',3,(#55,#56,#57,#58,#59,#60,#61),.UNSPECIFIED.,
.F.,.F.,(4,1,1,1,4),(0.E0,2.5E-1,5.E-1,7.5E-1,1.E0),.UNSPECIFIED.);
#99=CIRCLE('',#98,1.360165174201E0);
#104=CIRCLE('',#103,1.360165174201E0);
#113=CIRCLE('',#112,1.360165174201E0);
#118=CIRCLE('',#117,1.360165174201E0);
#127=CIRCLE('',#126,1.360165174201E0);
#132=CIRCLE('',#131,1.360165174201E0);
#141=CIRCLE('',#140,1.360165174201E0);
#146=CIRCLE('',#145,1.360165174201E0);
#155=CIRCLE('',#154,1.360165174201E0);
#160=CIRCLE('',#159,1.360165174201E0);
#169=CIRCLE('',#168,1.360165174201E0);
#174=CIRCLE('',#173,1.360165174201E0);
#183=CIRCLE('',#182,1.360165174201E0);
#188=CIRCLE('',#187,1.360165174201E0);
#197=CIRCLE('',#196,1.360165174201E0);
#202=CIRCLE('',#201,1.360165174201E0);
#211=CIRCLE('',#210,1.360165174201E0);
#216=CIRCLE('',#215,1.360165174201E0);
#225=CIRCLE('',#224,1.360165174201E0);
#230=CIRCLE('',#229,1.360165174201E0);
#239=CIRCLE('',#238,1.360165174201E0);
#244=CIRCLE('',#243,1.360165174201E0);
#253=CIRCLE('',#252,1.360165174201E0);
#258=CIRCLE('',#257,1.360165174201E0);
#267=CIRCLE('',#266,1.360165174201E0);
#272=CIRCLE('',#271,1.360165174201E0);
#281=CIRCLE('',#280,1.360165174201E0);
#286=CIRCLE('',#285,1.360165174201E0);
#295=CIRCLE('',#294,1.360165174201E0);
#300=CIRCLE('',#299,1.360165174201E0);
#309=CIRCLE('',#308,1.360165174201E0);
#314=CIRCLE('',#313,1.360165174201E0);
#323=CIRCLE('',#322,1.25E0);
#332=CIRCLE('',#331,1.25E0);
#341=CIRCLE('',#340,1.360165174201E0);
#346=CIRCLE('',#345,1.360165174201E0);
#355=CIRCLE('',#354,1.360165174201E0);
#360=CIRCLE('',#359,1.360165174201E0);
#369=CIRCLE('',#368,1.360165174201E0);
#374=CIRCLE('',#373,1.360165174201E0);
#383=CIRCLE('',#382,1.360165174201E0);
#388=CIRCLE('',#387,1.360165174201E0);
#397=CIRCLE('',#396,1.360165174201E0);
#402=CIRCLE('',#401,1.360165174201E0);
#411=CIRCLE('',#410,1.360165174201E0);
#416=CIRCLE('',#415,1.360165174201E0);
#425=CIRCLE('',#424,1.360165174201E0);
#430=CIRCLE('',#429,1.360165174201E0);
#439=CIRCLE('',#438,1.360165174201E0);
#444=CIRCLE('',#443,1.360165174201E0);
#453=CIRCLE('',#452,1.360165174201E0);
#458=CIRCLE('',#457,1.360165174201E0);
#467=CIRCLE('',#466,1.360165174201E0);
#472=CIRCLE('',#471,1.360165174201E0);
#481=CIRCLE('',#480,1.360165174201E0);
#486=CIRCLE('',#485,1.360165174201E0);
#495=CIRCLE('',#494,1.360165174201E0);
#500=CIRCLE('',#499,1.360165174201E0);
#509=CIRCLE('',#508,1.360165174201E0);
#514=CIRCLE('',#513,1.360165174201E0);
#523=CIRCLE('',#522,1.360165174201E0);
#528=CIRCLE('',#527,1.360165174201E0);
#537=CIRCLE('',#536,1.360165174201E0);
#542=CIRCLE('',#541,1.360165174201E0);
#551=CIRCLE('',#550,1.360165174201E0);
#556=CIRCLE('',#555,1.360165174201E0);
#565=CIRCLE('',#564,1.25E0);
#574=CIRCLE('',#573,1.25E0);
#599=CIRCLE('',#598,1.25E0);
#612=CIRCLE('',#611,3.5E0);
#617=CIRCLE('',#616,1.689133695277E0);
#622=CIRCLE('',#621,1.689133695277E0);
#635=CIRCLE('',#634,1.E0);
#640=CIRCLE('',#639,1.25E0);
#651=B_SPLINE_CURVE_WITH_KNOTS('',3,(#641,#642,#643,#644,#645,#646,#647,#648,
#649,#650),.UNSPECIFIED.,.F.,.F.,(4,1,1,1,1,1,1,4),(0.E0,1.428571428571E-1,
2.857142857143E-1,4.285714285714E-1,5.714285714286E-1,7.142857142857E-1,
8.571428571429E-1,1.E0),.UNSPECIFIED.);
#662=B_SPLINE_CURVE_WITH_KNOTS('',3,(#656,#657,#658,#659,#660,#661),
.UNSPECIFIED.,.F.,.F.,(4,1,1,4),(0.E0,3.333333333333E-1,6.666666666667E-1,1.E0),
.UNSPECIFIED.);
#670=B_SPLINE_CURVE_WITH_KNOTS('',3,(#663,#664,#665,#666,#667,#668,#669),
.UNSPECIFIED.,.F.,.F.,(4,1,1,1,4),(0.E0,2.5E-1,5.E-1,7.5E-1,1.E0),
.UNSPECIFIED.);
#684=B_SPLINE_CURVE_WITH_KNOTS('',3,(#675,#676,#677,#678,#679,#680,#681,#682,
#683),.UNSPECIFIED.,.F.,.F.,(4,1,1,1,1,1,4),(0.E0,1.666666666667E-1,
3.333333333333E-1,5.E-1,6.666666666667E-1,8.333333333333E-1,1.E0),
.UNSPECIFIED.);
#689=CIRCLE('',#688,1.25E0);
#694=CIRCLE('',#693,1.E0);
#699=CIRCLE('',#698,1.E0);
#716=CIRCLE('',#715,1.E0);
#721=CIRCLE('',#720,1.E0);
#726=CIRCLE('',#725,1.E0);
#731=CIRCLE('',#730,1.E0);
#736=CIRCLE('',#735,1.E0);
#741=CIRCLE('',#740,1.E0);
#746=CIRCLE('',#745,4.5E0);
#755=CIRCLE('',#754,2.5E-1);
#764=CIRCLE('',#763,2.5E-1);
#773=CIRCLE('',#772,4.5E0);
#782=CIRCLE('',#781,1.E0);
#787=CIRCLE('',#786,1.E0);
#794=B_SPLINE_CURVE_WITH_KNOTS('',3,(#788,#789,#790,#791,#792,#793),
.UNSPECIFIED.,.F.,.F.,(4,1,1,4),(0.E0,3.333333333333E-1,6.666666666667E-1,1.E0),
.UNSPECIFIED.);
#803=CIRCLE('',#802,3.5E0);
#820=CIRCLE('',#819,1.E0);
#825=CIRCLE('',#824,1.E0);
#830=CIRCLE('',#829,1.25E0);
#835=CIRCLE('',#834,1.25E0);
#1066=B_SPLINE_CURVE_WITH_KNOTS('',3,(#1052,#1053,#1054,#1055,#1056,#1057,#1058,
#1059,#1060,#1061,#1062,#1063,#1064,#1065),.UNSPECIFIED.,.F.,.F.,(4,1,1,1,1,1,1,
1,1,1,1,4),(0.E0,9.090909090909E-2,1.818181818182E-1,2.727272727273E-1,
3.636363636364E-1,4.545454545455E-1,5.454545454545E-1,6.363636363636E-1,
7.272727272727E-1,8.181818181818E-1,9.090909090909E-1,1.E0),.UNSPECIFIED.);
#1071=CIRCLE('',#1070,1.E0);
#1086=B_SPLINE_CURVE_WITH_KNOTS('',3,(#1072,#1073,#1074,#1075,#1076,#1077,#1078,
#1079,#1080,#1081,#1082,#1083,#1084,#1085),.UNSPECIFIED.,.F.,.F.,(4,1,1,1,1,1,1,
1,1,1,1,4),(0.E0,9.090909090909E-2,1.818181818182E-1,2.727272727273E-1,
3.636363636364E-1,4.545454545455E-1,5.454545454545E-1,6.363636363636E-1,
7.272727272727E-1,8.181818181818E-1,9.090909090909E-1,1.E0),.UNSPECIFIED.);
#1101=B_SPLINE_CURVE_WITH_KNOTS('',3,(#1087,#1088,#1089,#1090,#1091,#1092,#1093,
#1094,#1095,#1096,#1097,#1098,#1099,#1100),.UNSPECIFIED.,.F.,.F.,(4,1,1,1,1,1,1,
1,1,1,1,4),(0.E0,9.090909090909E-2,1.818181818182E-1,2.727272727273E-1,
3.636363636364E-1,4.545454545455E-1,5.454545454545E-1,6.363636363636E-1,
7.272727272727E-1,8.181818181818E-1,9.090909090909E-1,1.E0),.UNSPECIFIED.);
#1116=B_SPLINE_CURVE_WITH_KNOTS('',3,(#1102,#1103,#1104,#1105,#1106,#1107,#1108,
#1109,#1110,#1111,#1112,#1113,#1114,#1115),.UNSPECIFIED.,.F.,.F.,(4,1,1,1,1,1,1,
1,1,1,1,4),(0.E0,9.090909090909E-2,1.818181818182E-1,2.727272727273E-1,
3.636363636364E-1,4.545454545455E-1,5.454545454545E-1,6.363636363636E-1,
7.272727272727E-1,8.181818181818E-1,9.090909090909E-1,1.E0),.UNSPECIFIED.);
#1131=B_SPLINE_CURVE_WITH_KNOTS('',3,(#1117,#1118,#1119,#1120,#1121,#1122,#1123,
#1124,#1125,#1126,#1127,#1128,#1129,#1130),.UNSPECIFIED.,.F.,.F.,(4,1,1,1,1,1,1,
1,1,1,1,4),(0.E0,9.090909090909E-2,1.818181818182E-1,2.727272727273E-1,
3.636363636364E-1,4.545454545455E-1,5.454545454545E-1,6.363636363636E-1,
7.272727272727E-1,8.181818181818E-1,9.090909090909E-1,1.E0),.UNSPECIFIED.);
#1146=B_SPLINE_CURVE_WITH_KNOTS('',3,(#1132,#1133,#1134,#1135,#1136,#1137,#1138,
#1139,#1140,#1141,#1142,#1143,#1144,#1145),.UNSPECIFIED.,.F.,.F.,(4,1,1,1,1,1,1,
1,1,1,1,4),(0.E0,9.090909090909E-2,1.818181818182E-1,2.727272727273E-1,
3.636363636364E-1,4.545454545455E-1,5.454545454545E-1,6.363636363636E-1,
7.272727272727E-1,8.181818181818E-1,9.090909090909E-1,1.E0),.UNSPECIFIED.);
#1161=B_SPLINE_CURVE_WITH_KNOTS('',3,(#1147,#1148,#1149,#1150,#1151,#1152,#1153,
#1154,#1155,#1156,#1157,#1158,#1159,#1160),.UNSPECIFIED.,.F.,.F.,(4,1,1,1,1,1,1,
1,1,1,1,4),(0.E0,9.090909090909E-2,1.818181818182E-1,2.727272727273E-1,
3.636363636364E-1,4.545454545455E-1,5.454545454545E-1,6.363636363636E-1,
7.272727272727E-1,8.181818181818E-1,9.090909090909E-1,1.E0),.UNSPECIFIED.);
#1176=B_SPLINE_CURVE_WITH_KNOTS('',3,(#1162,#1163,#1164,#1165,#1166,#1167,#1168,
#1169,#1170,#1171,#1172,#1173,#1174,#1175),.UNSPECIFIED.,.F.,.F.,(4,1,1,1,1,1,1,
1,1,1,1,4),(0.E0,9.090909090909E-2,1.818181818182E-1,2.727272727273E-1,
3.636363636364E-1,4.545454545455E-1,5.454545454545E-1,6.363636363636E-1,
7.272727272727E-1,8.181818181818E-1,9.090909090909E-1,1.E0),.UNSPECIFIED.);
#1191=B_SPLINE_CURVE_WITH_KNOTS('',3,(#1177,#1178,#1179,#1180,#1181,#1182,#1183,
#1184,#1185,#1186,#1187,#1188,#1189,#1190),.UNSPECIFIED.,.F.,.F.,(4,1,1,1,1,1,1,
1,1,1,1,4),(0.E0,9.090909090909E-2,1.818181818182E-1,2.727272727273E-1,
3.636363636364E-1,4.545454545455E-1,5.454545454545E-1,6.363636363636E-1,
7.272727272727E-1,8.181818181818E-1,9.090909090909E-1,1.E0),.UNSPECIFIED.);
#1206=B_SPLINE_CURVE_WITH_KNOTS('',3,(#1192,#1193,#1194,#1195,#1196,#1197,#1198,
#1199,#1200,#1201,#1202,#1203,#1204,#1205),.UNSPECIFIED.,.F.,.F.,(4,1,1,1,1,1,1,
1,1,1,1,4),(0.E0,9.090909090909E-2,1.818181818182E-1,2.727272727273E-1,
3.636363636364E-1,4.545454545455E-1,5.454545454545E-1,6.363636363636E-1,
7.272727272727E-1,8.181818181818E-1,9.090909090909E-1,1.E0),.UNSPECIFIED.);
#1221=B_SPLINE_CURVE_WITH_KNOTS('',3,(#1207,#1208,#1209,#1210,#1211,#1212,#1213,
#1214,#1215,#1216,#1217,#1218,#1219,#1220),.UNSPECIFIED.,.F.,.F.,(4,1,1,1,1,1,1,
1,1,1,1,4),(0.E0,9.090909090909E-2,1.818181818182E-1,2.727272727273E-1,
3.636363636364E-1,4.545454545455E-1,5.454545454545E-1,6.363636363636E-1,
7.272727272727E-1,8.181818181818E-1,9.090909090909E-1,1.E0),.UNSPECIFIED.);
#1236=B_SPLINE_CURVE_WITH_KNOTS('',3,(#1222,#1223,#1224,#1225,#1226,#1227,#1228,
#1229,#1230,#1231,#1232,#1233,#1234,#1235),.UNSPECIFIED.,.F.,.F.,(4,1,1,1,1,1,1,
1,1,1,1,4),(0.E0,9.090909090909E-2,1.818181818182E-1,2.727272727273E-1,
3.636363636364E-1,4.545454545455E-1,5.454545454545E-1,6.363636363636E-1,
7.272727272727E-1,8.181818181818E-1,9.090909090909E-1,1.E0),.UNSPECIFIED.);
#1251=B_SPLINE_CURVE_WITH_KNOTS('',3,(#1237,#1238,#1239,#1240,#1241,#1242,#1243,
#1244,#1245,#1246,#1247,#1248,#1249,#1250),.UNSPECIFIED.,.F.,.F.,(4,1,1,1,1,1,1,
1,1,1,1,4),(0.E0,9.090909090909E-2,1.818181818182E-1,2.727272727273E-1,
3.636363636364E-1,4.545454545455E-1,5.454545454545E-1,6.363636363636E-1,
7.272727272727E-1,8.181818181818E-1,9.090909090909E-1,1.E0),.UNSPECIFIED.);
#1266=B_SPLINE_CURVE_WITH_KNOTS('',3,(#1252,#1253,#1254,#1255,#1256,#1257,#1258,
#1259,#1260,#1261,#1262,#1263,#1264,#1265),.UNSPECIFIED.,.F.,.F.,(4,1,1,1,1,1,1,
1,1,1,1,4),(0.E0,9.090909090909E-2,1.818181818182E-1,2.727272727273E-1,
3.636363636364E-1,4.545454545455E-1,5.454545454545E-1,6.363636363636E-1,
7.272727272727E-1,8.181818181818E-1,9.090909090909E-1,1.E0),.UNSPECIFIED.);
#1281=B_SPLINE_CURVE_WITH_KNOTS('',3,(#1267,#1268,#1269,#1270,#1271,#1272,#1273,
#1274,#1275,#1276,#1277,#1278,#1279,#1280),.UNSPECIFIED.,.F.,.F.,(4,1,1,1,1,1,1,
1,1,1,1,4),(0.E0,9.090909090909E-2,1.818181818182E-1,2.727272727273E-1,
3.636363636364E-1,4.545454545455E-1,5.454545454545E-1,6.363636363636E-1,
7.272727272727E-1,8.181818181818E-1,9.090909090909E-1,1.E0),.UNSPECIFIED.);
#1296=B_SPLINE_CURVE_WITH_KNOTS('',3,(#1282,#1283,#1284,#1285,#1286,#1287,#1288,
#1289,#1290,#1291,#1292,#1293,#1294,#1295),.UNSPECIFIED.,.F.,.F.,(4,1,1,1,1,1,1,
1,1,1,1,4),(0.E0,9.090909090909E-2,1.818181818182E-1,2.727272727273E-1,
3.636363636364E-1,4.545454545455E-1,5.454545454545E-1,6.363636363636E-1,
7.272727272727E-1,8.181818181818E-1,9.090909090909E-1,1.E0),.UNSPECIFIED.);
#1311=B_SPLINE_CURVE_WITH_KNOTS('',3,(#1297,#1298,#1299,#1300,#1301,#1302,#1303,
#1304,#1305,#1306,#1307,#1308,#1309,#1310),.UNSPECIFIED.,.F.,.F.,(4,1,1,1,1,1,1,
1,1,1,1,4),(0.E0,9.090909090909E-2,1.818181818182E-1,2.727272727273E-1,
3.636363636364E-1,4.545454545455E-1,5.454545454545E-1,6.363636363636E-1,
7.272727272727E-1,8.181818181818E-1,9.090909090909E-1,1.E0),.UNSPECIFIED.);
#1326=B_SPLINE_CURVE_WITH_KNOTS('',3,(#1312,#1313,#1314,#1315,#1316,#1317,#1318,
#1319,#1320,#1321,#1322,#1323,#1324,#1325),.UNSPECIFIED.,.F.,.F.,(4,1,1,1,1,1,1,
1,1,1,1,4),(0.E0,9.090909090909E-2,1.818181818182E-1,2.727272727273E-1,
3.636363636364E-1,4.545454545455E-1,5.454545454545E-1,6.363636363636E-1,
7.272727272727E-1,8.181818181818E-1,9.090909090909E-1,1.E0),.UNSPECIFIED.);
#1341=B_SPLINE_CURVE_WITH_KNOTS('',3,(#1327,#1328,#1329,#1330,#1331,#1332,#1333,
#1334,#1335,#1336,#1337,#1338,#1339,#1340),.UNSPECIFIED.,.F.,.F.,(4,1,1,1,1,1,1,
1,1,1,1,4),(0.E0,9.090909090909E-2,1.818181818182E-1,2.727272727273E-1,
3.636363636364E-1,4.545454545455E-1,5.454545454545E-1,6.363636363636E-1,
7.272727272727E-1,8.181818181818E-1,9.090909090909E-1,1.E0),.UNSPECIFIED.);
#1356=B_SPLINE_CURVE_WITH_KNOTS('',3,(#1342,#1343,#1344,#1345,#1346,#1347,#1348,
#1349,#1350,#1351,#1352,#1353,#1354,#1355),.UNSPECIFIED.,.F.,.F.,(4,1,1,1,1,1,1,
1,1,1,1,4),(0.E0,9.090909090909E-2,1.818181818182E-1,2.727272727273E-1,
3.636363636364E-1,4.545454545455E-1,5.454545454545E-1,6.363636363636E-1,
7.272727272727E-1,8.181818181818E-1,9.090909090909E-1,1.E0),.UNSPECIFIED.);
#1371=B_SPLINE_CURVE_WITH_KNOTS('',3,(#1357,#1358,#1359,#1360,#1361,#1362,#1363,
#1364,#1365,#1366,#1367,#1368,#1369,#1370),.UNSPECIFIED.,.F.,.F.,(4,1,1,1,1,1,1,
1,1,1,1,4),(0.E0,9.090909090909E-2,1.818181818182E-1,2.727272727273E-1,
3.636363636364E-1,4.545454545455E-1,5.454545454545E-1,6.363636363636E-1,
7.272727272727E-1,8.181818181818E-1,9.090909090909E-1,1.E0),.UNSPECIFIED.);
#1386=B_SPLINE_CURVE_WITH_KNOTS('',3,(#1372,#1373,#1374,#1375,#1376,#1377,#1378,
#1379,#1380,#1381,#1382,#1383,#1384,#1385),.UNSPECIFIED.,.F.,.F.,(4,1,1,1,1,1,1,
1,1,1,1,4),(0.E0,9.090909090909E-2,1.818181818182E-1,2.727272727273E-1,
3.636363636364E-1,4.545454545455E-1,5.454545454545E-1,6.363636363636E-1,
7.272727272727E-1,8.181818181818E-1,9.090909090909E-1,1.E0),.UNSPECIFIED.);
#1401=B_SPLINE_CURVE_WITH_KNOTS('',3,(#1387,#1388,#1389,#1390,#1391,#1392,#1393,
#1394,#1395,#1396,#1397,#1398,#1399,#1400),.UNSPECIFIED.,.F.,.F.,(4,1,1,1,1,1,1,
1,1,1,1,4),(0.E0,9.090909090909E-2,1.818181818182E-1,2.727272727273E-1,
3.636363636364E-1,4.545454545455E-1,5.454545454545E-1,6.363636363636E-1,
7.272727272727E-1,8.181818181818E-1,9.090909090909E-1,1.E0),.UNSPECIFIED.);
#1416=B_SPLINE_CURVE_WITH_KNOTS('',3,(#1402,#1403,#1404,#1405,#1406,#1407,#1408,
#1409,#1410,#1411,#1412,#1413,#1414,#1415),.UNSPECIFIED.,.F.,.F.,(4,1,1,1,1,1,1,
1,1,1,1,4),(0.E0,9.090909090909E-2,1.818181818182E-1,2.727272727273E-1,
3.636363636364E-1,4.545454545455E-1,5.454545454545E-1,6.363636363636E-1,
7.272727272727E-1,8.181818181818E-1,9.090909090909E-1,1.E0),.UNSPECIFIED.);
#1431=B_SPLINE_CURVE_WITH_KNOTS('',3,(#1417,#1418,#1419,#1420,#1421,#1422,#1423,
#1424,#1425,#1426,#1427,#1428,#1429,#1430),.UNSPECIFIED.,.F.,.F.,(4,1,1,1,1,1,1,
1,1,1,1,4),(0.E0,9.090909090909E-2,1.818181818182E-1,2.727272727273E-1,
3.636363636364E-1,4.545454545455E-1,5.454545454545E-1,6.363636363636E-1,
7.272727272727E-1,8.181818181818E-1,9.090909090909E-1,1.E0),.UNSPECIFIED.);
#1446=B_SPLINE_CURVE_WITH_KNOTS('',3,(#1432,#1433,#1434,#1435,#1436,#1437,#1438,
#1439,#1440,#1441,#1442,#1443,#1444,#1445),.UNSPECIFIED.,.F.,.F.,(4,1,1,1,1,1,1,
1,1,1,1,4),(0.E0,9.090909090909E-2,1.818181818182E-1,2.727272727273E-1,
3.636363636364E-1,4.545454545455E-1,5.454545454545E-1,6.363636363636E-1,
7.272727272727E-1,8.181818181818E-1,9.090909090909E-1,1.E0),.UNSPECIFIED.);
#1461=B_SPLINE_CURVE_WITH_KNOTS('',3,(#1447,#1448,#1449,#1450,#1451,#1452,#1453,
#1454,#1455,#1456,#1457,#1458,#1459,#1460),.UNSPECIFIED.,.F.,.F.,(4,1,1,1,1,1,1,
1,1,1,1,4),(0.E0,9.090909090909E-2,1.818181818182E-1,2.727272727273E-1,
3.636363636364E-1,4.545454545455E-1,5.454545454545E-1,6.363636363636E-1,
7.272727272727E-1,8.181818181818E-1,9.090909090909E-1,1.E0),.UNSPECIFIED.);
#1476=B_SPLINE_CURVE_WITH_KNOTS('',3,(#1462,#1463,#1464,#1465,#1466,#1467,#1468,
#1469,#1470,#1471,#1472,#1473,#1474,#1475),.UNSPECIFIED.,.F.,.F.,(4,1,1,1,1,1,1,
1,1,1,1,4),(0.E0,9.090909090909E-2,1.818181818182E-1,2.727272727273E-1,
3.636363636364E-1,4.545454545455E-1,5.454545454545E-1,6.363636363636E-1,
7.272727272727E-1,8.181818181818E-1,9.090909090909E-1,1.E0),.UNSPECIFIED.);
#1491=B_SPLINE_CURVE_WITH_KNOTS('',3,(#1477,#1478,#1479,#1480,#1481,#1482,#1483,
#1484,#1485,#1486,#1487,#1488,#1489,#1490),.UNSPECIFIED.,.F.,.F.,(4,1,1,1,1,1,1,
1,1,1,1,4),(0.E0,9.090909090909E-2,1.818181818182E-1,2.727272727273E-1,
3.636363636364E-1,4.545454545455E-1,5.454545454545E-1,6.363636363636E-1,
7.272727272727E-1,8.181818181818E-1,9.090909090909E-1,1.E0),.UNSPECIFIED.);
#1506=B_SPLINE_CURVE_WITH_KNOTS('',3,(#1492,#1493,#1494,#1495,#1496,#1497,#1498,
#1499,#1500,#1501,#1502,#1503,#1504,#1505),.UNSPECIFIED.,.F.,.F.,(4,1,1,1,1,1,1,
1,1,1,1,4),(0.E0,9.090909090909E-2,1.818181818182E-1,2.727272727273E-1,
3.636363636364E-1,4.545454545455E-1,5.454545454545E-1,6.363636363636E-1,
7.272727272727E-1,8.181818181818E-1,9.090909090909E-1,1.E0),.UNSPECIFIED.);
#1521=B_SPLINE_CURVE_WITH_KNOTS('',3,(#1507,#1508,#1509,#1510,#1511,#1512,#1513,
#1514,#1515,#1516,#1517,#1518,#1519,#1520),.UNSPECIFIED.,.F.,.F.,(4,1,1,1,1,1,1,
1,1,1,1,4),(0.E0,9.090909090909E-2,1.818181818182E-1,2.727272727273E-1,
3.636363636364E-1,4.545454545455E-1,5.454545454545E-1,6.363636363636E-1,
7.272727272727E-1,8.181818181818E-1,9.090909090909E-1,1.E0),.UNSPECIFIED.);
#1536=B_SPLINE_CURVE_WITH_KNOTS('',3,(#1522,#1523,#1524,#1525,#1526,#1527,#1528,
#1529,#1530,#1531,#1532,#1533,#1534,#1535),.UNSPECIFIED.,.F.,.F.,(4,1,1,1,1,1,1,
1,1,1,1,4),(0.E0,9.090909090909E-2,1.818181818182E-1,2.727272727273E-1,
3.636363636364E-1,4.545454545455E-1,5.454545454545E-1,6.363636363636E-1,
7.272727272727E-1,8.181818181818E-1,9.090909090909E-1,1.E0),.UNSPECIFIED.);
#1545=CIRCLE('',#1544,1.E0);
#1550=CIRCLE('',#1549,1.25E0);
#1555=CIRCLE('',#1554,1.25E0);
#1568=CIRCLE('',#1567,1.25E0);
#1581=CIRCLE('',#1580,3.5E0);
#1586=CIRCLE('',#1585,1.689133695277E0);
#1591=CIRCLE('',#1590,1.689133695277E0);
#1608=CIRCLE('',#1607,1.E0);
#1613=CIRCLE('',#1612,3.5E0);
#1625=B_SPLINE_CURVE_WITH_KNOTS('',3,(#1618,#1619,#1620,#1621,#1622,#1623,
#1624),.UNSPECIFIED.,.F.,.F.,(4,1,1,1,4),(0.E0,2.5E-1,5.E-1,7.5E-1,1.E0),
.UNSPECIFIED.);
#1643=B_SPLINE_CURVE_WITH_KNOTS('',3,(#1634,#1635,#1636,#1637,#1638,#1639,#1640,
#1641,#1642),.UNSPECIFIED.,.F.,.F.,(4,1,1,1,1,1,4),(0.E0,1.666666666667E-1,
3.333333333333E-1,5.E-1,6.666666666667E-1,8.333333333333E-1,1.E0),
.UNSPECIFIED.);
#1648=CIRCLE('',#1647,1.25E0);
#1653=CIRCLE('',#1652,5.25E0);
#1658=CIRCLE('',#1657,5.25E0);
#1672=B_SPLINE_CURVE_WITH_KNOTS('',3,(#1659,#1660,#1661,#1662,#1663,#1664,#1665,
#1666,#1667,#1668,#1669,#1670,#1671),.UNSPECIFIED.,.F.,.F.,(4,1,1,1,1,1,1,1,1,1,
4),(0.E0,1.E-1,2.E-1,3.E-1,4.E-1,5.E-1,6.E-1,7.E-1,8.E-1,9.E-1,1.E0),
.UNSPECIFIED.);
#1680=B_SPLINE_CURVE_WITH_KNOTS('',3,(#1673,#1674,#1675,#1676,#1677,#1678,
#1679),.UNSPECIFIED.,.F.,.F.,(4,1,1,1,4),(0.E0,2.5E-1,5.E-1,7.5E-1,1.E0),
.UNSPECIFIED.);
#1689=CIRCLE('',#1688,5.5E0);
#1694=CIRCLE('',#1693,5.4E0);
#1699=CIRCLE('',#1698,1.1E1);
#1708=CIRCLE('',#1707,2.25E0);
#1737=CIRCLE('',#1736,5.25E0);
#1742=CIRCLE('',#1741,5.25E0);
#1747=CIRCLE('',#1746,3.E0);
#1752=CIRCLE('',#1751,3.E0);
#1757=CIRCLE('',#1756,3.E0);
#1774=CIRCLE('',#1773,3.E0);
#1785=B_SPLINE_CURVE_WITH_KNOTS('',3,(#1779,#1780,#1781,#1782,#1783,#1784),
.UNSPECIFIED.,.F.,.F.,(4,1,1,4),(0.E0,3.333333333333E-1,6.666666666667E-1,1.E0),
.UNSPECIFIED.);
#1790=CIRCLE('',#1789,6.E0);
#1799=CIRCLE('',#1798,6.E0);
#1813=B_SPLINE_CURVE_WITH_KNOTS('',3,(#1804,#1805,#1806,#1807,#1808,#1809,#1810,
#1811,#1812),.UNSPECIFIED.,.F.,.F.,(4,1,1,1,1,1,4),(0.E0,1.666666666667E-1,
3.333333333333E-1,5.E-1,6.666666666667E-1,8.333333333333E-1,1.E0),
.UNSPECIFIED.);
#1818=CIRCLE('',#1817,1.200000010907E0);
#1824=B_SPLINE_CURVE_WITH_KNOTS('',3,(#1819,#1820,#1821,#1822,#1823),
.UNSPECIFIED.,.F.,.F.,(4,1,4),(0.E0,5.E-1,1.E0),.UNSPECIFIED.);
#1829=CIRCLE('',#1828,1.199999999963E0);
#1839=B_SPLINE_CURVE_WITH_KNOTS('',3,(#1830,#1831,#1832,#1833,#1834,#1835,#1836,
#1837,#1838),.UNSPECIFIED.,.F.,.F.,(4,1,1,1,1,1,4),(0.E0,1.666666666667E-1,
3.333333333333E-1,5.E-1,6.666666666667E-1,8.333333333333E-1,1.E0),
.UNSPECIFIED.);
#1859=B_SPLINE_CURVE_WITH_KNOTS('',3,(#1852,#1853,#1854,#1855,#1856,#1857,
#1858),.UNSPECIFIED.,.F.,.F.,(4,1,1,1,4),(0.E0,2.5E-1,5.E-1,7.5E-1,1.E0),
.UNSPECIFIED.);
#1864=CIRCLE('',#1863,1.4E0);
#1869=CIRCLE('',#1868,9.999986435725E-1);
#1874=CIRCLE('',#1873,1.E0);
#1881=B_SPLINE_CURVE_WITH_KNOTS('',3,(#1875,#1876,#1877,#1878,#1879,#1880),
.UNSPECIFIED.,.F.,.F.,(4,1,1,4),(0.E0,3.333333333333E-1,6.666666666667E-1,1.E0),
.UNSPECIFIED.);
#1894=CIRCLE('',#1893,1.150313984029E1);
#1905=B_SPLINE_CURVE_WITH_KNOTS('',3,(#1895,#1896,#1897,#1898,#1899,#1900,#1901,
#1902,#1903,#1904),.UNSPECIFIED.,.F.,.F.,(4,1,1,1,1,1,1,4),(0.E0,
1.428571428571E-1,2.857142857143E-1,4.285714285714E-1,5.714285714286E-1,
7.142857142857E-1,8.571428571429E-1,1.E0),.UNSPECIFIED.);
#1914=CIRCLE('',#1913,1.150313984029E1);
#1919=CIRCLE('',#1918,1.150313984029E1);
#1924=CIRCLE('',#1923,1.E0);
#1937=CIRCLE('',#1936,4.599999997661E0);
#1942=CIRCLE('',#1941,1.250313984029E1);
#1953=B_SPLINE_CURVE_WITH_KNOTS('',3,(#1943,#1944,#1945,#1946,#1947,#1948,#1949,
#1950,#1951,#1952),.UNSPECIFIED.,.F.,.F.,(4,1,1,1,1,1,1,4),(0.E0,
1.428571428571E-1,2.857142857143E-1,4.285714285714E-1,5.714285714286E-1,
7.142857142857E-1,8.571428571429E-1,1.E0),.UNSPECIFIED.);
#1958=CIRCLE('',#1957,1.4E0);
#1963=CIRCLE('',#1962,1.000000001125E0);
#1968=CIRCLE('',#1967,1.E0);
#1973=CIRCLE('',#1972,6.E0);
#1986=CIRCLE('',#1985,1.E0);
#2019=CIRCLE('',#2018,1.E0);
#2071=B_SPLINE_CURVE_WITH_KNOTS('',3,(#2064,#2065,#2066,#2067,#2068,#2069,
#2070),.UNSPECIFIED.,.F.,.F.,(4,1,1,1,4),(0.E0,2.5E-1,5.E-1,7.5E-1,1.E0),
.UNSPECIFIED.);
#2080=B_SPLINE_CURVE_WITH_KNOTS('',3,(#2072,#2073,#2074,#2075,#2076,#2077,#2078,
#2079),.UNSPECIFIED.,.F.,.F.,(4,1,1,1,1,4),(0.E0,2.E-1,4.E-1,6.E-1,8.E-1,1.E0),
.UNSPECIFIED.);
#2089=CIRCLE('',#2088,1.E0);
#2099=B_SPLINE_CURVE_WITH_KNOTS('',3,(#2090,#2091,#2092,#2093,#2094,#2095,#2096,
#2097,#2098),.UNSPECIFIED.,.F.,.F.,(4,1,1,1,1,1,4),(0.E0,1.666666666667E-1,
3.333333333333E-1,5.E-1,6.666666666667E-1,8.333333333333E-1,1.E0),
.UNSPECIFIED.);
#2133=B_SPLINE_CURVE_WITH_KNOTS('',3,(#2100,#2101,#2102,#2103,#2104,#2105,#2106,
#2107,#2108,#2109,#2110,#2111,#2112,#2113,#2114,#2115,#2116,#2117,#2118,#2119,
#2120,#2121,#2122,#2123,#2124,#2125,#2126,#2127,#2128,#2129,#2130,#2131,#2132),
.UNSPECIFIED.,.F.,.F.,(4,1,1,1,1,1,1,1,1,1,1,1,1,1,1,1,1,1,1,1,1,1,1,1,1,1,1,1,
1,1,4),(0.E0,3.333333333333E-2,6.666666666667E-2,1.E-1,1.333333333333E-1,
1.666666666667E-1,2.E-1,2.333333333333E-1,2.666666666667E-1,3.E-1,
3.333333333333E-1,3.666666666667E-1,4.E-1,4.333333333333E-1,4.666666666667E-1,
5.E-1,5.333333333333E-1,5.666666666667E-1,6.E-1,6.333333333333E-1,
6.666666666667E-1,7.E-1,7.333333333333E-1,7.666666666667E-1,8.E-1,
8.333333333333E-1,8.666666666667E-1,9.E-1,9.333333333333E-1,9.666666666667E-1,
1.E0),.UNSPECIFIED.);
#2167=B_SPLINE_CURVE_WITH_KNOTS('',3,(#2134,#2135,#2136,#2137,#2138,#2139,#2140,
#2141,#2142,#2143,#2144,#2145,#2146,#2147,#2148,#2149,#2150,#2151,#2152,#2153,
#2154,#2155,#2156,#2157,#2158,#2159,#2160,#2161,#2162,#2163,#2164,#2165,#2166),
.UNSPECIFIED.,.F.,.F.,(4,1,1,1,1,1,1,1,1,1,1,1,1,1,1,1,1,1,1,1,1,1,1,1,1,1,1,1,
1,1,4),(0.E0,3.333333333333E-2,6.666666666667E-2,1.E-1,1.333333333333E-1,
1.666666666667E-1,2.E-1,2.333333333333E-1,2.666666666667E-1,3.E-1,
3.333333333333E-1,3.666666666667E-1,4.E-1,4.333333333333E-1,4.666666666667E-1,
5.E-1,5.333333333333E-1,5.666666666667E-1,6.E-1,6.333333333333E-1,
6.666666666667E-1,7.E-1,7.333333333333E-1,7.666666666667E-1,8.E-1,
8.333333333333E-1,8.666666666667E-1,9.E-1,9.333333333333E-1,9.666666666667E-1,
1.E0),.UNSPECIFIED.);
#2172=CIRCLE('',#2171,1.25E0);
#2179=B_SPLINE_CURVE_WITH_KNOTS('',3,(#2173,#2174,#2175,#2176,#2177,#2178),
.UNSPECIFIED.,.F.,.F.,(4,1,1,4),(0.E0,3.333333333333E-1,6.666666666667E-1,1.E0),
.UNSPECIFIED.);
#2186=B_SPLINE_CURVE_WITH_KNOTS('',3,(#2180,#2181,#2182,#2183,#2184,#2185),
.UNSPECIFIED.,.F.,.F.,(4,1,1,4),(0.E0,3.333333333333E-1,6.666666666667E-1,1.E0),
.UNSPECIFIED.);
#2199=CIRCLE('',#2198,1.25E0);
#2212=CIRCLE('',#2211,3.5E0);
#2217=CIRCLE('',#2216,1.689133695277E0);
#2222=CIRCLE('',#2221,1.689133695277E0);
#2235=CIRCLE('',#2234,1.55E0);
#2244=CIRCLE('',#2243,1.1E0);
#2279=B_SPLINE_CURVE_WITH_KNOTS('',3,(#2245,#2246,#2247,#2248,#2249,#2250,#2251,
#2252,#2253,#2254,#2255,#2256,#2257,#2258,#2259,#2260,#2261,#2262,#2263,#2264,
#2265,#2266,#2267,#2268,#2269,#2270,#2271,#2272,#2273,#2274,#2275,#2276,#2277,
#2278),.UNSPECIFIED.,.F.,.F.,(4,1,1,1,1,1,1,1,1,1,1,1,1,1,1,1,1,1,1,1,1,1,1,1,1,
1,1,1,1,1,1,4),(0.E0,3.225806451613E-2,6.451612903226E-2,9.677419354839E-2,
1.290322580645E-1,1.612903225806E-1,1.935483870968E-1,2.258064516129E-1,
2.580645161290E-1,2.903225806452E-1,3.225806451613E-1,3.548387096774E-1,
3.870967741935E-1,4.193548387097E-1,4.516129032258E-1,4.838709677419E-1,
5.161290322581E-1,5.483870967742E-1,5.806451612903E-1,6.129032258065E-1,
6.451612903226E-1,6.774193548387E-1,7.096774193548E-1,7.419354838710E-1,
7.741935483871E-1,8.064516129032E-1,8.387096774194E-1,8.709677419355E-1,
9.032258064516E-1,9.354838709677E-1,9.677419354839E-1,1.E0),.UNSPECIFIED.);
#2284=CIRCLE('',#2283,1.1E0);
#2289=CIRCLE('',#2288,1.549999999987E0);
#2297=B_SPLINE_CURVE_WITH_KNOTS('',3,(#2290,#2291,#2292,#2293,#2294,#2295,
#2296),.UNSPECIFIED.,.F.,.F.,(4,1,1,1,4),(0.E0,2.5E-1,5.E-1,7.5E-1,1.E0),
.UNSPECIFIED.);
#2336=B_SPLINE_CURVE_WITH_KNOTS('',3,(#2302,#2303,#2304,#2305,#2306,#2307,#2308,
#2309,#2310,#2311,#2312,#2313,#2314,#2315,#2316,#2317,#2318,#2319,#2320,#2321,
#2322,#2323,#2324,#2325,#2326,#2327,#2328,#2329,#2330,#2331,#2332,#2333,#2334,
#2335),.UNSPECIFIED.,.F.,.F.,(4,1,1,1,1,1,1,1,1,1,1,1,1,1,1,1,1,1,1,1,1,1,1,1,1,
1,1,1,1,1,1,4),(0.E0,3.225806451613E-2,6.451612903226E-2,9.677419354839E-2,
1.290322580645E-1,1.612903225806E-1,1.935483870968E-1,2.258064516129E-1,
2.580645161290E-1,2.903225806452E-1,3.225806451613E-1,3.548387096774E-1,
3.870967741935E-1,4.193548387097E-1,4.516129032258E-1,4.838709677419E-1,
5.161290322581E-1,5.483870967742E-1,5.806451612903E-1,6.129032258065E-1,
6.451612903226E-1,6.774193548387E-1,7.096774193548E-1,7.419354838710E-1,
7.741935483871E-1,8.064516129032E-1,8.387096774194E-1,8.709677419355E-1,
9.032258064516E-1,9.354838709677E-1,9.677419354839E-1,1.E0),.UNSPECIFIED.);
#2345=CIRCLE('',#2344,1.E0);
#2352=B_SPLINE_CURVE_WITH_KNOTS('',3,(#2346,#2347,#2348,#2349,#2350,#2351),
.UNSPECIFIED.,.F.,.F.,(4,1,1,4),(0.E0,3.333333333333E-1,6.666666666667E-1,1.E0),
.UNSPECIFIED.);
#2361=B_SPLINE_CURVE_WITH_KNOTS('',3,(#2353,#2354,#2355,#2356,#2357,#2358,#2359,
#2360),.UNSPECIFIED.,.F.,.F.,(4,1,1,1,1,4),(0.E0,2.E-1,4.E-1,6.E-1,8.E-1,1.E0),
.UNSPECIFIED.);
#2366=CIRCLE('',#2365,1.E0);
#2378=B_SPLINE_CURVE_WITH_KNOTS('',3,(#2367,#2368,#2369,#2370,#2371,#2372,#2373,
#2374,#2375,#2376,#2377),.UNSPECIFIED.,.F.,.F.,(4,1,1,1,1,1,1,1,4),(0.E0,
1.25E-1,2.5E-1,3.75E-1,5.E-1,6.25E-1,7.5E-1,8.75E-1,1.E0),.UNSPECIFIED.);
#2383=CIRCLE('',#2382,1.53E1);
#2393=B_SPLINE_CURVE_WITH_KNOTS('',3,(#2384,#2385,#2386,#2387,#2388,#2389,#2390,
#2391,#2392),.UNSPECIFIED.,.F.,.F.,(4,1,1,1,1,1,4),(0.E0,1.666666666667E-1,
3.333333333333E-1,5.E-1,6.666666666667E-1,8.333333333333E-1,1.E0),
.UNSPECIFIED.);
#2402=CIRCLE('',#2401,1.53E1);
#2407=CIRCLE('',#2406,1.E0);
#2412=CIRCLE('',#2411,1.25E0);
#2422=B_SPLINE_CURVE_WITH_KNOTS('',3,(#2413,#2414,#2415,#2416,#2417,#2418,#2419,
#2420,#2421),.UNSPECIFIED.,.F.,.F.,(4,1,1,1,1,1,4),(0.E0,1.666666666667E-1,
3.333333333333E-1,5.E-1,6.666666666667E-1,8.333333333333E-1,1.E0),
.UNSPECIFIED.);
#2431=CIRCLE('',#2430,1.63E1);
#2613=B_SPLINE_CURVE_WITH_KNOTS('',3,(#2608,#2609,#2610,#2611,#2612),
.UNSPECIFIED.,.F.,.F.,(4,1,4),(0.E0,5.E-1,1.E0),.UNSPECIFIED.);
#2627=B_SPLINE_CURVE_WITH_KNOTS('',3,(#2622,#2623,#2624,#2625,#2626),
.UNSPECIFIED.,.F.,.F.,(4,1,4),(0.E0,5.E-1,1.E0),.UNSPECIFIED.);
#2677=B_SPLINE_CURVE_WITH_KNOTS('',3,(#2664,#2665,#2666,#2667,#2668,#2669,#2670,
#2671,#2672,#2673,#2674,#2675,#2676),.UNSPECIFIED.,.F.,.F.,(4,1,1,1,1,1,1,1,1,1,
4),(0.E0,1.E-1,2.E-1,3.E-1,4.E-1,5.E-1,6.E-1,7.E-1,8.E-1,9.E-1,1.E0),
.UNSPECIFIED.);
#2692=B_SPLINE_CURVE_WITH_KNOTS('',3,(#2678,#2679,#2680,#2681,#2682,#2683,#2684,
#2685,#2686,#2687,#2688,#2689,#2690,#2691),.UNSPECIFIED.,.F.,.F.,(4,1,1,1,1,1,1,
1,1,1,1,4),(0.E0,9.090909090909E-2,1.818181818182E-1,2.727272727273E-1,
3.636363636364E-1,4.545454545455E-1,5.454545454545E-1,6.363636363636E-1,
7.272727272727E-1,8.181818181818E-1,9.090909090909E-1,1.E0),.UNSPECIFIED.);
#2706=B_SPLINE_CURVE_WITH_KNOTS('',3,(#2693,#2694,#2695,#2696,#2697,#2698,#2699,
#2700,#2701,#2702,#2703,#2704,#2705),.UNSPECIFIED.,.F.,.F.,(4,1,1,1,1,1,1,1,1,1,
4),(0.E0,1.E-1,2.E-1,3.E-1,4.E-1,5.E-1,6.E-1,7.E-1,8.E-1,9.E-1,1.E0),
.UNSPECIFIED.);
#2721=B_SPLINE_CURVE_WITH_KNOTS('',3,(#2707,#2708,#2709,#2710,#2711,#2712,#2713,
#2714,#2715,#2716,#2717,#2718,#2719,#2720),.UNSPECIFIED.,.F.,.F.,(4,1,1,1,1,1,1,
1,1,1,1,4),(0.E0,9.090909090909E-2,1.818181818182E-1,2.727272727273E-1,
3.636363636364E-1,4.545454545455E-1,5.454545454545E-1,6.363636363636E-1,
7.272727272727E-1,8.181818181818E-1,9.090909090909E-1,1.E0),.UNSPECIFIED.);
#2735=B_SPLINE_CURVE_WITH_KNOTS('',3,(#2722,#2723,#2724,#2725,#2726,#2727,#2728,
#2729,#2730,#2731,#2732,#2733,#2734),.UNSPECIFIED.,.F.,.F.,(4,1,1,1,1,1,1,1,1,1,
4),(0.E0,1.E-1,2.E-1,3.E-1,4.E-1,5.E-1,6.E-1,7.E-1,8.E-1,9.E-1,1.E0),
.UNSPECIFIED.);
#2750=B_SPLINE_CURVE_WITH_KNOTS('',3,(#2736,#2737,#2738,#2739,#2740,#2741,#2742,
#2743,#2744,#2745,#2746,#2747,#2748,#2749),.UNSPECIFIED.,.F.,.F.,(4,1,1,1,1,1,1,
1,1,1,1,4),(0.E0,9.090909090909E-2,1.818181818182E-1,2.727272727273E-1,
3.636363636364E-1,4.545454545455E-1,5.454545454545E-1,6.363636363636E-1,
7.272727272727E-1,8.181818181818E-1,9.090909090909E-1,1.E0),.UNSPECIFIED.);
#2764=B_SPLINE_CURVE_WITH_KNOTS('',3,(#2751,#2752,#2753,#2754,#2755,#2756,#2757,
#2758,#2759,#2760,#2761,#2762,#2763),.UNSPECIFIED.,.F.,.F.,(4,1,1,1,1,1,1,1,1,1,
4),(0.E0,1.E-1,2.E-1,3.E-1,4.E-1,5.E-1,6.E-1,7.E-1,8.E-1,9.E-1,1.E0),
.UNSPECIFIED.);
#2779=B_SPLINE_CURVE_WITH_KNOTS('',3,(#2765,#2766,#2767,#2768,#2769,#2770,#2771,
#2772,#2773,#2774,#2775,#2776,#2777,#2778),.UNSPECIFIED.,.F.,.F.,(4,1,1,1,1,1,1,
1,1,1,1,4),(0.E0,9.090909090909E-2,1.818181818182E-1,2.727272727273E-1,
3.636363636364E-1,4.545454545455E-1,5.454545454545E-1,6.363636363636E-1,
7.272727272727E-1,8.181818181818E-1,9.090909090909E-1,1.E0),.UNSPECIFIED.);
#2793=B_SPLINE_CURVE_WITH_KNOTS('',3,(#2780,#2781,#2782,#2783,#2784,#2785,#2786,
#2787,#2788,#2789,#2790,#2791,#2792),.UNSPECIFIED.,.F.,.F.,(4,1,1,1,1,1,1,1,1,1,
4),(0.E0,1.E-1,2.E-1,3.E-1,4.E-1,5.E-1,6.E-1,7.E-1,8.E-1,9.E-1,1.E0),
.UNSPECIFIED.);
#2808=B_SPLINE_CURVE_WITH_KNOTS('',3,(#2794,#2795,#2796,#2797,#2798,#2799,#2800,
#2801,#2802,#2803,#2804,#2805,#2806,#2807),.UNSPECIFIED.,.F.,.F.,(4,1,1,1,1,1,1,
1,1,1,1,4),(0.E0,9.090909090909E-2,1.818181818182E-1,2.727272727273E-1,
3.636363636364E-1,4.545454545455E-1,5.454545454545E-1,6.363636363636E-1,
7.272727272727E-1,8.181818181818E-1,9.090909090909E-1,1.E0),.UNSPECIFIED.);
#2822=B_SPLINE_CURVE_WITH_KNOTS('',3,(#2809,#2810,#2811,#2812,#2813,#2814,#2815,
#2816,#2817,#2818,#2819,#2820,#2821),.UNSPECIFIED.,.F.,.F.,(4,1,1,1,1,1,1,1,1,1,
4),(0.E0,1.E-1,2.E-1,3.E-1,4.E-1,5.E-1,6.E-1,7.E-1,8.E-1,9.E-1,1.E0),
.UNSPECIFIED.);
#2837=B_SPLINE_CURVE_WITH_KNOTS('',3,(#2823,#2824,#2825,#2826,#2827,#2828,#2829,
#2830,#2831,#2832,#2833,#2834,#2835,#2836),.UNSPECIFIED.,.F.,.F.,(4,1,1,1,1,1,1,
1,1,1,1,4),(0.E0,9.090909090909E-2,1.818181818182E-1,2.727272727273E-1,
3.636363636364E-1,4.545454545455E-1,5.454545454545E-1,6.363636363636E-1,
7.272727272727E-1,8.181818181818E-1,9.090909090909E-1,1.E0),.UNSPECIFIED.);
#2851=B_SPLINE_CURVE_WITH_KNOTS('',3,(#2838,#2839,#2840,#2841,#2842,#2843,#2844,
#2845,#2846,#2847,#2848,#2849,#2850),.UNSPECIFIED.,.F.,.F.,(4,1,1,1,1,1,1,1,1,1,
4),(0.E0,1.E-1,2.E-1,3.E-1,4.E-1,5.E-1,6.E-1,7.E-1,8.E-1,9.E-1,1.E0),
.UNSPECIFIED.);
#2866=B_SPLINE_CURVE_WITH_KNOTS('',3,(#2852,#2853,#2854,#2855,#2856,#2857,#2858,
#2859,#2860,#2861,#2862,#2863,#2864,#2865),.UNSPECIFIED.,.F.,.F.,(4,1,1,1,1,1,1,
1,1,1,1,4),(0.E0,9.090909090909E-2,1.818181818182E-1,2.727272727273E-1,
3.636363636364E-1,4.545454545455E-1,5.454545454545E-1,6.363636363636E-1,
7.272727272727E-1,8.181818181818E-1,9.090909090909E-1,1.E0),.UNSPECIFIED.);
#2880=B_SPLINE_CURVE_WITH_KNOTS('',3,(#2867,#2868,#2869,#2870,#2871,#2872,#2873,
#2874,#2875,#2876,#2877,#2878,#2879),.UNSPECIFIED.,.F.,.F.,(4,1,1,1,1,1,1,1,1,1,
4),(0.E0,1.E-1,2.E-1,3.E-1,4.E-1,5.E-1,6.E-1,7.E-1,8.E-1,9.E-1,1.E0),
.UNSPECIFIED.);
#2895=B_SPLINE_CURVE_WITH_KNOTS('',3,(#2881,#2882,#2883,#2884,#2885,#2886,#2887,
#2888,#2889,#2890,#2891,#2892,#2893,#2894),.UNSPECIFIED.,.F.,.F.,(4,1,1,1,1,1,1,
1,1,1,1,4),(0.E0,9.090909090909E-2,1.818181818182E-1,2.727272727273E-1,
3.636363636364E-1,4.545454545455E-1,5.454545454545E-1,6.363636363636E-1,
7.272727272727E-1,8.181818181818E-1,9.090909090909E-1,1.E0),.UNSPECIFIED.);
#2909=B_SPLINE_CURVE_WITH_KNOTS('',3,(#2896,#2897,#2898,#2899,#2900,#2901,#2902,
#2903,#2904,#2905,#2906,#2907,#2908),.UNSPECIFIED.,.F.,.F.,(4,1,1,1,1,1,1,1,1,1,
4),(0.E0,1.E-1,2.E-1,3.E-1,4.E-1,5.E-1,6.E-1,7.E-1,8.E-1,9.E-1,1.E0),
.UNSPECIFIED.);
#2924=B_SPLINE_CURVE_WITH_KNOTS('',3,(#2910,#2911,#2912,#2913,#2914,#2915,#2916,
#2917,#2918,#2919,#2920,#2921,#2922,#2923),.UNSPECIFIED.,.F.,.F.,(4,1,1,1,1,1,1,
1,1,1,1,4),(0.E0,9.090909090909E-2,1.818181818182E-1,2.727272727273E-1,
3.636363636364E-1,4.545454545455E-1,5.454545454545E-1,6.363636363636E-1,
7.272727272727E-1,8.181818181818E-1,9.090909090909E-1,1.E0),.UNSPECIFIED.);
#2938=B_SPLINE_CURVE_WITH_KNOTS('',3,(#2925,#2926,#2927,#2928,#2929,#2930,#2931,
#2932,#2933,#2934,#2935,#2936,#2937),.UNSPECIFIED.,.F.,.F.,(4,1,1,1,1,1,1,1,1,1,
4),(0.E0,1.E-1,2.E-1,3.E-1,4.E-1,5.E-1,6.E-1,7.E-1,8.E-1,9.E-1,1.E0),
.UNSPECIFIED.);
#2953=B_SPLINE_CURVE_WITH_KNOTS('',3,(#2939,#2940,#2941,#2942,#2943,#2944,#2945,
#2946,#2947,#2948,#2949,#2950,#2951,#2952),.UNSPECIFIED.,.F.,.F.,(4,1,1,1,1,1,1,
1,1,1,1,4),(0.E0,9.090909090909E-2,1.818181818182E-1,2.727272727273E-1,
3.636363636364E-1,4.545454545455E-1,5.454545454545E-1,6.363636363636E-1,
7.272727272727E-1,8.181818181818E-1,9.090909090909E-1,1.E0),.UNSPECIFIED.);
#2967=B_SPLINE_CURVE_WITH_KNOTS('',3,(#2954,#2955,#2956,#2957,#2958,#2959,#2960,
#2961,#2962,#2963,#2964,#2965,#2966),.UNSPECIFIED.,.F.,.F.,(4,1,1,1,1,1,1,1,1,1,
4),(0.E0,1.E-1,2.E-1,3.E-1,4.E-1,5.E-1,6.E-1,7.E-1,8.E-1,9.E-1,1.E0),
.UNSPECIFIED.);
#2982=B_SPLINE_CURVE_WITH_KNOTS('',3,(#2968,#2969,#2970,#2971,#2972,#2973,#2974,
#2975,#2976,#2977,#2978,#2979,#2980,#2981),.UNSPECIFIED.,.F.,.F.,(4,1,1,1,1,1,1,
1,1,1,1,4),(0.E0,9.090909090909E-2,1.818181818182E-1,2.727272727273E-1,
3.636363636364E-1,4.545454545455E-1,5.454545454545E-1,6.363636363636E-1,
7.272727272727E-1,8.181818181818E-1,9.090909090909E-1,1.E0),.UNSPECIFIED.);
#2996=B_SPLINE_CURVE_WITH_KNOTS('',3,(#2983,#2984,#2985,#2986,#2987,#2988,#2989,
#2990,#2991,#2992,#2993,#2994,#2995),.UNSPECIFIED.,.F.,.F.,(4,1,1,1,1,1,1,1,1,1,
4),(0.E0,1.E-1,2.E-1,3.E-1,4.E-1,5.E-1,6.E-1,7.E-1,8.E-1,9.E-1,1.E0),
.UNSPECIFIED.);
#3011=B_SPLINE_CURVE_WITH_KNOTS('',3,(#2997,#2998,#2999,#3000,#3001,#3002,#3003,
#3004,#3005,#3006,#3007,#3008,#3009,#3010),.UNSPECIFIED.,.F.,.F.,(4,1,1,1,1,1,1,
1,1,1,1,4),(0.E0,9.090909090909E-2,1.818181818182E-1,2.727272727273E-1,
3.636363636364E-1,4.545454545455E-1,5.454545454545E-1,6.363636363636E-1,
7.272727272727E-1,8.181818181818E-1,9.090909090909E-1,1.E0),.UNSPECIFIED.);
#3025=B_SPLINE_CURVE_WITH_KNOTS('',3,(#3012,#3013,#3014,#3015,#3016,#3017,#3018,
#3019,#3020,#3021,#3022,#3023,#3024),.UNSPECIFIED.,.F.,.F.,(4,1,1,1,1,1,1,1,1,1,
4),(0.E0,1.E-1,2.E-1,3.E-1,4.E-1,5.E-1,6.E-1,7.E-1,8.E-1,9.E-1,1.E0),
.UNSPECIFIED.);
#3040=B_SPLINE_CURVE_WITH_KNOTS('',3,(#3026,#3027,#3028,#3029,#3030,#3031,#3032,
#3033,#3034,#3035,#3036,#3037,#3038,#3039),.UNSPECIFIED.,.F.,.F.,(4,1,1,1,1,1,1,
1,1,1,1,4),(0.E0,9.090909090909E-2,1.818181818182E-1,2.727272727273E-1,
3.636363636364E-1,4.545454545455E-1,5.454545454545E-1,6.363636363636E-1,
7.272727272727E-1,8.181818181818E-1,9.090909090909E-1,1.E0),.UNSPECIFIED.);
#3045=CIRCLE('',#3044,1.E0);
#3098=CIRCLE('',#3097,1.E0);
#3107=CIRCLE('',#3106,2.5E-1);
#3116=CIRCLE('',#3115,4.5E0);
#3136=B_SPLINE_CURVE_WITH_KNOTS('',3,(#3125,#3126,#3127,#3128,#3129,#3130,#3131,
#3132,#3133,#3134,#3135),.UNSPECIFIED.,.F.,.F.,(4,1,1,1,1,1,1,1,4),(0.E0,
1.25E-1,2.5E-1,3.75E-1,5.E-1,6.25E-1,7.5E-1,8.75E-1,1.E0),.UNSPECIFIED.);
#3141=CIRCLE('',#3140,1.E0);
#3158=CIRCLE('',#3157,1.25E0);
#3163=CIRCLE('',#3162,1.25E0);
#3176=CIRCLE('',#3175,1.25E0);
#3189=CIRCLE('',#3188,3.5E0);
#3194=CIRCLE('',#3193,1.689133695277E0);
#3199=CIRCLE('',#3198,1.689133695277E0);
#3204=CIRCLE('',#3203,2.25E0);
#3217=CIRCLE('',#3216,2.25E0);
#3226=CIRCLE('',#3225,1.1E1);
#3235=CIRCLE('',#3234,1.E0);
#3243=B_SPLINE_CURVE_WITH_KNOTS('',3,(#3236,#3237,#3238,#3239,#3240,#3241,
#3242),.UNSPECIFIED.,.F.,.F.,(4,1,1,1,4),(0.E0,2.5E-1,5.E-1,7.5E-1,1.E0),
.UNSPECIFIED.);
#3257=B_SPLINE_CURVE_WITH_KNOTS('',3,(#3248,#3249,#3250,#3251,#3252,#3253,#3254,
#3255,#3256),.UNSPECIFIED.,.F.,.F.,(4,1,1,1,1,1,4),(0.E0,1.666666666667E-1,
3.333333333333E-1,5.E-1,6.666666666667E-1,8.333333333333E-1,1.E0),
.UNSPECIFIED.);
#3262=CIRCLE('',#3261,1.25E0);
#3267=CIRCLE('',#3266,1.25E0);
#3272=CIRCLE('',#3271,1.E0);
#3277=CIRCLE('',#3276,1.E0);
#3282=CIRCLE('',#3281,3.5E0);
#3294=B_SPLINE_CURVE_WITH_KNOTS('',3,(#3287,#3288,#3289,#3290,#3291,#3292,
#3293),.UNSPECIFIED.,.F.,.F.,(4,1,1,1,4),(0.E0,2.5E-1,5.E-1,7.5E-1,1.E0),
.UNSPECIFIED.);
#3307=CIRCLE('',#3306,1.E0);
#3312=CIRCLE('',#3311,1.E0);
#3322=B_SPLINE_CURVE_WITH_KNOTS('',3,(#3313,#3314,#3315,#3316,#3317,#3318,#3319,
#3320,#3321),.UNSPECIFIED.,.F.,.F.,(4,1,1,1,1,1,4),(0.E0,1.666666666667E-1,
3.333333333333E-1,5.E-1,6.666666666667E-1,8.333333333333E-1,1.E0),
.UNSPECIFIED.);
#3327=CIRCLE('',#3326,1.25E0);
#3348=CIRCLE('',#3347,1.E0);
#3353=CIRCLE('',#3352,1.E0);
#3358=CIRCLE('',#3357,1.2E1);
#3367=CIRCLE('',#3366,1.2E1);
#3388=B_SPLINE_CURVE_WITH_KNOTS('',3,(#3372,#3373,#3374,#3375,#3376,#3377,#3378,
#3379,#3380,#3381,#3382,#3383,#3384,#3385,#3386,#3387),.UNSPECIFIED.,.F.,.F.,(4,
1,1,1,1,1,1,1,1,1,1,1,1,4),(0.E0,1.250002653129E-1,1.875003750854E-1,
2.500004848580E-1,3.125005946305E-1,3.750007044030E-1,5.000009239481E-1,
5.625010337207E-1,6.250011434932E-1,6.875012532657E-1,7.500013630383E-1,
8.125014728108E-1,8.750015825834E-1,1.E0),.UNSPECIFIED.);
#3393=CIRCLE('',#3392,1.2E1);
#3402=CIRCLE('',#3401,1.E0);
#3407=CIRCLE('',#3406,1.E0);
#3412=CIRCLE('',#3411,4.4E0);
#3417=CIRCLE('',#3416,4.4E0);
#3424=B_SPLINE_CURVE_WITH_KNOTS('',3,(#3418,#3419,#3420,#3421,#3422,#3423),
.UNSPECIFIED.,.F.,.F.,(4,1,1,4),(0.E0,3.333333333333E-1,6.666666666667E-1,1.E0),
.UNSPECIFIED.);
#3433=CIRCLE('',#3432,6.5E0);
#3442=CIRCLE('',#3441,6.5E0);
#3451=CIRCLE('',#3450,1.55E0);
#3456=CIRCLE('',#3455,1.550001391835E0);
#3469=B_SPLINE_CURVE_WITH_KNOTS('',3,(#3461,#3462,#3463,#3464,#3465,#3466,#3467,
#3468),.UNSPECIFIED.,.F.,.F.,(4,1,1,1,1,4),(0.E0,2.E-1,4.E-1,6.E-1,8.E-1,1.E0),
.UNSPECIFIED.);
#3479=B_SPLINE_CURVE_WITH_KNOTS('',3,(#3474,#3475,#3476,#3477,#3478),
.UNSPECIFIED.,.F.,.F.,(4,1,4),(0.E0,5.E-1,1.E0),.UNSPECIFIED.);
#3491=B_SPLINE_CURVE_WITH_KNOTS('',3,(#3484,#3485,#3486,#3487,#3488,#3489,
#3490),.UNSPECIFIED.,.F.,.F.,(4,1,1,1,4),(0.E0,2.5E-1,5.E-1,7.5E-1,1.E0),
.UNSPECIFIED.);
#3496=CIRCLE('',#3495,1.55E0);
#3501=CIRCLE('',#3500,1.E0);
#3506=CIRCLE('',#3505,1.E0);
#3513=B_SPLINE_CURVE_WITH_KNOTS('',3,(#3507,#3508,#3509,#3510,#3511,#3512),
.UNSPECIFIED.,.F.,.F.,(4,1,1,4),(0.E0,3.333333333333E-1,6.666666666667E-1,1.E0),
.UNSPECIFIED.);
#3518=CIRCLE('',#3517,1.000000000001E0);
#3523=CIRCLE('',#3522,1.550000004897E0);
#3528=CIRCLE('',#3527,1.549999999542E0);
#3535=B_SPLINE_CURVE_WITH_KNOTS('',3,(#3529,#3530,#3531,#3532,#3533,#3534),
.UNSPECIFIED.,.F.,.F.,(4,1,1,4),(0.E0,3.333333333333E-1,6.666666666667E-1,1.E0),
.UNSPECIFIED.);
#3543=B_SPLINE_CURVE_WITH_KNOTS('',3,(#3536,#3537,#3538,#3539,#3540,#3541,
#3542),.UNSPECIFIED.,.F.,.F.,(4,1,1,1,4),(0.E0,2.5E-1,5.E-1,7.5E-1,1.E0),
.UNSPECIFIED.);
#3566=B_SPLINE_CURVE_WITH_KNOTS('',3,(#3544,#3545,#3546,#3547,#3548,#3549,#3550,
#3551,#3552,#3553,#3554,#3555,#3556,#3557,#3558,#3559,#3560,#3561,#3562,#3563,
#3564,#3565),.UNSPECIFIED.,.F.,.F.,(4,1,1,1,1,1,1,1,1,1,1,1,1,1,1,1,1,1,1,4),(
0.E0,5.263157894737E-2,1.052631578947E-1,1.578947368421E-1,2.105263157895E-1,
2.631578947368E-1,3.157894736842E-1,3.684210526316E-1,4.210526315789E-1,
4.736842105263E-1,5.263157894737E-1,5.789473684211E-1,6.315789473684E-1,
6.842105263158E-1,7.368421052632E-1,7.894736842105E-1,8.421052631579E-1,
8.947368421053E-1,9.473684210526E-1,1.E0),.UNSPECIFIED.);
#3571=CIRCLE('',#3570,1.4E0);
#3576=CIRCLE('',#3575,1.4E0);
#3585=CIRCLE('',#3584,1.339999999871E1);
#3590=CIRCLE('',#3589,5.1E0);
#3595=CIRCLE('',#3594,1.669999999901E1);
#3609=B_SPLINE_CURVE_WITH_KNOTS('',3,(#3600,#3601,#3602,#3603,#3604,#3605,#3606,
#3607,#3608),.UNSPECIFIED.,.F.,.F.,(4,1,1,1,1,1,4),(0.E0,1.666666666667E-1,
3.333333333333E-1,5.E-1,6.666666666667E-1,8.333333333333E-1,1.E0),
.UNSPECIFIED.);
#3619=B_SPLINE_CURVE_WITH_KNOTS('',3,(#3610,#3611,#3612,#3613,#3614,#3615,#3616,
#3617,#3618),.UNSPECIFIED.,.F.,.F.,(4,1,1,1,1,1,4),(0.E0,1.666666666667E-1,
3.333333333333E-1,5.E-1,6.666666666667E-1,8.333333333333E-1,1.E0),
.UNSPECIFIED.);
#3629=B_SPLINE_CURVE_WITH_KNOTS('',3,(#3620,#3621,#3622,#3623,#3624,#3625,#3626,
#3627,#3628),.UNSPECIFIED.,.F.,.F.,(4,1,1,1,1,1,4),(0.E0,1.666666666667E-1,
3.333333333333E-1,5.E-1,6.666666666667E-1,8.333333333333E-1,1.E0),
.UNSPECIFIED.);
#3634=CIRCLE('',#3633,1.399999809227E0);
#3648=B_SPLINE_CURVE_WITH_KNOTS('',3,(#3635,#3636,#3637,#3638,#3639,#3640,#3641,
#3642,#3643,#3644,#3645,#3646,#3647),.UNSPECIFIED.,.F.,.F.,(4,1,1,1,1,1,1,1,1,1,
4),(0.E0,1.E-1,2.E-1,3.E-1,4.E-1,5.E-1,6.E-1,7.E-1,8.E-1,9.E-1,1.E0),
.UNSPECIFIED.);
#3653=CIRCLE('',#3652,1.400000000008E0);
#3659=B_SPLINE_CURVE_WITH_KNOTS('',3,(#3654,#3655,#3656,#3657,#3658),
.UNSPECIFIED.,.F.,.F.,(4,1,4),(0.E0,5.E-1,1.E0),.UNSPECIFIED.);
#3672=B_SPLINE_CURVE_WITH_KNOTS('',3,(#3660,#3661,#3662,#3663,#3664,#3665,#3666,
#3667,#3668,#3669,#3670,#3671),.UNSPECIFIED.,.F.,.F.,(4,1,1,1,1,1,1,1,1,4),
(0.E0,1.111111111111E-1,2.222222222222E-1,3.333333333333E-1,4.444444444444E-1,
5.555555555556E-1,6.666666666667E-1,7.777777777778E-1,8.888888888889E-1,1.E0),
.UNSPECIFIED.);
#3677=CIRCLE('',#3676,9.999973459795E-1);
#3682=CIRCLE('',#3681,1.360165174201E0);
#3687=CIRCLE('',#3686,1.360165174201E0);
#3693=B_SPLINE_CURVE_WITH_KNOTS('',3,(#3688,#3689,#3690,#3691,#3692),
.UNSPECIFIED.,.F.,.F.,(4,1,4),(0.E0,5.E-1,1.E0),.UNSPECIFIED.);
#3698=CIRCLE('',#3697,9.999999999519E-1);
#3709=B_SPLINE_CURVE_WITH_KNOTS('',3,(#3699,#3700,#3701,#3702,#3703,#3704,#3705,
#3706,#3707,#3708),.UNSPECIFIED.,.F.,.F.,(4,1,1,1,1,1,1,4),(0.E0,
1.428571428571E-1,2.857142857143E-1,4.285714285714E-1,5.714285714286E-1,
7.142857142857E-1,8.571428571429E-1,1.E0),.UNSPECIFIED.);
#3725=B_SPLINE_CURVE_WITH_KNOTS('',3,(#3710,#3711,#3712,#3713,#3714,#3715,#3716,
#3717,#3718,#3719,#3720,#3721,#3722,#3723,#3724),.UNSPECIFIED.,.F.,.F.,(4,1,1,1,
1,1,1,1,1,1,1,1,4),(0.E0,8.333333333333E-2,1.666666666667E-1,2.5E-1,
3.333333333333E-1,4.166666666667E-1,5.E-1,5.833333333333E-1,6.666666666667E-1,
7.5E-1,8.333333333333E-1,9.166666666667E-1,1.E0),.UNSPECIFIED.);
#3735=B_SPLINE_CURVE_WITH_KNOTS('',3,(#3726,#3727,#3728,#3729,#3730,#3731,#3732,
#3733,#3734),.UNSPECIFIED.,.F.,.F.,(4,1,1,1,1,1,4),(0.E0,1.666666666667E-1,
3.333333333333E-1,5.E-1,6.666666666667E-1,8.333333333333E-1,1.E0),
.UNSPECIFIED.);
#3742=B_SPLINE_CURVE_WITH_KNOTS('',3,(#3736,#3737,#3738,#3739,#3740,#3741),
.UNSPECIFIED.,.F.,.F.,(4,1,1,4),(0.E0,3.333333333333E-1,6.666666666667E-1,1.E0),
.UNSPECIFIED.);
#3747=CIRCLE('',#3746,1.4E0);
#3761=B_SPLINE_CURVE_WITH_KNOTS('',3,(#3752,#3753,#3754,#3755,#3756,#3757,#3758,
#3759,#3760),.UNSPECIFIED.,.F.,.F.,(4,1,1,1,1,1,4),(0.E0,1.666666666667E-1,
3.333333333333E-1,5.E-1,6.666666666667E-1,8.333333333333E-1,1.E0),
.UNSPECIFIED.);
#3771=B_SPLINE_CURVE_WITH_KNOTS('',3,(#3762,#3763,#3764,#3765,#3766,#3767,#3768,
#3769,#3770),.UNSPECIFIED.,.F.,.F.,(4,1,1,1,1,1,4),(0.E0,1.666666666667E-1,
3.333333333333E-1,5.E-1,6.666666666667E-1,8.333333333333E-1,1.E0),
.UNSPECIFIED.);
#3785=B_SPLINE_CURVE_WITH_KNOTS('',3,(#3776,#3777,#3778,#3779,#3780,#3781,#3782,
#3783,#3784),.UNSPECIFIED.,.F.,.F.,(4,1,1,1,1,1,4),(0.E0,1.666666666667E-1,
3.333333333333E-1,5.E-1,6.666666666667E-1,8.333333333333E-1,1.E0),
.UNSPECIFIED.);
#3790=CIRCLE('',#3789,1.E0);
#3800=B_SPLINE_CURVE_WITH_KNOTS('',3,(#3791,#3792,#3793,#3794,#3795,#3796,#3797,
#3798,#3799),.UNSPECIFIED.,.F.,.F.,(4,1,1,1,1,1,4),(0.E0,1.666666666667E-1,
3.333333333333E-1,5.E-1,6.666666666667E-1,8.333333333333E-1,1.E0),
.UNSPECIFIED.);
#3805=CIRCLE('',#3804,1.360165174201E0);
#3810=CIRCLE('',#3809,1.360165174201E0);
#3823=CIRCLE('',#3822,1.360165174201E0);
#3828=CIRCLE('',#3827,1.360165174201E0);
#3843=B_SPLINE_CURVE_WITH_KNOTS('',3,(#3833,#3834,#3835,#3836,#3837,#3838,#3839,
#3840,#3841,#3842),.UNSPECIFIED.,.F.,.F.,(4,1,1,1,1,1,1,4),(0.E0,
1.428571428571E-1,2.857142857143E-1,4.285714285714E-1,5.714285714286E-1,
7.142857142857E-1,8.571428571429E-1,1.E0),.UNSPECIFIED.);
#3852=CIRCLE('',#3851,1.25E0);
#3857=CIRCLE('',#3856,1.E0);
#4719=EDGE_CURVE('',#4535,#4657,#99,.T.);
#4721=EDGE_CURVE('',#4659,#4535,#104,.T.);
#4723=EDGE_CURVE('',#4659,#4649,#108,.T.);
#4725=EDGE_CURVE('',#4531,#4649,#113,.T.);
#4727=EDGE_CURVE('',#4651,#4531,#118,.T.);
#4729=EDGE_CURVE('',#4651,#4641,#122,.T.);
#4731=EDGE_CURVE('',#4527,#4641,#127,.T.);
#4733=EDGE_CURVE('',#4643,#4527,#132,.T.);
#4735=EDGE_CURVE('',#4643,#4633,#136,.T.);
#4737=EDGE_CURVE('',#4523,#4633,#141,.T.);
#4739=EDGE_CURVE('',#4635,#4523,#146,.T.);
#4741=EDGE_CURVE('',#4635,#4625,#150,.T.);
#4743=EDGE_CURVE('',#4519,#4625,#155,.T.);
#4745=EDGE_CURVE('',#4627,#4519,#160,.T.);
#4747=EDGE_CURVE('',#4627,#4617,#164,.T.);
#4749=EDGE_CURVE('',#4515,#4617,#169,.T.);
#4751=EDGE_CURVE('',#4619,#4515,#174,.T.);
#4753=EDGE_CURVE('',#4619,#4609,#178,.T.);
#4755=EDGE_CURVE('',#4511,#4609,#183,.T.);
#4757=EDGE_CURVE('',#4611,#4511,#188,.T.);
#4759=EDGE_CURVE('',#4611,#4601,#192,.T.);
#4761=EDGE_CURVE('',#4507,#4601,#197,.T.);
#4763=EDGE_CURVE('',#4603,#4507,#202,.T.);
#4765=EDGE_CURVE('',#4603,#4593,#206,.T.);
#4767=EDGE_CURVE('',#4503,#4593,#211,.T.);
#4769=EDGE_CURVE('',#4595,#4503,#216,.T.);
#4771=EDGE_CURVE('',#4595,#4585,#220,.T.);
#4773=EDGE_CURVE('',#4499,#4585,#225,.T.);
#4775=EDGE_CURVE('',#4587,#4499,#230,.T.);
#4777=EDGE_CURVE('',#4587,#4577,#234,.T.);
#4779=EDGE_CURVE('',#4495,#4577,#239,.T.);
#4781=EDGE_CURVE('',#4579,#4495,#244,.T.);
#4783=EDGE_CURVE('',#4579,#4569,#248,.T.);
#4785=EDGE_CURVE('',#4491,#4569,#253,.T.);
#4787=EDGE_CURVE('',#4571,#4491,#258,.T.);
#4789=EDGE_CURVE('',#4571,#4561,#262,.T.);
#4791=EDGE_CURVE('',#4487,#4561,#267,.T.);
#4793=EDGE_CURVE('',#4563,#4487,#272,.T.);
#4795=EDGE_CURVE('',#4563,#4553,#276,.T.);
#4797=EDGE_CURVE('',#4483,#4553,#281,.T.);
#4799=EDGE_CURVE('',#4555,#4483,#286,.T.);
#4801=EDGE_CURVE('',#4555,#4545,#290,.T.);
#4803=EDGE_CURVE('',#4479,#4545,#295,.T.);
#4805=EDGE_CURVE('',#4547,#4479,#300,.T.);
#4807=EDGE_CURVE('',#4547,#4537,#304,.T.);
#4809=EDGE_CURVE('',#4475,#4537,#309,.T.);
#4811=EDGE_CURVE('',#4539,#4475,#314,.T.);
#4813=EDGE_CURVE('',#4539,#3981,#318,.T.);
#4815=EDGE_CURVE('',#3980,#3981,#323,.T.);
#4817=EDGE_CURVE('',#3980,#3957,#327,.T.);
#4819=EDGE_CURVE('',#3956,#3957,#332,.T.);
#4821=EDGE_CURVE('',#3956,#4298,#336,.T.);
#4823=EDGE_CURVE('',#4298,#4295,#341,.T.);
#4825=EDGE_CURVE('',#4295,#4296,#346,.T.);
#4827=EDGE_CURVE('',#4296,#4309,#350,.T.);
#4829=EDGE_CURVE('',#4309,#4306,#355,.T.);
#4831=EDGE_CURVE('',#4306,#4307,#360,.T.);
#4833=EDGE_CURVE('',#4307,#4320,#364,.T.);
#4835=EDGE_CURVE('',#4320,#4317,#369,.T.);
#4837=EDGE_CURVE('',#4317,#4318,#374,.T.);
#4839=EDGE_CURVE('',#4318,#4331,#378,.T.);
#4841=EDGE_CURVE('',#4331,#4328,#383,.T.);
#4843=EDGE_CURVE('',#4328,#4329,#388,.T.);
#4845=EDGE_CURVE('',#4329,#4342,#392,.T.);
#4847=EDGE_CURVE('',#4342,#4339,#397,.T.);
#4849=EDGE_CURVE('',#4339,#4340,#402,.T.);
#4851=EDGE_CURVE('',#4340,#4353,#406,.T.);
#4853=EDGE_CURVE('',#4353,#4350,#411,.T.);
#4855=EDGE_CURVE('',#4350,#4351,#416,.T.);
#4857=EDGE_CURVE('',#4351,#4364,#420,.T.);
#4859=EDGE_CURVE('',#4364,#4361,#425,.T.);
#4861=EDGE_CURVE('',#4361,#4362,#430,.T.);
#4863=EDGE_CURVE('',#4362,#4375,#434,.T.);
#4865=EDGE_CURVE('',#4375,#4372,#439,.T.);
#4867=EDGE_CURVE('',#4372,#4373,#444,.T.);
#4869=EDGE_CURVE('',#4373,#4386,#448,.T.);
#4871=EDGE_CURVE('',#4386,#4383,#453,.T.);
#4873=EDGE_CURVE('',#4383,#4384,#458,.T.);
#4875=EDGE_CURVE('',#4384,#4397,#462,.T.);
#4877=EDGE_CURVE('',#4397,#4394,#467,.T.);
#4879=EDGE_CURVE('',#4394,#4395,#472,.T.);
#4881=EDGE_CURVE('',#4395,#4408,#476,.T.);
#4883=EDGE_CURVE('',#4408,#4405,#481,.T.);
#4885=EDGE_CURVE('',#4405,#4406,#486,.T.);
#4887=EDGE_CURVE('',#4406,#4419,#490,.T.);
#4889=EDGE_CURVE('',#4419,#4416,#495,.T.);
#4891=EDGE_CURVE('',#4416,#4417,#500,.T.);
#4893=EDGE_CURVE('',#4417,#4430,#504,.T.);
#4895=EDGE_CURVE('',#4430,#4427,#509,.T.);
#4897=EDGE_CURVE('',#4427,#4428,#514,.T.);
#4899=EDGE_CURVE('',#4428,#4441,#518,.T.);
#4901=EDGE_CURVE('',#4441,#4438,#523,.T.);
#4903=EDGE_CURVE('',#4438,#4439,#528,.T.);
#4905=EDGE_CURVE('',#4439,#4453,#532,.T.);
#4907=EDGE_CURVE('',#4453,#4450,#537,.T.);
#4909=EDGE_CURVE('',#4450,#4451,#542,.T.);
#4911=EDGE_CURVE('',#4451,#4465,#546,.T.);
#4913=EDGE_CURVE('',#4465,#4462,#551,.T.);
#4915=EDGE_CURVE('',#4462,#4463,#556,.T.);
#4917=EDGE_CURVE('',#4463,#3965,#560,.T.);
#4919=EDGE_CURVE('',#3964,#3965,#565,.T.);
#4921=EDGE_CURVE('',#3964,#3973,#569,.T.);
#4923=EDGE_CURVE('',#3972,#3973,#574,.T.);
#4925=EDGE_CURVE('',#3972,#4657,#578,.T.);
#4929=EDGE_CURVE('',#4029,#4033,#15,.T.);
#4931=EDGE_CURVE('',#4033,#4029,#20,.T.);
#4935=EDGE_CURVE('',#4037,#4041,#25,.T.);
#4937=EDGE_CURVE('',#4041,#4037,#30,.T.);
#4941=EDGE_CURVE('',#4045,#4049,#35,.T.);
#4943=EDGE_CURVE('',#4049,#4045,#40,.T.);
#4947=EDGE_CURVE('',#4284,#4285,#45,.T.);
#4949=EDGE_CURVE('',#4284,#4261,#50,.T.);
#4951=EDGE_CURVE('',#4261,#4258,#54,.T.);
#4953=EDGE_CURVE('',#4265,#4258,#1864,.T.);
#4955=EDGE_CURVE('',#4264,#4265,#62,.T.);
#4957=EDGE_CURVE('',#4264,#4075,#66,.T.);
#4959=EDGE_CURVE('',#4071,#4075,#2055,.T.);
#4961=EDGE_CURVE('',#4068,#4071,#70,.T.);
#4963=EDGE_CURVE('',#4068,#4069,#74,.T.);
#4965=EDGE_CURVE('',#4069,#4061,#78,.T.);
#4967=EDGE_CURVE('',#4061,#4056,#82,.T.);
#4969=EDGE_CURVE('',#4056,#4057,#86,.T.);
#4971=EDGE_CURVE('',#4243,#4057,#2031,.T.);
#4973=EDGE_CURVE('',#4243,#4253,#90,.T.);
#4975=EDGE_CURVE('',#4251,#4253,#2019,.T.);
#4977=EDGE_CURVE('',#4251,#4255,#94,.T.);
#4979=EDGE_CURVE('',#4285,#4255,#2089,.T.);
#4983=EDGE_CURVE('',#4020,#4021,#5,.T.);
#4985=EDGE_CURVE('',#4021,#4020,#10,.T.);
#4996=EDGE_CURVE('',#4025,#4021,#586,.T.);
#4998=EDGE_CURVE('',#4024,#4025,#617,.T.);
#5000=EDGE_CURVE('',#4024,#4020,#582,.T.);
#5012=EDGE_CURVE('',#4025,#4024,#622,.T.);
#5023=EDGE_CURVE('',#3987,#3940,#590,.T.);
#5025=EDGE_CURVE('',#4003,#3987,#3852,.T.);
#5027=EDGE_CURVE('',#4003,#3985,#594,.T.);
#5029=EDGE_CURVE('',#3983,#3985,#599,.T.);
#5031=EDGE_CURVE('',#3983,#4005,#603,.T.);
#5033=EDGE_CURVE('',#3989,#4005,#835,.T.);
#5035=EDGE_CURVE('',#3941,#3989,#607,.T.);
#5037=EDGE_CURVE('',#3940,#3941,#612,.T.);
#5051=EDGE_CURVE('',#4173,#4169,#626,.T.);
#5053=EDGE_CURVE('',#4169,#3987,#630,.T.);
#5056=EDGE_CURVE('',#4173,#3940,#798,.T.);
#5066=EDGE_CURVE('',#4171,#4168,#655,.T.);
#5068=EDGE_CURVE('',#4168,#4169,#3857,.T.);
#5071=EDGE_CURVE('',#4171,#4173,#635,.T.);
#5081=EDGE_CURVE('',#4165,#4161,#640,.T.);
#5083=EDGE_CURVE('',#4168,#4165,#651,.T.);
#5086=EDGE_CURVE('',#4174,#4171,#662,.T.);
#5088=EDGE_CURVE('',#4174,#4201,#777,.T.);
#5090=EDGE_CURVE('',#4204,#4201,#670,.T.);
#5092=EDGE_CURVE('',#4207,#4204,#674,.T.);
#5094=EDGE_CURVE('',#4210,#4207,#684,.T.);
#5096=EDGE_CURVE('',#4213,#4210,#689,.T.);
#5098=EDGE_CURVE('',#4161,#4213,#707,.T.);
#5109=EDGE_CURVE('',#4161,#4163,#699,.T.);
#5111=EDGE_CURVE('',#4167,#4163,#3217,.T.);
#5113=EDGE_CURVE('',#4165,#4167,#694,.T.);
#5123=EDGE_CURVE('',#4161,#4157,#703,.T.);
#5125=EDGE_CURVE('',#4157,#4159,#3353,.T.);
#5127=EDGE_CURVE('',#4163,#4159,#3221,.T.);
#5140=EDGE_CURVE('',#4217,#4213,#711,.T.);
#5142=EDGE_CURVE('',#4157,#4217,#3362,.T.);
#5153=EDGE_CURVE('',#4213,#4215,#721,.T.);
#5155=EDGE_CURVE('',#4219,#4215,#1703,.T.);
#5157=EDGE_CURVE('',#4217,#4219,#716,.T.);
#5168=EDGE_CURVE('',#4210,#4211,#726,.T.);
#5170=EDGE_CURVE('',#4215,#4211,#1708,.T.);
#5222=EDGE_CURVE('',#4207,#4209,#731,.T.);
#5224=EDGE_CURVE('',#4211,#4209,#1643,.T.);
#5236=EDGE_CURVE('',#4204,#4205,#736,.T.);
#5238=EDGE_CURVE('',#4209,#4205,#1629,.T.);
#5282=EDGE_CURVE('',#4201,#4203,#741,.T.);
#5284=EDGE_CURVE('',#4205,#4203,#1625,.T.);
#5295=EDGE_CURVE('',#4201,#4197,#773,.T.);
#5297=EDGE_CURVE('',#4197,#4199,#1608,.T.);
#5299=EDGE_CURVE('',#4203,#4199,#1613,.T.);
#5310=EDGE_CURVE('',#4177,#4174,#746,.T.);
#5312=EDGE_CURVE('',#4181,#4177,#750,.T.);
#5314=EDGE_CURVE('',#4185,#4181,#755,.T.);
#5316=EDGE_CURVE('',#4189,#4185,#759,.T.);
#5318=EDGE_CURVE('',#4191,#4189,#764,.T.);
#5320=EDGE_CURVE('',#4197,#4191,#768,.T.);
#5333=EDGE_CURVE('',#4174,#4175,#787,.T.);
#5335=EDGE_CURVE('',#4179,#4175,#803,.T.);
#5337=EDGE_CURVE('',#4177,#4179,#782,.T.);
#5377=EDGE_CURVE('',#4175,#4173,#794,.T.);
#5391=EDGE_CURVE('',#4179,#3941,#811,.T.);
#5402=EDGE_CURVE('',#4183,#4179,#807,.T.);
#5406=EDGE_CURVE('',#3989,#4183,#815,.T.);
#5419=EDGE_CURVE('',#4181,#4183,#820,.T.);
#5443=EDGE_CURVE('',#4187,#4183,#830,.T.);
#5445=EDGE_CURVE('',#4185,#4187,#825,.T.);
#5458=EDGE_CURVE('',#4005,#4187,#847,.T.);
#5468=EDGE_CURVE('',#4543,#4539,#839,.T.);
#5470=EDGE_CURVE('',#4543,#4187,#843,.T.);
#5474=EDGE_CURVE('',#3983,#3981,#851,.T.);
#5485=EDGE_CURVE('',#4551,#4547,#855,.T.);
#5487=EDGE_CURVE('',#4551,#4541,#859,.T.);
#5489=EDGE_CURVE('',#4541,#4537,#863,.T.);
#5500=EDGE_CURVE('',#4559,#4555,#867,.T.);
#5502=EDGE_CURVE('',#4559,#4549,#871,.T.);
#5504=EDGE_CURVE('',#4549,#4545,#875,.T.);
#5515=EDGE_CURVE('',#4567,#4563,#879,.T.);
#5517=EDGE_CURVE('',#4567,#4557,#883,.T.);
#5519=EDGE_CURVE('',#4557,#4553,#887,.T.);
#5530=EDGE_CURVE('',#4575,#4571,#891,.T.);
#5532=EDGE_CURVE('',#4575,#4565,#895,.T.);
#5534=EDGE_CURVE('',#4565,#4561,#899,.T.);
#5545=EDGE_CURVE('',#4583,#4579,#903,.T.);
#5547=EDGE_CURVE('',#4583,#4573,#907,.T.);
#5549=EDGE_CURVE('',#4573,#4569,#911,.T.);
#5560=EDGE_CURVE('',#4591,#4587,#915,.T.);
#5562=EDGE_CURVE('',#4591,#4581,#919,.T.);
#5564=EDGE_CURVE('',#4581,#4577,#923,.T.);
#5575=EDGE_CURVE('',#4599,#4595,#927,.T.);
#5577=EDGE_CURVE('',#4599,#4589,#931,.T.);
#5579=EDGE_CURVE('',#4589,#4585,#935,.T.);
#5590=EDGE_CURVE('',#4607,#4603,#939,.T.);
#5592=EDGE_CURVE('',#4607,#4597,#943,.T.);
#5594=EDGE_CURVE('',#4597,#4593,#947,.T.);
#5605=EDGE_CURVE('',#4615,#4611,#951,.T.);
#5607=EDGE_CURVE('',#4615,#4605,#955,.T.);
#5609=EDGE_CURVE('',#4605,#4601,#959,.T.);
#5620=EDGE_CURVE('',#4623,#4619,#963,.T.);
#5622=EDGE_CURVE('',#4623,#4613,#967,.T.);
#5624=EDGE_CURVE('',#4613,#4609,#971,.T.);
#5635=EDGE_CURVE('',#4631,#4627,#975,.T.);
#5637=EDGE_CURVE('',#4631,#4621,#979,.T.);
#5639=EDGE_CURVE('',#4621,#4617,#983,.T.);
#5650=EDGE_CURVE('',#4639,#4635,#987,.T.);
#5652=EDGE_CURVE('',#4639,#4629,#991,.T.);
#5654=EDGE_CURVE('',#4629,#4625,#995,.T.);
#5665=EDGE_CURVE('',#4647,#4643,#999,.T.);
#5667=EDGE_CURVE('',#4647,#4637,#1003,.T.);
#5669=EDGE_CURVE('',#4637,#4633,#1007,.T.);
#5680=EDGE_CURVE('',#4655,#4651,#1011,.T.);
#5682=EDGE_CURVE('',#4655,#4645,#1015,.T.);
#5684=EDGE_CURVE('',#4645,#4641,#1019,.T.);
#5695=EDGE_CURVE('',#4661,#4657,#1023,.T.);
#5698=EDGE_CURVE('',#3977,#3972,#1027,.T.);
#5700=EDGE_CURVE('',#4007,#3977,#1563,.T.);
#5702=EDGE_CURVE('',#4195,#4007,#1031,.T.);
#5704=EDGE_CURVE('',#4195,#4661,#1035,.T.);
#5714=EDGE_CURVE('',#4663,#4659,#1039,.T.);
#5716=EDGE_CURVE('',#4663,#4653,#1043,.T.);
#5718=EDGE_CURVE('',#4653,#4649,#1047,.T.);
#5729=EDGE_CURVE('',#4474,#4475,#1051,.T.);
#5731=EDGE_CURVE('',#4474,#4543,#1086,.T.);
#5746=EDGE_CURVE('',#4541,#4474,#1101,.T.);
#5756=EDGE_CURVE('',#4661,#4534,#1066,.T.);
#5759=EDGE_CURVE('',#4189,#4195,#1071,.T.);
#5767=EDGE_CURVE('',#4478,#4551,#1116,.T.);
#5769=EDGE_CURVE('',#4549,#4478,#1131,.T.);
#5772=EDGE_CURVE('',#4482,#4559,#1146,.T.);
#5774=EDGE_CURVE('',#4557,#4482,#1161,.T.);
#5777=EDGE_CURVE('',#4486,#4567,#1176,.T.);
#5779=EDGE_CURVE('',#4565,#4486,#1191,.T.);
#5782=EDGE_CURVE('',#4490,#4575,#1206,.T.);
#5784=EDGE_CURVE('',#4573,#4490,#1221,.T.);
#5787=EDGE_CURVE('',#4494,#4583,#1236,.T.);
#5789=EDGE_CURVE('',#4581,#4494,#1251,.T.);
#5792=EDGE_CURVE('',#4498,#4591,#1266,.T.);
#5794=EDGE_CURVE('',#4589,#4498,#1281,.T.);
#5797=EDGE_CURVE('',#4502,#4599,#1296,.T.);
#5799=EDGE_CURVE('',#4597,#4502,#1311,.T.);
#5802=EDGE_CURVE('',#4506,#4607,#1326,.T.);
#5804=EDGE_CURVE('',#4605,#4506,#1341,.T.);
#5807=EDGE_CURVE('',#4510,#4615,#1356,.T.);
#5809=EDGE_CURVE('',#4613,#4510,#1371,.T.);
#5812=EDGE_CURVE('',#4514,#4623,#1386,.T.);
#5814=EDGE_CURVE('',#4621,#4514,#1401,.T.);
#5817=EDGE_CURVE('',#4518,#4631,#1416,.T.);
#5819=EDGE_CURVE('',#4629,#4518,#1431,.T.);
#5822=EDGE_CURVE('',#4522,#4639,#1446,.T.);
#5824=EDGE_CURVE('',#4637,#4522,#1461,.T.);
#5827=EDGE_CURVE('',#4526,#4647,#1476,.T.);
#5829=EDGE_CURVE('',#4645,#4526,#1491,.T.);
#5832=EDGE_CURVE('',#4530,#4655,#1506,.T.);
#5834=EDGE_CURVE('',#4653,#4530,#1521,.T.);
#5837=EDGE_CURVE('',#4534,#4663,#1536,.T.);
#5847=EDGE_CURVE('',#4534,#4535,#1540,.T.);
#5886=EDGE_CURVE('',#4194,#4195,#1550,.T.);
#5888=EDGE_CURVE('',#4191,#4194,#1545,.T.);
#5900=EDGE_CURVE('',#4007,#3993,#1555,.T.);
#5902=EDGE_CURVE('',#4194,#3993,#1599,.T.);
#5912=EDGE_CURVE('',#3945,#3993,#1559,.T.);
#5916=EDGE_CURVE('',#3975,#3977,#1568,.T.);
#5918=EDGE_CURVE('',#3975,#4009,#1572,.T.);
#5920=EDGE_CURVE('',#3991,#4009,#1648,.T.);
#5922=EDGE_CURVE('',#3991,#3944,#1576,.T.);
#5924=EDGE_CURVE('',#3944,#3945,#1581,.T.);
#5928=EDGE_CURVE('',#4028,#4032,#1586,.T.);
#5930=EDGE_CURVE('',#4032,#4028,#1591,.T.);
#5940=EDGE_CURVE('',#4199,#4194,#1595,.T.);
#5944=EDGE_CURVE('',#4199,#3945,#1603,.T.);
#5969=EDGE_CURVE('',#4205,#3944,#1617,.T.);
#5983=EDGE_CURVE('',#3991,#4209,#1633,.T.);
#5996=EDGE_CURVE('',#4211,#4009,#1712,.T.);
#6006=EDGE_CURVE('',#4696,#4692,#1672,.T.);
#6008=EDGE_CURVE('',#4692,#4693,#1680,.T.);
#6010=EDGE_CURVE('',#4693,#4231,#1684,.T.);
#6012=EDGE_CURVE('',#4231,#4227,#1689,.T.);
#6014=EDGE_CURVE('',#4227,#4223,#1694,.T.);
#6016=EDGE_CURVE('',#4223,#4219,#1699,.T.);
#6022=EDGE_CURVE('',#3975,#3973,#1716,.T.);
#6025=EDGE_CURVE('',#3969,#3964,#1720,.T.);
#6027=EDGE_CURVE('',#4011,#3969,#2194,.T.);
#6029=EDGE_CURVE('',#4696,#4011,#1724,.T.);
#6033=EDGE_CURVE('',#4084,#4085,#1653,.T.);
#6035=EDGE_CURVE('',#4085,#4084,#1658,.T.);
#6046=EDGE_CURVE('',#4084,#4080,#1728,.T.);
#6048=EDGE_CURVE('',#4080,#4081,#1737,.T.);
#6050=EDGE_CURVE('',#4085,#4081,#1732,.T.);
#6062=EDGE_CURVE('',#4081,#4080,#1742,.T.);
#6077=EDGE_CURVE('',#4114,#4115,#1747,.T.);
#6079=EDGE_CURVE('',#4115,#4114,#1752,.T.);
#6089=EDGE_CURVE('',#4118,#4119,#1757,.T.);
#6091=EDGE_CURVE('',#4115,#4119,#1778,.T.);
#6094=EDGE_CURVE('',#4114,#4118,#1761,.T.);
#6104=EDGE_CURVE('',#4286,#4245,#1790,.T.);
#6106=EDGE_CURVE('',#4292,#4286,#1824,.T.);
#6108=EDGE_CURVE('',#4292,#4291,#2099,.T.);
#6110=EDGE_CURVE('',#4255,#4291,#1765,.T.);
#6113=EDGE_CURVE('',#4251,#4249,#1769,.T.);
#6115=EDGE_CURVE('',#4249,#4245,#2014,.T.);
#6120=EDGE_CURVE('',#4119,#4118,#1774,.T.);
#6142=EDGE_CURVE('',#4286,#4287,#1785,.T.);
#6145=EDGE_CURVE('',#4121,#4245,#2010,.T.);
#6147=EDGE_CURVE('',#4281,#4121,#1973,.T.);
#6149=EDGE_CURVE('',#4281,#4277,#1794,.T.);
#6151=EDGE_CURVE('',#4259,#4277,#1799,.T.);
#6153=EDGE_CURVE('',#4259,#4290,#1803,.T.);
#6155=EDGE_CURVE('',#4287,#4290,#1813,.T.);
#6194=EDGE_CURVE('',#4287,#4289,#1829,.T.);
#6196=EDGE_CURVE('',#4288,#4289,#2071,.T.);
#6198=EDGE_CURVE('',#4288,#4292,#1818,.T.);
#6249=EDGE_CURVE('',#4289,#4290,#1839,.T.);
#6262=EDGE_CURVE('',#4261,#4290,#1847,.T.);
#6265=EDGE_CURVE('',#4289,#4284,#1843,.T.);
#6277=EDGE_CURVE('',#4258,#4259,#1851,.T.);
#6288=EDGE_CURVE('',#4266,#4265,#1859,.T.);
#6292=EDGE_CURVE('',#4263,#4259,#1958,.T.);
#6294=EDGE_CURVE('',#4266,#4263,#1932,.T.);
#6330=EDGE_CURVE('',#4267,#4266,#1869,.T.);
#6332=EDGE_CURVE('',#4267,#4264,#1881,.T.);
#6342=EDGE_CURVE('',#4269,#4267,#1885,.T.);
#6345=EDGE_CURVE('',#4271,#4266,#1928,.T.);
#6347=EDGE_CURVE('',#4269,#4271,#1874,.T.);
#6359=EDGE_CURVE('',#4269,#4074,#1889,.T.);
#6361=EDGE_CURVE('',#4074,#4075,#2059,.T.);
#6372=EDGE_CURVE('',#4273,#4269,#1894,.T.);
#6374=EDGE_CURVE('',#4276,#4273,#1905,.T.);
#6376=EDGE_CURVE('',#4279,#4276,#1909,.T.);
#6378=EDGE_CURVE('',#4279,#4065,#1914,.T.);
#6380=EDGE_CURVE('',#4064,#4065,#2051,.T.);
#6382=EDGE_CURVE('',#4064,#4074,#1919,.T.);
#6395=EDGE_CURVE('',#4275,#4271,#1942,.T.);
#6397=EDGE_CURVE('',#4273,#4275,#1924,.T.);
#6409=EDGE_CURVE('',#4263,#4275,#1937,.T.);
#6420=EDGE_CURVE('',#4277,#4275,#1953,.T.);
#6480=EDGE_CURVE('',#4276,#4277,#1963,.T.);
#6493=EDGE_CURVE('',#4281,#4279,#1968,.T.);
#6506=EDGE_CURVE('',#4121,#4077,#1977,.T.);
#6508=EDGE_CURVE('',#4077,#4069,#2047,.T.);
#6511=EDGE_CURVE('',#4065,#4068,#1981,.T.);
#6521=EDGE_CURVE('',#4248,#4249,#1986,.T.);
#6523=EDGE_CURVE('',#4242,#4248,#1990,.T.);
#6525=EDGE_CURVE('',#4053,#4242,#1994,.T.);
#6527=EDGE_CURVE('',#4052,#4053,#1998,.T.);
#6529=EDGE_CURVE('',#4060,#4052,#2002,.T.);
#6531=EDGE_CURVE('',#4077,#4060,#2006,.T.);
#6547=EDGE_CURVE('',#4253,#4248,#2023,.T.);
#6559=EDGE_CURVE('',#4242,#4243,#2027,.T.);
#6572=EDGE_CURVE('',#4057,#4053,#2035,.T.);
#6584=EDGE_CURVE('',#4056,#4052,#2039,.T.);
#6596=EDGE_CURVE('',#4060,#4061,#2043,.T.);
#6622=EDGE_CURVE('',#4064,#4071,#2063,.T.);
#6649=EDGE_CURVE('',#4288,#4285,#2084,.T.);
#6659=EDGE_CURVE('',#4291,#4288,#2080,.T.);
#6771=EDGE_CURVE('',#4696,#4698,#2133,.T.);
#6773=EDGE_CURVE('',#4698,#4692,#3518,.T.);
#6920=EDGE_CURVE('',#4696,#4697,#2167,.T.);
#6922=EDGE_CURVE('',#4698,#4697,#3523,.T.);
#6935=EDGE_CURVE('',#4011,#3999,#2172,.T.);
#6937=EDGE_CURVE('',#4702,#3999,#2230,.T.);
#6939=EDGE_CURVE('',#4700,#4702,#2179,.T.);
#6941=EDGE_CURVE('',#4697,#4700,#2186,.T.);
#6951=EDGE_CURVE('',#3999,#3952,#2190,.T.);
#6955=EDGE_CURVE('',#3967,#3969,#2199,.T.);
#6957=EDGE_CURVE('',#3967,#4013,#2203,.T.);
#6959=EDGE_CURVE('',#4001,#4013,#2412,.T.);
#6961=EDGE_CURVE('',#3953,#4001,#2207,.T.);
#6963=EDGE_CURVE('',#3952,#3953,#2212,.T.);
#6967=EDGE_CURVE('',#4044,#4048,#2217,.T.);
#6969=EDGE_CURVE('',#4048,#4044,#2222,.T.);
#6979=EDGE_CURVE('',#4702,#4706,#2226,.T.);
#6983=EDGE_CURVE('',#4706,#3952,#2340,.T.);
#6993=EDGE_CURVE('',#4701,#4704,#2239,.T.);
#6995=EDGE_CURVE('',#4701,#4702,#2235,.T.);
#6998=EDGE_CURVE('',#4704,#4706,#2289,.T.);
#7009=EDGE_CURVE('',#4704,#4691,#2284,.T.);
#7011=EDGE_CURVE('',#4690,#4691,#3483,.T.);
#7013=EDGE_CURVE('',#4701,#4690,#2244,.T.);
#7059=EDGE_CURVE('',#4704,#4707,#2279,.T.);
#7061=EDGE_CURVE('',#4691,#4707,#3491,.T.);
#7214=EDGE_CURVE('',#4706,#4708,#2336,.T.);
#7216=EDGE_CURVE('',#4707,#4708,#3496,.T.);
#7226=EDGE_CURVE('',#4237,#4687,#2297,.T.);
#7228=EDGE_CURVE('',#4708,#4687,#2301,.T.);
#7233=EDGE_CURVE('',#4237,#3953,#2435,.T.);
#7288=EDGE_CURVE('',#4668,#4237,#2345,.T.);
#7290=EDGE_CURVE('',#4668,#4713,#2378,.T.);
#7292=EDGE_CURVE('',#4712,#4713,#2352,.T.);
#7294=EDGE_CURVE('',#4687,#4712,#2361,.T.);
#7304=EDGE_CURVE('',#4667,#4668,#2383,.T.);
#7307=EDGE_CURVE('',#4233,#4237,#2431,.T.);
#7309=EDGE_CURVE('',#4667,#4233,#2366,.T.);
#7321=EDGE_CURVE('',#4669,#4667,#2393,.T.);
#7323=EDGE_CURVE('',#4671,#4669,#2397,.T.);
#7325=EDGE_CURVE('',#4101,#4671,#2402,.T.);
#7327=EDGE_CURVE('',#4101,#4713,#3428,.T.);
#7379=EDGE_CURVE('',#4235,#4233,#2422,.T.);
#7381=EDGE_CURVE('',#4669,#4235,#2407,.T.);
#7391=EDGE_CURVE('',#4001,#4233,#2426,.T.);
#7394=EDGE_CURVE('',#4013,#4235,#2643,.T.);
#7417=EDGE_CURVE('',#4298,#4302,#2439,.T.);
#7420=EDGE_CURVE('',#3961,#3956,#2443,.T.);
#7422=EDGE_CURVE('',#4015,#3961,#3171,.T.);
#7424=EDGE_CURVE('',#4131,#4015,#2447,.T.);
#7426=EDGE_CURVE('',#4131,#4302,#2451,.T.);
#7436=EDGE_CURVE('',#4309,#4313,#2455,.T.);
#7439=EDGE_CURVE('',#4296,#4300,#2459,.T.);
#7441=EDGE_CURVE('',#4300,#4313,#2463,.T.);
#7451=EDGE_CURVE('',#4320,#4324,#2467,.T.);
#7454=EDGE_CURVE('',#4307,#4311,#2471,.T.);
#7456=EDGE_CURVE('',#4311,#4324,#2475,.T.);
#7466=EDGE_CURVE('',#4331,#4335,#2479,.T.);
#7469=EDGE_CURVE('',#4318,#4322,#2483,.T.);
#7471=EDGE_CURVE('',#4322,#4335,#2487,.T.);
#7481=EDGE_CURVE('',#4342,#4346,#2491,.T.);
#7484=EDGE_CURVE('',#4329,#4333,#2495,.T.);
#7486=EDGE_CURVE('',#4333,#4346,#2499,.T.);
#7496=EDGE_CURVE('',#4353,#4357,#2503,.T.);
#7499=EDGE_CURVE('',#4340,#4344,#2507,.T.);
#7501=EDGE_CURVE('',#4344,#4357,#2511,.T.);
#7511=EDGE_CURVE('',#4364,#4368,#2515,.T.);
#7514=EDGE_CURVE('',#4351,#4355,#2519,.T.);
#7516=EDGE_CURVE('',#4355,#4368,#2523,.T.);
#7526=EDGE_CURVE('',#4375,#4379,#2527,.T.);
#7529=EDGE_CURVE('',#4362,#4366,#2531,.T.);
#7531=EDGE_CURVE('',#4366,#4379,#2535,.T.);
#7541=EDGE_CURVE('',#4386,#4390,#2539,.T.);
#7544=EDGE_CURVE('',#4373,#4377,#2543,.T.);
#7546=EDGE_CURVE('',#4377,#4390,#2547,.T.);
#7556=EDGE_CURVE('',#4397,#4401,#2551,.T.);
#7559=EDGE_CURVE('',#4384,#4388,#2555,.T.);
#7561=EDGE_CURVE('',#4388,#4401,#2559,.T.);
#7571=EDGE_CURVE('',#4408,#4412,#2563,.T.);
#7574=EDGE_CURVE('',#4395,#4399,#2567,.T.);
#7576=EDGE_CURVE('',#4399,#4412,#2571,.T.);
#7586=EDGE_CURVE('',#4419,#4423,#2575,.T.);
#7589=EDGE_CURVE('',#4406,#4410,#2579,.T.);
#7591=EDGE_CURVE('',#4410,#4423,#2583,.T.);
#7601=EDGE_CURVE('',#4430,#4434,#2587,.T.);
#7604=EDGE_CURVE('',#4417,#4421,#2591,.T.);
#7606=EDGE_CURVE('',#4421,#4434,#2595,.T.);
#7616=EDGE_CURVE('',#4441,#4445,#2599,.T.);
#7619=EDGE_CURVE('',#4428,#4432,#2603,.T.);
#7621=EDGE_CURVE('',#4432,#4239,#2607,.T.);
#7623=EDGE_CURVE('',#4239,#4445,#2613,.T.);
#7633=EDGE_CURVE('',#4453,#4457,#2617,.T.);
#7636=EDGE_CURVE('',#4439,#4443,#2621,.T.);
#7638=EDGE_CURVE('',#4443,#4675,#2627,.T.);
#7640=EDGE_CURVE('',#4675,#4457,#2631,.T.);
#7650=EDGE_CURVE('',#4463,#4467,#2635,.T.);
#7652=EDGE_CURVE('',#4467,#4235,#2639,.T.);
#7656=EDGE_CURVE('',#3967,#3965,#2647,.T.);
#7667=EDGE_CURVE('',#4465,#4469,#2651,.T.);
#7670=EDGE_CURVE('',#4451,#4455,#2655,.T.);
#7672=EDGE_CURVE('',#4455,#4469,#2659,.T.);
#7684=EDGE_CURVE('',#4302,#4303,#3040,.T.);
#7686=EDGE_CURVE('',#4303,#4295,#2663,.T.);
#7696=EDGE_CURVE('',#4435,#4432,#2677,.T.);
#7698=EDGE_CURVE('',#4434,#4435,#2692,.T.);
#7701=EDGE_CURVE('',#4424,#4421,#2706,.T.);
#7703=EDGE_CURVE('',#4423,#4424,#2721,.T.);
#7706=EDGE_CURVE('',#4413,#4410,#2735,.T.);
#7708=EDGE_CURVE('',#4412,#4413,#2750,.T.);
#7711=EDGE_CURVE('',#4402,#4399,#2764,.T.);
#7713=EDGE_CURVE('',#4401,#4402,#2779,.T.);
#7716=EDGE_CURVE('',#4391,#4388,#2793,.T.);
#7718=EDGE_CURVE('',#4390,#4391,#2808,.T.);
#7721=EDGE_CURVE('',#4380,#4377,#2822,.T.);
#7723=EDGE_CURVE('',#4379,#4380,#2837,.T.);
#7726=EDGE_CURVE('',#4369,#4366,#2851,.T.);
#7728=EDGE_CURVE('',#4368,#4369,#2866,.T.);
#7731=EDGE_CURVE('',#4358,#4355,#2880,.T.);
#7733=EDGE_CURVE('',#4357,#4358,#2895,.T.);
#7736=EDGE_CURVE('',#4347,#4344,#2909,.T.);
#7738=EDGE_CURVE('',#4346,#4347,#2924,.T.);
#7741=EDGE_CURVE('',#4336,#4333,#2938,.T.);
#7743=EDGE_CURVE('',#4335,#4336,#2953,.T.);
#7746=EDGE_CURVE('',#4325,#4322,#2967,.T.);
#7748=EDGE_CURVE('',#4324,#4325,#2982,.T.);
#7751=EDGE_CURVE('',#4314,#4311,#2996,.T.);
#7753=EDGE_CURVE('',#4313,#4314,#3011,.T.);
#7756=EDGE_CURVE('',#4303,#4300,#3025,.T.);
#7760=EDGE_CURVE('',#4124,#4131,#3045,.T.);
#7762=EDGE_CURVE('',#4124,#4125,#3102,.T.);
#7764=EDGE_CURVE('',#4125,#4239,#3677,.T.);
#7776=EDGE_CURVE('',#4435,#4427,#3049,.T.);
#7801=EDGE_CURVE('',#4424,#4416,#3053,.T.);
#7826=EDGE_CURVE('',#4413,#4405,#3057,.T.);
#7851=EDGE_CURVE('',#4402,#4394,#3061,.T.);
#7876=EDGE_CURVE('',#4391,#4383,#3065,.T.);
#7901=EDGE_CURVE('',#4380,#4372,#3069,.T.);
#7926=EDGE_CURVE('',#4369,#4361,#3073,.T.);
#7951=EDGE_CURVE('',#4358,#4350,#3077,.T.);
#7976=EDGE_CURVE('',#4347,#4339,#3081,.T.);
#8001=EDGE_CURVE('',#4336,#4328,#3085,.T.);
#8026=EDGE_CURVE('',#4325,#4317,#3089,.T.);
#8051=EDGE_CURVE('',#4314,#4306,#3093,.T.);
#8099=EDGE_CURVE('',#4127,#4124,#3107,.T.);
#8102=EDGE_CURVE('',#4130,#4131,#3158,.T.);
#8104=EDGE_CURVE('',#4127,#4130,#3098,.T.);
#8116=EDGE_CURVE('',#4133,#4127,#3111,.T.);
#8118=EDGE_CURVE('',#4137,#4133,#3116,.T.);
#8120=EDGE_CURVE('',#4108,#4137,#3120,.T.);
#8122=EDGE_CURVE('',#4108,#4109,#3124,.T.);
#8124=EDGE_CURVE('',#4125,#4109,#3136,.T.);
#8136=EDGE_CURVE('',#4135,#4130,#3145,.T.);
#8138=EDGE_CURVE('',#4133,#4135,#3141,.T.);
#8149=EDGE_CURVE('',#4130,#3997,#3149,.T.);
#8151=EDGE_CURVE('',#3949,#3997,#3167,.T.);
#8153=EDGE_CURVE('',#4135,#3949,#3153,.T.);
#8165=EDGE_CURVE('',#4015,#3997,#3163,.T.);
#8179=EDGE_CURVE('',#3959,#3961,#3176,.T.);
#8181=EDGE_CURVE('',#3959,#4017,#3180,.T.);
#8183=EDGE_CURVE('',#3995,#4017,#3327,.T.);
#8185=EDGE_CURVE('',#3995,#3948,#3184,.T.);
#8187=EDGE_CURVE('',#3948,#3949,#3189,.T.);
#8191=EDGE_CURVE('',#4036,#4040,#3194,.T.);
#8193=EDGE_CURVE('',#4040,#4036,#3199,.T.);
#8204=EDGE_CURVE('',#3959,#3957,#3208,.T.);
#8216=EDGE_CURVE('',#4151,#4147,#3204,.T.);
#8218=EDGE_CURVE('',#4017,#4147,#3331,.T.);
#8223=EDGE_CURVE('',#3985,#3980,#3212,.T.);
#8226=EDGE_CURVE('',#4167,#4003,#3847,.T.);
#8230=EDGE_CURVE('',#4159,#4155,#3226,.T.);
#8232=EDGE_CURVE('',#4155,#4151,#3230,.T.);
#8242=EDGE_CURVE('',#4149,#4146,#3262,.T.);
#8244=EDGE_CURVE('',#4146,#4147,#3312,.T.);
#8247=EDGE_CURVE('',#4149,#4151,#3235,.T.);
#8257=EDGE_CURVE('',#4140,#4137,#3243,.T.);
#8259=EDGE_CURVE('',#4143,#4140,#3247,.T.);
#8261=EDGE_CURVE('',#4146,#4143,#3257,.T.);
#8264=EDGE_CURVE('',#4088,#4149,#3343,.T.);
#8266=EDGE_CURVE('',#4108,#4088,#3267,.T.);
#8310=EDGE_CURVE('',#4137,#4139,#3277,.T.);
#8312=EDGE_CURVE('',#4141,#4139,#3294,.T.);
#8314=EDGE_CURVE('',#4140,#4141,#3272,.T.);
#8326=EDGE_CURVE('',#4139,#4135,#3282,.T.);
#8340=EDGE_CURVE('',#4141,#3948,#3286,.T.);
#8351=EDGE_CURVE('',#4145,#4141,#3298,.T.);
#8355=EDGE_CURVE('',#3995,#4145,#3302,.T.);
#8368=EDGE_CURVE('',#4143,#4145,#3307,.T.);
#8420=EDGE_CURVE('',#4147,#4145,#3322,.T.);
#8443=EDGE_CURVE('',#4153,#4149,#3335,.T.);
#8445=EDGE_CURVE('',#4153,#4089,#3397,.T.);
#8447=EDGE_CURVE('',#4088,#4089,#3339,.T.);
#8461=EDGE_CURVE('',#4153,#4155,#3348,.T.);
#8471=EDGE_CURVE('',#4157,#4153,#3358,.T.);
#8486=EDGE_CURVE('',#4221,#4217,#3367,.T.);
#8488=EDGE_CURVE('',#4221,#4111,#3371,.T.);
#8490=EDGE_CURVE('',#4111,#4097,#3388,.T.);
#8492=EDGE_CURVE('',#4089,#4097,#3393,.T.);
#8506=EDGE_CURVE('',#4221,#4223,#3402,.T.);
#8516=EDGE_CURVE('',#4225,#4221,#3412,.T.);
#8520=EDGE_CURVE('',#4225,#4227,#3407,.T.);
#8531=EDGE_CURVE('',#4225,#4100,#3437,.T.);
#8533=EDGE_CURVE('',#4100,#4111,#3417,.T.);
#8544=EDGE_CURVE('',#4711,#4713,#3424,.T.);
#8547=EDGE_CURVE('',#4100,#4101,#3433,.T.);
#8550=EDGE_CURVE('',#4229,#4225,#3442,.T.);
#8552=EDGE_CURVE('',#4229,#4711,#3446,.T.);
#8591=EDGE_CURVE('',#4711,#4712,#3451,.T.);
#8638=EDGE_CURVE('',#4710,#4711,#3469,.T.);
#8640=EDGE_CURVE('',#4710,#4687,#3456,.T.);
#8652=EDGE_CURVE('',#4707,#4710,#3460,.T.);
#8656=EDGE_CURVE('',#4695,#4229,#3473,.T.);
#8658=EDGE_CURVE('',#4695,#4690,#3479,.T.);
#8682=EDGE_CURVE('',#4229,#4231,#3506,.T.);
#8685=EDGE_CURVE('',#4695,#4693,#3501,.T.);
#8740=EDGE_CURVE('',#4698,#4699,#3513,.T.);
#8742=EDGE_CURVE('',#4699,#4695,#3543,.T.);
#8786=EDGE_CURVE('',#4699,#4700,#3528,.T.);
#8824=EDGE_CURVE('',#4699,#4701,#3535,.T.);
#8869=EDGE_CURVE('',#4095,#4100,#3566,.T.);
#8872=EDGE_CURVE('',#4101,#4103,#3747,.T.);
#8874=EDGE_CURVE('',#4095,#4103,#3590,.T.);
#8995=EDGE_CURVE('',#4097,#4095,#3571,.T.);
#9005=EDGE_CURVE('',#4093,#4095,#3585,.T.);
#9007=EDGE_CURVE('',#4093,#4089,#3576,.T.);
#9019=EDGE_CURVE('',#4092,#4093,#3580,.T.);
#9023=EDGE_CURVE('',#4103,#4105,#3595,.T.);
#9025=EDGE_CURVE('',#4092,#4105,#3599,.T.);
#9038=EDGE_CURVE('',#4092,#4088,#3609,.T.);
#9086=EDGE_CURVE('',#4108,#4092,#3619,.T.);
#9097=EDGE_CURVE('',#4105,#4109,#3634,.T.);
#9161=EDGE_CURVE('',#4125,#4672,#3629,.T.);
#9165=EDGE_CURVE('',#4664,#4105,#3648,.T.);
#9167=EDGE_CURVE('',#4664,#4672,#3653,.T.);
#9217=EDGE_CURVE('',#4676,#4677,#3659,.T.);
#9219=EDGE_CURVE('',#4445,#4676,#3672,.T.);
#9224=EDGE_CURVE('',#4672,#4677,#3698,.T.);
#9235=EDGE_CURVE('',#4677,#4678,#3693,.T.);
#9237=EDGE_CURVE('',#4678,#4447,#3682,.T.);
#9239=EDGE_CURVE('',#4447,#4676,#3687,.T.);
#9315=EDGE_CURVE('',#4672,#4673,#3725,.T.);
#9317=EDGE_CURVE('',#4673,#4671,#3742,.T.);
#9319=EDGE_CURVE('',#4671,#4675,#3790,.T.);
#9322=EDGE_CURVE('',#4678,#4443,#3709,.T.);
#9370=EDGE_CURVE('',#4673,#4664,#3735,.T.);
#9394=EDGE_CURVE('',#4685,#4686,#3751,.T.);
#9396=EDGE_CURVE('',#4469,#4685,#3761,.T.);
#9399=EDGE_CURVE('',#4682,#4455,#3771,.T.);
#9401=EDGE_CURVE('',#4681,#4682,#3775,.T.);
#9403=EDGE_CURVE('',#4457,#4681,#3785,.T.);
#9410=EDGE_CURVE('',#4686,#4467,#3800,.T.);
#9421=EDGE_CURVE('',#4686,#4471,#3805,.T.);
#9423=EDGE_CURVE('',#4471,#4685,#3810,.T.);
#9434=EDGE_CURVE('',#4471,#4462,#3814,.T.);
#9461=EDGE_CURVE('',#4459,#4450,#3818,.T.);
#9463=EDGE_CURVE('',#4682,#4459,#3823,.T.);
#9478=EDGE_CURVE('',#4459,#4681,#3828,.T.);
#9501=EDGE_CURVE('',#4447,#4438,#3832,.T.);
#9539=EDGE_CURVE('',#4169,#4167,#3843,.T.);
#9608=EDGE_CURVE('',#4036,#4037,#3861,.T.);
#9611=EDGE_CURVE('',#4040,#4041,#3865,.T.);
#9646=EDGE_CURVE('',#4044,#4045,#3869,.T.);
#9649=EDGE_CURVE('',#4048,#4049,#3873,.T.);
#9684=EDGE_CURVE('',#4028,#4029,#3877,.T.);
#9687=EDGE_CURVE('',#4032,#4033,#3881,.T.);
#9710=EDGE_CURVE('',#4478,#4479,#3885,.T.);
#9735=EDGE_CURVE('',#4482,#4483,#3889,.T.);
#9760=EDGE_CURVE('',#4486,#4487,#3893,.T.);
#9785=EDGE_CURVE('',#4490,#4491,#3897,.T.);
#9810=EDGE_CURVE('',#4494,#4495,#3901,.T.);
#9835=EDGE_CURVE('',#4498,#4499,#3905,.T.);
#9860=EDGE_CURVE('',#4502,#4503,#3909,.T.);
#9885=EDGE_CURVE('',#4506,#4507,#3913,.T.);
#9910=EDGE_CURVE('',#4510,#4511,#3917,.T.);
#9935=EDGE_CURVE('',#4514,#4515,#3921,.T.);
#9960=EDGE_CURVE('',#4518,#4519,#3925,.T.);
#9985=EDGE_CURVE('',#4522,#4523,#3929,.T.);
#10010=EDGE_CURVE('',#4526,#4527,#3933,.T.);
#10035=EDGE_CURVE('',#4530,#4531,#3937,.T.);
#10055=CLOSED_SHELL('',(#4989,#5004,#5017,#5045,#5060,#5075,#5102,#5117,#5132,
#5146,#5161,#5175,#5229,#5243,#5289,#5304,#5326,#5341,#5382,#5396,#5410,#5423,
#5449,#5462,#5479,#5494,#5509,#5524,#5539,#5554,#5569,#5584,#5599,#5614,#5629,
#5644,#5659,#5674,#5689,#5708,#5723,#5737,#5750,#5841,#5854,#5866,#5892,#5906,
#5934,#5948,#5960,#5974,#5987,#6000,#6039,#6054,#6067,#6083,#6098,#6124,#6136,
#6159,#6203,#6255,#6269,#6282,#6298,#6336,#6351,#6366,#6387,#6401,#6414,#6427,
#6484,#6497,#6515,#6538,#6551,#6564,#6577,#6590,#6603,#6615,#6628,#6640,#6653,
#6666,#6709,#6778,#6927,#6945,#6973,#6987,#7002,#7017,#7066,#7220,#7237,#7298,
#7313,#7331,#7385,#7399,#7411,#7430,#7445,#7460,#7475,#7490,#7505,#7520,#7535,
#7550,#7565,#7580,#7595,#7610,#7627,#7644,#7661,#7676,#7690,#7769,#7782,#7794,
#7807,#7819,#7832,#7844,#7857,#7869,#7882,#7894,#7907,#7919,#7932,#7944,#7957,
#7969,#7982,#7994,#8007,#8019,#8032,#8044,#8057,#8069,#8081,#8108,#8128,#8142,
#8157,#8170,#8197,#8210,#8236,#8251,#8271,#8318,#8331,#8345,#8359,#8372,#8425,
#8437,#8452,#8465,#8478,#8497,#8510,#8524,#8538,#8556,#8596,#8646,#8664,#8676,
#8690,#8702,#8749,#8790,#8831,#8863,#8878,#8999,#9013,#9029,#9042,#9090,#9103,
#9171,#9228,#9243,#9326,#9374,#9388,#9414,#9427,#9441,#9454,#9469,#9483,#9494,
#9508,#9521,#9533,#9546,#9602,#9616,#9628,#9640,#9654,#9666,#9678,#9692,#9704,
#9717,#9729,#9742,#9754,#9767,#9779,#9792,#9804,#9817,#9829,#9842,#9854,#9867,
#9879,#9892,#9904,#9917,#9929,#9942,#9954,#9967,#9979,#9992,#10004,#10017,
#10029,#10042,#10054));
#10056=MANIFOLD_SOLID_BREP('',#10055);
#10057=(LENGTH_UNIT()NAMED_UNIT(*)SI_UNIT(.MILLI.,.METRE.));
#10059=(NAMED_UNIT(*)PLANE_ANGLE_UNIT()SI_UNIT($,.RADIAN.));
#10062=(NAMED_UNIT(*)SI_UNIT($,.STERADIAN.)SOLID_ANGLE_UNIT());
#10065=ADVANCED_BREP_SHAPE_REPRESENTATION('',(#10056),#10064);
#10072=PRODUCT_DEFINITION('design','',#10071,#10068);
#10073=PRODUCT_DEFINITION_SHAPE('','SHAPE FOR T-BEAM_V7_BACK-18650_SERIAL_CON.',
#10072);
#10074=SHAPE_DEFINITION_REPRESENTATION(#10073,#10065);
ENDSEC;
END-ISO-10303-21;
